{
  "board": "ICSE",
  "grade": 9,
  "subject": "HistoryCivics",
  "book_slug": "TotalHistoryCivics_MorningStar_DollyESequeira",
  "book_meta": {
    "book_name": "Total History & Civics",
    "publication": "Morning Star",
    "author": "Dolly E. Sequeira"
  },
  "chapter_sequence_number": 1,
  "chapter_title": "Our Constitution",
  "discipline": "civics",
  "generated_at": "2026-02-11T09:58:20.057Z",
  "sections": [
    {
      "title": "Our Constitution",
      "level_label": "Section",
      "content_md": "The Constitution of India came into effect on **26th January 1950**, when India became a **Sovereign Democratic Republic**.\n\nThe principles of the Constitution distinguish a constitutional or democratic government from an absolute monarchy or a dictatorship."
    },
    {
      "title": "Definition of Constitution - date of adoption, date of enforcement and its significance.",
      "level_label": "Topic",
      "content_md": "**Definition:** A **Constitution** is a comprehensive document containing the set of rules that describe the rights and duties of its citizens and the manner according to which the governance of a country is to be carried out.\n\n**Significance of the Constitution:**\n*   It regulates the position and powers of the three organs of the government: the **legislative**, the **executive**, and the **judiciary**, and states how they are inter-related.\n*   It moderates relations between the government and the governed.\n*   It protects the interests of the citizens by restraining the government from taking arbitrary decisions.\n*   The aim of a Constitution is to ensure smooth governance for the welfare of its citizens.\n\n**Key Dates:**\n*   **Date of Adoption:** The Constitution was adopted and passed by the Constituent Assembly on **November 26, 1949**.\n*   **Date of Enforcement:** The Constitution as a whole came into force with effect from **January 26, 1950**."
    },
    {
      "title": "ENACTMENT OF THE INDIAN CONSTITUTION",
      "level_label": "Section",
      "content_md": "The **Cabinet Mission** arrived in India in 1946 and proposed the setting up of a **Constituent Assembly**.\n\n*   Members of the Constituent Assembly were to be elected indirectly by the **Provincial Legislative Assemblies** (Lower House only).\n*   Elections to the Provincial Assembly were completed by **July 1946**.\n*   The **Princely States** were represented by members nominated by the rulers of these States.\n*   The Constituent Assembly of undivided India consisted of **389 members**:\n    *   **292** elected from provinces.\n    *   **93** nominated by the Princely states.\n    *   **3** from Chief Commissioner Provinces.\n    *   **1** from the British province of Balochistan.\n\nThe Constitution of India was framed by this Constituent Assembly."
    },
    {
      "title": "FORMATION OF THE CONSTITUENT ASSEMBLY",
      "level_label": "Section",
      "content_md": "[Image: Dr. Rajendra Prasad signing the Constitution]\n\n*   The first sitting of the Constituent Assembly was held on **December 9, 1946**, at the present Central Hall of the Parliament.\n*   It was presided over by **Dr. Sachidananda Sinha**, the oldest sitting member.\n*   On **December 11, 1946**, **Dr. Rajendra Prasad** was elected President of the Constituent Assembly.\n*   The **Muslim League boycotted** the Assembly, demanding a separate state of Pakistan. Consequently, members representing territories that went to Pakistan withdrew from the Assembly.\n*   The membership of the Constituent Assembly of India was reduced to **299** from the original 389. Of these, **284** members were present on November 26, 1949, to sign the finally passed Constitution.\n*   Between December 9, 1946, and August 14, 1947, the Assembly held five sessions."
    },
    {
      "title": "COMPOSITION OF THE CONSTITUENT ASSEMBLY",
      "level_label": "Section",
      "content_md": "The membership of the Constituent Assembly gave representation to all shades of public opinion, making it truly national in character.\n\n*   The Cabinet Mission plan ensured representation for three categories: the **General category, Muslims, and Sikhs**.\n*   Congress leaders ensured that other communities also got representation, including **Anglo-Indians, Indian Christians, Scheduled Castes, and Scheduled Tribes**.\n\n**Notable Representatives:**\n*   **Anglo-Indians:** Mr. Frank Anthony and Mr. S.H. Prater.\n*   **Indian Christians:** Dr. H.C. Mukherjee and Joseph D'souza.\n*   **Parsees:** Dr. H.P. Modi.\n*   **Muslims** (who remained after the boycott): Zafar Imam and Mohammad Saadullah.\n*   **Sikhs:** Sardar Hukum Singh and Ujjal Singh."
    },
    {
      "title": "Objectives Resolution",
      "level_label": "Section",
      "content_md": "[Image: Pt. Jawaharlal Nehru]\n\nOn **December 13, 1946**, **Pt. Jawaharlal Nehru** proposed the 'Objectives Resolution', which highlighted the objectives and laid down the 'national goals'.\n\n**Key Goals of the Resolution:**\n1.  Free India will be nothing but a '**republic**'.\n2.  The ideals of **social, political, and economic democracy** would be guaranteed to all people.\n3.  The republic would grant **Fundamental Rights** to citizens.\n4.  The state would safeguard the rights of **minorities and backward classes**.\n\nThe 'Objectives Resolution' was passed by the Constituent Assembly on **January 22, 1947**."
    },
    {
      "title": "DRAFTING COMMITTEE",
      "level_label": "Section",
      "content_md": "The **Indian Independence Act, 1947**, recognised the Constituent Assembly of India, giving it legal sanction to function as a sovereign body after independence.\n\nThe Assembly appointed eight committees to carry on its work.\n\n*   The **Drafting Committee** was set up on **August 29, 1947**.\n*   **Dr. B.R. Ambedkar** was its Chairman.\n*   The committee was entrusted with the task of drafting the Constitution.\n*   The first draft was completed in February 1948."
    },
    {
      "title": "DR. AMBEDKAR'S CONTRIBUTION TO THE INDIAN CONSTITUTION",
      "level_label": "Section",
      "content_md": "[Image: Dr. B.R. Ambedkar]\n\nDr. Bhimrao Ambedkar, known as **Babasaheb**, was a key architect of the Constitution. An eminent jurist, economist, politician, and social reformer, his text provided for:\n*   Constitutional guarantees for civil liberties like **freedom of religion**.\n*   The **abolition of untouchability**.\n*   Social rights for women.\n*   A system of **reservation of jobs** in government services for members of **Scheduled Castes and Scheduled Tribes**.\n\nTo shape India into a complete **Sovereign Democratic Republic**, Babasaheb incorporated the following principles:\n1.  Made the Constitution **workable, flexible, and strong** enough to hold the country together in peace and war.\n2.  Provided **special safeguards** for minorities and socially/educationally backward classes.\n3.  Incorporated the **Right to Constitutional Remedies** to protect Fundamental Rights from infringement by the Centre or State governments.\n4.  Advocated for **single citizenship, a single judiciary, and uniformity in fundamental laws** with a strong Centre to maintain territorial integrity and administrative discipline.\n5.  Incorporated **Directive Principles** to ensure social and economic democracy and welfare."
    },
    {
      "title": "READINGS",
      "level_label": "Section",
      "content_md": "The Draft Constitution was discussed by the Constituent Assembly, clause by clause, through three readings:\n*   **First Reading:** Started on November 4, 1948.\n*   **Second Reading:** Completed on October 17, 1949.\n*   **Third and Final Reading:** Completed on **November 26, 1949**."
    },
    {
      "title": "TIME TAKEN",
      "level_label": "Section",
      "content_md": "It took nearly **three years** for the Constituent Assembly to finally pass the Constitution.\n\nAt the time of its signing, the Constitution consisted of **395 Articles and Eight Schedules**."
    },
    {
      "title": "IMPLEMENTATION OF THE CONSTITUTION",
      "level_label": "Section",
      "content_md": "Immediately after the signing, clauses relating to citizenship came into force. This was to enable persons displaced by the partition to register as Indian citizens.\n\n*   The Constitution was **adopted and passed** on **November 26, 1949**.\n*   The Constitution as a whole came into force on **January 26, 1950**.\n*   With the Constitution's implementation, **C. Rajagopalachari** became the Governor-General, replacing Lord Mountbatten.\n*   The **Constituent Assembly became the provisional parliament** until the first General Elections were held in 1951–52.\n*   **Dr. Rajendra Prasad**, President of the Constituent Assembly, took over as the first **President of the Indian Union**."
    },
    {
      "title": "SIGNIFICANCE OF JANUARY 26",
      "level_label": "Section",
      "content_md": "[Image: Indian National Flag]\n\nThe date January 26 was chosen for the commencement of the Constitution due to its historical importance.\n\n*   At the **Lahore Session** of the Congress in **December 1929**, a resolution was passed declaring **Poorna Swaraj** (Complete Independence) as the objective.\n*   **January 26, 1930**, was fixed as the first **Independence Day**, and it was celebrated as such every year until 1947.\n*   After India achieved independence on August 15, 1947, **August 15** became the official **Independence Day**.\n*   To honour the historical significance of January 26, this date was designated as **Republic Day**."
    }
  ]
}