{
  "board": "ICSE",
  "grade": 9,
  "subject": "HistoryCivics",
  "book_slug": "TotalHistoryCivics_MorningStar_DollyESequeira",
  "book_meta": {
    "book_name": "Total History & Civics",
    "publication": "Morning Star",
    "author": "Dolly E. Sequeira"
  },
  "chapter_sequence_number": 3,
  "chapter_title": "Salient features of the constitution - II",
  "discipline": "civics",
  "generated_at": "2026-02-11T10:04:36.253Z",
  "sections": [
    {
      "title": "Salient Features of the Constitution-II",
      "level_label": "Section",
      "content_md": "This section covers the Directive Principles of State Policy and the concept of a Welfare State."
    },
    {
      "title": "Directive Principles of State Policy (meaning), Welfare State.",
      "level_label": "Topic",
      "content_md": "The **Directive Principles of State Policy** are guidelines for the government in the governance of the country, aiming to establish a **Welfare State**."
    },
    {
      "title": "MEANING OF THE DIRECTIVE PRINCIPLES",
      "level_label": "Section",
      "content_md": "The **Directive Principles** are the guidelines to be followed by the government in the governance of the country. They are contained in **Part IV** of the Constitution under **Articles 36 to 51**. The Directive Principles are not a substitute for the laws of the country. They are called 'Directive Principles' because the government has to take them into consideration while making laws. These principles contain lofty ideas, deep human thought, belief, and knowledge. Such principles are not found in any other Constitution of the world except those of India and Ireland."
    },
    {
      "title": "Sources of Directive Principles",
      "level_label": "Section",
      "content_md": "At the time of drafting the Constitution, its framers were inspired by five important sources."
    },
    {
      "title": "The Constitution of the Irish Republic which contains the Principles of Social Policy for the guidance of legislators.",
      "level_label": "Topic",
      "content_md": "The Constitution of the Irish Republic which contains the Principles of Social Policy for the guidance of legislators."
    },
    {
      "title": "The Declaration of the Rights of Man and Citizens of revolutionary France.",
      "level_label": "Topic",
      "content_md": "The Declaration of the Rights of Man and Citizens of revolutionary France."
    },
    {
      "title": "The ideas of Mahatma Gandhi. The fact that the Directive Principles also contain Gandhian Principles is sufficient proof that ideas of Mahatma Gandhi had influenced the framers of the Constitution.",
      "level_label": "Topic",
      "content_md": "The ideas of Mahatma Gandhi. The fact that the Directive Principles also contain **Gandhian Principles** is sufficient proof that ideas of Mahatma Gandhi had influenced the framers of the Constitution."
    },
    {
      "title": "The Charter of Human Rights framed by the United Nations.",
      "level_label": "Topic",
      "content_md": "The Charter of Human Rights framed by the United Nations."
    },
    {
      "title": "The Universal Declaration of Human Rights was adopted by the United Nations when the Constituent Assembly was deliberating over the Indian Constitution.",
      "level_label": "Topic",
      "content_md": "The **Universal Declaration of Human Rights** was adopted by the United Nations when the Constituent Assembly was deliberating over the Indian Constitution."
    },
    {
      "title": "IMPORTANCE OF DIRECTIVE PRINCIPLES",
      "level_label": "Section",
      "content_md": "The main difference between **Fundamental Rights** and **Directive Principles** surrounds their **non-justiciable nature**. Fundamental Rights are **justiciable**, meaning citizens can move the court to get their rights. However, Directive Principles are **not justiciable**. Despite this, they are very important."
    },
    {
      "title": "Directive Principles are in the nature of a pledge made by the framers of the Constitution to the people of India. They provide a framework, political, social and economic programme for a modern democratic State.",
      "level_label": "Topic",
      "content_md": "Directive Principles are in the nature of a pledge made by the framers of the Constitution to the people of India. They provide a framework, political, social and economic programme for a modern democratic State."
    },
    {
      "title": "The Directive Principles give guidelines to the governments to make laws and draft their policies according to these fundamental principles, which summarise the objectives of our Constitution. They provide an element of permanence in a democracy.",
      "level_label": "Topic",
      "content_md": "The Directive Principles give guidelines to the governments to make laws and draft their policies according to these fundamental principles, which summarise the objectives of our Constitution. They provide an element of permanence in a democracy."
    },
    {
      "title": "They provide a measure to judge a government's performance.",
      "level_label": "Topic",
      "content_md": "They provide a measure to judge a government's performance."
    },
    {
      "title": "The Directive Principles direct the government to move towards the goal of a Welfare State. They reflect the ideas of justice, liberty, equality and fraternity mentioned in the Preamble.",
      "level_label": "Topic",
      "content_md": "The Directive Principles direct the government to move towards the goal of a **Welfare State**. They reflect the ideas of justice, liberty, equality and fraternity mentioned in the Preamble."
    },
    {
      "title": "They enlighten and educate the people of what they can expect from the politicians whom they vote to power.",
      "level_label": "Topic",
      "content_md": "They enlighten and educate the people of what they can expect from the politicians whom they vote to power."
    },
    {
      "title": "They provide a direction to Courts in respect of safeguarding the rights of the citizens.",
      "level_label": "Topic",
      "content_md": "They provide a direction to Courts in respect of safeguarding the rights of the citizens."
    },
    {
      "title": "Since public opinion backs the Directive Principles, the goal of establishing social and economic order is clearly laid out before the government.",
      "level_label": "Topic",
      "content_md": "Since public opinion backs the Directive Principles, the goal of establishing social and economic order is clearly laid out before the government."
    },
    {
      "title": "The 42nd Amendment Act, 1976 provides that if a law is made to give effect to any of the Directive Principles it will not be declared unconstitutional even if it takes away any of the rights under Articles 14, 19 and 31. This provision is of great importance for the implementation of the Directive Principles. It also makes it clear that in case of any conflict between the Directive Principles and Fundamental Rights, the former shall prevail. This is because the welfare of the people as a whole is of paramount importance over that of an individual.",
      "level_label": "Topic",
      "content_md": "The **42nd Amendment Act, 1976** provides that if a law is made to give effect to any of the Directive Principles, it will not be declared unconstitutional even if it takes away any of the rights under **Articles 14, 19 and 31**. This provision is of great importance for implementing the Directive Principles. It clarifies that in case of any conflict between the Directive Principles and Fundamental Rights, the **former shall prevail**. This is because the welfare of the people as a whole is of paramount importance over that of an individual.\n\nHowever, the Directive Principles are not enforceable by any court of law. Citizens cannot move the courts if the government fails to implement these directives. But on moral grounds, both the government and the courts must take cognizance of these directives."
    },
    {
      "title": "WELFARE STATE",
      "level_label": "Section",
      "content_md": "A **Welfare State** is a state which seeks to ensure the maximum happiness of the maximum number of people living within its territory. The Constitution of India seeks to establish India as a Welfare State. Although the words \"Welfare State\" are not specifically mentioned in the Constitution, the aims are clearly pointed out in the Directive Principles of State Policy. These Directives emphasise that the goal of the Indian Polity is a Welfare State, where the State has a positive duty to ensure its citizens social and economic justice and dignity. Both Union and State governments have taken steps to implement Directive Principles, which aim at establishing social and economic democracy."
    },
    {
      "title": "SOCIAL EQUALITY AND JUSTICE",
      "level_label": "Section",
      "content_md": "The Union and State Governments have been taking the following steps to implement the Directive Principles for social equality and justice:"
    },
    {
      "title": "The Right to Education Act has made it mandatory for every child between the ages of 6-14 to be provided free education in all government and government aided schools. The Act also requires all private schools to reserve 25 per cent of seats for the children belonging to economically weaker sections of the society as a part of the public-private partnership plan.",
      "level_label": "Topic",
      "content_md": "The **Right to Education Act** has made it mandatory for every child between the ages of 6-14 to be provided free education in all government and government-aided schools. The Act also requires all private schools to reserve 25 per cent of seats for children belonging to economically weaker sections of society as part of a public-private partnership plan."
    },
    {
      "title": "Special scholarships are provided to socially and economically weaker sections of the society. There is a system of reservation of seats in jobs and in educational institutions for Scheduled Castes and Scheduled Tribes.",
      "level_label": "Topic",
      "content_md": "Special scholarships are provided to socially and economically weaker sections of society. There is a system of **reservation of seats** in jobs and in educational institutions for **Scheduled Castes** and **Scheduled Tribes**."
    },
    {
      "title": "Untouchability has been made an offence punishable by law.",
      "level_label": "Topic",
      "content_md": "**Untouchability** has been made an offence punishable by law."
    },
    {
      "title": "In order to provide justice to the Economically Weaker Sections (EWS) from the upper castes, the Central Government has provided 10 per cent reservation for them in government jobs and in higher education. This provision was introduced by the Constitution (103rd Amendment) Act in January 2019. The amendment aims to fulfill the commitments of the Directive Principles of State Policy under article 46 to promote the educational and economic interests of the weaker sections of the society. The benefits of this act are given to",
      "level_label": "Topic",
      "content_md": "To provide justice to the **Economically Weaker Sections (EWS)** from the upper castes, the Central Government has provided **10 per cent reservation** for them in government jobs and in higher education. This was introduced by the **Constitution (103rd Amendment) Act** in January 2019. It aims to fulfill the commitments of the Directive Principles under **article 46** to promote the educational and economic interests of weaker sections. The benefits are given to:"
    },
    {
      "title": "People who have an annual income of less than Rs. 8 lakhs, or",
      "level_label": "Subtopic",
      "content_md": "People who have an annual income of less than Rs. 8 lakhs."
    },
    {
      "title": "People who own less than five acres of farm land, or",
      "level_label": "Subtopic",
      "content_md": "People who own less than five acres of farm land."
    },
    {
      "title": "People who have a house lesser than 1,000 sq feet in a town (or 100 sq yard in a notified municipal area).",
      "level_label": "Subtopic",
      "content_md": "People who have a house lesser than 1,000 sq feet in a town (or 100 sq yard in a notified municipal area)."
    },
    {
      "title": "ECONOMIC WELFARE",
      "level_label": "Section",
      "content_md": "The government has implemented several measures to ensure economic welfare:"
    },
    {
      "title": "(a) The Government has abolished the Zamindari System and introduced the land reform programme to do away with the old feudal socio-economic structure of rural India.",
      "level_label": "Topic",
      "content_md": "The Government has abolished the **Zamindari System** and introduced the land reform programme to dismantle the old feudal socio-economic structure of rural India."
    },
    {
      "title": "(b) Right to Fair Compensation and Transparency in Land Acquisition, Rehabilitation and Resettlement Bill, 2013 was passed by the Parliament in September 2013. This Act came into force from January 1, 2014. The Act aims to establish the law on land acquisition, as well as the rehabilitation and resettlement of those directly affected by the land acquisition in India. The Act provides for fair compensation to those whose land is taken away, transparency in the process of acquisition of land to set up factories or buildings, infrastructural projects and assures rehabilitation of those affected. The Act has replaced the Land Acquisition Act, 1894, a nearly 120-year-old law enacted during British rule.",
      "level_label": "Topic",
      "content_md": "**Right to Fair Compensation and Transparency in Land Acquisition, Rehabilitation and Resettlement Act, 2013**, passed in September 2013 and effective from January 1, 2014, establishes the law on land acquisition. It provides for fair compensation, transparent processes for acquiring land for factories, buildings, and infrastructure projects, and ensures the rehabilitation of those affected. This Act replaced the **Land Acquisition Act, 1894**."
    },
    {
      "title": "(c) Nationalisation of banks, insurance companies and some key industries have been done to ensure that the ownership of the material resources of the community are so distributed so as to obtain best service of common good.",
      "level_label": "Topic",
      "content_md": "**Nationalisation** of banks, insurance companies, and some key industries has been done to ensure that the ownership of the community's material resources is distributed for the common good."
    },
    {
      "title": "(d) In order to ensure just payment to workers and equal pay for equal work, the payment of wages is governed by the Government which has enacted legislation to the effect that the payment be made according to the Minimum Wages Act 1948, as amended from time to time.",
      "level_label": "Topic",
      "content_md": "To ensure just payment and **equal pay for equal work**, wage payments are governed by government legislation, specifically the **Minimum Wages Act 1948**, as amended."
    },
    {
      "title": "(e) Ayushman Bharat Yojana is a centrally sponsored health scheme launched in 2018. It is an umbrella of two major health initiatives namely, Health_and Wellness Centres and National Health Protection Scheme (NHPS) (The scheme will cover 10 crore poor and vulnerable families, providing coverage up to 5 lakh rupees per family per year for secondary and tertiary care hospitalisation. Benefits of the scheme are portable across the country and a beneficiary covered under the scheme will be allowed to take cashless benefits from any public or private empanelled hospitals across the country.",
      "level_label": "Topic",
      "content_md": "**Ayushman Bharat Yojana**, a centrally sponsored health scheme launched in 2018, includes two major initiatives: **Health and Wellness Centres** and the **National Health Protection Scheme (NHPS)**. It covers 10 crore poor and vulnerable families, providing coverage up to ₹5 lakh per family per year for secondary and tertiary care. Benefits are portable and cashless at any public or private empanelled hospital nationwide.\n\n[Image: Ayushman Bharat Yojana]"
    },
    {
      "title": "(f) Pradhan Mantri Samaan Nidhi Yojana: Under this scheme, small and marginalised farmers (SMFs) are given Rs. 6000 per year in three installments of Rs. 2000 each, which is transferred directly to the bank accounts of beneficiaries through direct benefit transfer (DBT) scheme. The scheme aims help SMFs in procuring various inputs to ensure proper crop health and appropriate yields, and thereby augment their income. The scheme will also help protect the farmers from falling in the clutches of money lenders.)",
      "level_label": "Topic",
      "content_md": "**Pradhan Mantri Kisan Samman Nidhi (PM-KISAN)**: Under this scheme, small and marginalised farmers (SMFs) receive ₹6,000 per year in three installments of ₹2,000 each via **Direct Benefit Transfer (DBT)**. The goal is to help SMFs procure inputs, ensure crop health, augment their income, and protect them from money lenders."
    },
    {
      "title": "(g) Pradhan Mantri Ujjwala Yojana: Under this scheme, five crore LPG connections are to be provided to Below Poverty Line (BPL) households. The scheme provides a. financial support of Rs. 1600 for each LPG connection to the BPL households. Providing LPG connections to BPL households will ensure universal coverage of cooking gas in the country. Besides, this scheme will empower women, protect their health and reduce drudgery and the time spent on cooking.",
      "level_label": "Topic",
      "content_md": "**Pradhan Mantri Ujjwala Yojana**: This scheme provides five crore LPG connections to **Below Poverty Line (BPL)** households, with a financial support of ₹1,600 for each connection. It aims for universal cooking gas coverage, empowering women, protecting their health, and reducing drudgery.\n\n[Image: Ujjwala Yojana]"
    },
    {
      "title": "(h) Pradhan Mantri Gramin Awaas Yojana (Housing for All): Under this scheme, financial assistance is provided for construction of pucca house to all houseless and those household who are living in dilapidated houses. The cost of assistance is to be shared between Central and State Governments in the ratio of 60:40 in plain areas and 90:10 for North East and hilly areas. The assistance given to each beneficiary in the scheme is Rs. 1,20,000 in plain areas and to Rs. 1,30,000 in hilly states/difficult areas/Integrated Action Plan (IAP) for selected Tribal and Backward districts. The beneficiary is entitled to 90 days of unskilled labour from MNREGA and can avail a loan of up to Rs. 70,000 for construction of the house. These houses will be equipped with facilities such as toilet, LPG connection, electricity connection and drinking water.",
      "level_label": "Topic",
      "content_md": "**Pradhan Mantri Gramin Awaas Yojana (Housing for All)**: This scheme provides financial aid for constructing pucca houses for the houseless and those in dilapidated houses. \n* **Cost Sharing**: Central and State governments share costs in a 60:40 ratio in plain areas and 90:10 in North-Eastern and hilly areas.\n* **Assistance Amount**: ₹1,20,000 in plain areas and ₹1,30,000 in hilly/difficult areas.\n* **Additional Benefits**: Beneficiaries are entitled to 90 days of unskilled labour from **MNREGA** and can avail a loan of up to ₹70,000. Houses are equipped with toilets, LPG, electricity, and drinking water.\n\n[Image: Gramin Awaas Yojana]"
    },
    {
      "title": "(i) The Pradhan Mantri Fasal Bima Yojana (PMFBY) was launched on January 13, 2016.",
      "level_label": "Topic",
      "content_md": "The **Pradhan Mantri Fasal Bima Yojana (PMFBY)** was launched on January 13, 2016. \n* **Premium**: Farmers pay a uniform premium of 2% for all kharif crops, 1.5% for all rabi crops, and 5% for annual commercial and horticultural crops.\n* **Subsidy**: The remaining premium is borne equally by the Centre and respective State governments, with no upper limit on the government subsidy.\n* **Coverage**: It provides farm-level assessment for localised calamities like hailstorms, unseasonal rains, landslides, and inundation.\n\n[Image: Pradhan Mantri Fasal Bima Yojana]"
    },
    {
      "title": "(j) A social upliftment scheme, called the 'Jan Dhan Yojana', was announced by the Prime Minister, Narendra Modi on August 15, 2014. Under the scheme, bank accounts have been opened for the poor. Each account has a life insurance cover of Rs. 30,000, adding to the one lakh accidental insurance/benefit already available under the account. The account is accompanied with a RuPay-enabled debit card. This scheme is aimed at improving the lives of millions of India's poor/by bringing them into the financial mainstream and freeing them from the clutches of money lenders, while giving them the benefit of insurance cover.",
      "level_label": "Topic",
      "content_md": "The **Jan Dhan Yojana**, announced on August 15, 2014, is a social upliftment scheme. \n* **Features**: Bank accounts for the poor, accompanied by a RuPay-enabled debit card.\n* **Insurance**: Each account includes a life insurance cover of ₹30,000 and an accidental insurance benefit of ₹1 lakh.\n* **Aim**: To bring the poor into the financial mainstream, free them from money lenders, and provide insurance cover.\n\n[Image: Jan Dhan Yojana]"
    },
    {
      "title": "(k) The Government has launched various programmes/such as Integrated Rural Development Programme (IRDP) and Rural Landless Employment Guarantee Programme (RLEGP) to help the poor. The Mahatma Gandhi National Rural Employment Guarantee Act, 2005 seeks to provide 100 days of guaranteed wage employment to rural households.",
      "level_label": "Topic",
      "content_md": "The Government has launched various programmes like **Integrated Rural Development Programme (IRDP)** and **Rural Landless Employment Guarantee Programme (RLEGP)**. The **Mahatma Gandhi National Rural Employment Guarantee Act (MNREGA), 2005**, seeks to provide 100 days of guaranteed wage employment to rural households."
    },
    {
      "title": "POLITICAL, ADMINISTRATIVE AND LEGAL MATTERS",
      "level_label": "Section",
      "content_md": "Steps taken in political, administrative, and legal areas include:"
    },
    {
      "title": "(a) Panchayati Raj has been established in the remotest villages to promote the idea of local self-government.",
      "level_label": "Topic",
      "content_md": "**Panchayati Raj** has been established in the remotest villages to promote the idea of local self-government."
    },
    {
      "title": "(b) In view of the constitutional directive, free legal aid has been provided to those people, who themselves cannot engage lawyers. This has been done to ensure equal justice to all",
      "level_label": "Topic",
      "content_md": "Free **legal aid** is provided to people who cannot afford to engage lawyers, ensuring equal justice for all."
    },
    {
      "title": "(c) In order to check the misuse of power, there is now a complete separation of the judiciary from the executive.",
      "level_label": "Topic",
      "content_md": "To check the misuse of power, there is a complete **separation of the judiciary from the executive**."
    },
    {
      "title": "FOREIGN POLICY",
      "level_label": "Section",
      "content_md": "India's foreign policy is guided by the Directive Principles:"
    },
    {
      "title": "(a) In order to promote international peace and security India is opposed to colonialism and racialism and has helped many countries to win their freedom. India supported the cause of South Africa against Apartheid.",
      "level_label": "Topic",
      "content_md": "To promote international peace and security, India opposes **colonialism** and **racialism**. It has helped many countries win their freedom and supported South Africa against **Apartheid**."
    },
    {
      "title": "(b) India is law abiding; it respects international law. It has stood for settlement of international issues by mutual understanding.",
      "level_label": "Topic",
      "content_md": "India is law-abiding, respects international law, and advocates for the settlement of international issues through mutual understanding."
    },
    {
      "title": "(c) India holds the policy of complete disarmament and has been firmly against all the attempts of some powerful countries for partial disarmament.",
      "level_label": "Topic",
      "content_md": "India holds a policy of **complete disarmament** and is firmly against attempts by powerful countries for partial disarmament."
    }
  ]
}