{
  "syllabus_leaves": [
    {
      "path": "Local Self-Government-Urban > Urban: Municipal Committees and Municipal Corporations-meaning and functions.",
      "path_titles": [
        "Local Self-Government-Urban",
        "Urban: Municipal Committees and Municipal Corporations-meaning and functions."
      ],
      "title": "Urban: Municipal Committees and Municipal Corporations-meaning and functions.",
      "sequence_number": 1,
      "depth": 1,
      "level_label": "Topic",
      "has_notes": true
    },
    {
      "path": "THE CONSTITUTION (74TH AMENDMENT) ACT, 1992 > The salient features of the Act are the following: > The Act gives constitutional status to urban local bodies.",
      "path_titles": [
        "THE CONSTITUTION (74TH AMENDMENT) ACT, 1992",
        "The salient features of the Act are the following:",
        "The Act gives constitutional status to urban local bodies."
      ],
      "title": "The Act gives constitutional status to urban local bodies.",
      "sequence_number": 1,
      "depth": 2,
      "level_label": "Subtopic",
      "has_notes": true
    },
    {
      "path": "THE CONSTITUTION (74TH AMENDMENT) ACT, 1992 > The salient features of the Act are the following: > The Act provides for direct election to all the local self-government bodies.",
      "path_titles": [
        "THE CONSTITUTION (74TH AMENDMENT) ACT, 1992",
        "The salient features of the Act are the following:",
        "The Act provides for direct election to all the local self-government bodies."
      ],
      "title": "The Act provides for direct election to all the local self-government bodies.",
      "sequence_number": 2,
      "depth": 2,
      "level_label": "Subtopic",
      "has_notes": true
    },
    {
      "path": "THE CONSTITUTION (74TH AMENDMENT) ACT, 1992 > The salient features of the Act are the following: > A fixed tenure of five years for the municipalities has been prescribed.",
      "path_titles": [
        "THE CONSTITUTION (74TH AMENDMENT) ACT, 1992",
        "The salient features of the Act are the following:",
        "A fixed tenure of five years for the municipalities has been prescribed."
      ],
      "title": "A fixed tenure of five years for the municipalities has been prescribed.",
      "sequence_number": 3,
      "depth": 2,
      "level_label": "Subtopic",
      "has_notes": true
    },
    {
      "path": "THE CONSTITUTION (74TH AMENDMENT) ACT, 1992 > The salient features of the Act are the following: > 33 per cent of the seats should be reserved for women under each category of SC/ST/Backward Classes.",
      "path_titles": [
        "THE CONSTITUTION (74TH AMENDMENT) ACT, 1992",
        "The salient features of the Act are the following:",
        "33 per cent of the seats should be reserved for women under each category of SC/ST/Backward Classes."
      ],
      "title": "33 per cent of the seats should be reserved for women under each category of SC/ST/Backward Classes.",
      "sequence_number": 4,
      "depth": 2,
      "level_label": "Subtopic",
      "has_notes": true
    },
    {
      "path": "THE CONSTITUTION (74TH AMENDMENT) ACT, 1992 > The salient features of the Act are the following: > District Planning Committee to be constituted by the State Government.",
      "path_titles": [
        "THE CONSTITUTION (74TH AMENDMENT) ACT, 1992",
        "The salient features of the Act are the following:",
        "District Planning Committee to be constituted by the State Government."
      ],
      "title": "District Planning Committee to be constituted by the State Government.",
      "sequence_number": 5,
      "depth": 2,
      "level_label": "Subtopic",
      "has_notes": true
    },
    {
      "path": "THE CONSTITUTION (74TH AMENDMENT) ACT, 1992 > The Act provides for three tier local bodies for urban areas as under: > Municipal Corporations for larger urban areas.",
      "path_titles": [
        "THE CONSTITUTION (74TH AMENDMENT) ACT, 1992",
        "The Act provides for three tier local bodies for urban areas as under:",
        "Municipal Corporations for larger urban areas."
      ],
      "title": "Municipal Corporations for larger urban areas.",
      "sequence_number": 1,
      "depth": 2,
      "level_label": "Subtopic",
      "has_notes": true
    },
    {
      "path": "THE CONSTITUTION (74TH AMENDMENT) ACT, 1992 > The Act provides for three tier local bodies for urban areas as under: > Municipal Councils for smaller urban areas.",
      "path_titles": [
        "THE CONSTITUTION (74TH AMENDMENT) ACT, 1992",
        "The Act provides for three tier local bodies for urban areas as under:",
        "Municipal Councils for smaller urban areas."
      ],
      "title": "Municipal Councils for smaller urban areas.",
      "sequence_number": 2,
      "depth": 2,
      "level_label": "Subtopic",
      "has_notes": true
    },
    {
      "path": "THE CONSTITUTION (74TH AMENDMENT) ACT, 1992 > The Act provides for three tier local bodies for urban areas as under: > Nagar Panchayats for areas in transition from a rural area to urban area.",
      "path_titles": [
        "THE CONSTITUTION (74TH AMENDMENT) ACT, 1992",
        "The Act provides for three tier local bodies for urban areas as under:",
        "Nagar Panchayats for areas in transition from a rural area to urban area."
      ],
      "title": "Nagar Panchayats for areas in transition from a rural area to urban area.",
      "sequence_number": 3,
      "depth": 2,
      "level_label": "Subtopic",
      "has_notes": true
    },
    {
      "path": "THE CONSTITUTION (74TH AMENDMENT) ACT, 1992 > In addition, there are Town Area Committees, Cantonment Boards and Port Trusts in certain urban areas.",
      "path_titles": [
        "THE CONSTITUTION (74TH AMENDMENT) ACT, 1992",
        "In addition, there are Town Area Committees, Cantonment Boards and Port Trusts in certain urban areas."
      ],
      "title": "In addition, there are Town Area Committees, Cantonment Boards and Port Trusts in certain urban areas.",
      "sequence_number": 3,
      "depth": 1,
      "level_label": "Topic",
      "has_notes": false
    },
    {
      "path": "MUNICIPAL CORPORATION > ELECTION",
      "path_titles": [
        "MUNICIPAL CORPORATION",
        "ELECTION"
      ],
      "title": "ELECTION",
      "sequence_number": 1,
      "depth": 1,
      "level_label": "Topic",
      "has_notes": true
    },
    {
      "path": "MUNICIPAL CORPORATION > TERM",
      "path_titles": [
        "MUNICIPAL CORPORATION",
        "TERM"
      ],
      "title": "TERM",
      "sequence_number": 2,
      "depth": 1,
      "level_label": "Topic",
      "has_notes": true
    },
    {
      "path": "MUNICIPAL CORPORATION > COMPOSITION > (a) General Council",
      "path_titles": [
        "MUNICIPAL CORPORATION",
        "COMPOSITION",
        "(a) General Council"
      ],
      "title": "(a) General Council",
      "sequence_number": 1,
      "depth": 2,
      "level_label": "Subtopic",
      "has_notes": true
    },
    {
      "path": "MUNICIPAL CORPORATION > COMPOSITION > (b) Mayor",
      "path_titles": [
        "MUNICIPAL CORPORATION",
        "COMPOSITION",
        "(b) Mayor"
      ],
      "title": "(b) Mayor",
      "sequence_number": 2,
      "depth": 2,
      "level_label": "Subtopic",
      "has_notes": true
    },
    {
      "path": "MUNICIPAL CORPORATION > COMPOSITION > (c) The Standing Committees",
      "path_titles": [
        "MUNICIPAL CORPORATION",
        "COMPOSITION",
        "(c) The Standing Committees"
      ],
      "title": "(c) The Standing Committees",
      "sequence_number": 3,
      "depth": 2,
      "level_label": "Subtopic",
      "has_notes": true
    },
    {
      "path": "MUNICIPAL CORPORATION > COMPOSITION > (d) A Municipal Commissioner.",
      "path_titles": [
        "MUNICIPAL CORPORATION",
        "COMPOSITION",
        "(d) A Municipal Commissioner."
      ],
      "title": "(d) A Municipal Commissioner.",
      "sequence_number": 4,
      "depth": 2,
      "level_label": "Subtopic",
      "has_notes": true
    },
    {
      "path": "MUNICIPAL CORPORATION > The Municipal Corporation of Delhi",
      "path_titles": [
        "MUNICIPAL CORPORATION",
        "The Municipal Corporation of Delhi"
      ],
      "title": "The Municipal Corporation of Delhi",
      "sequence_number": 4,
      "depth": 1,
      "level_label": "Topic",
      "has_notes": true
    },
    {
      "path": "MUNICIPAL CORPORATION > Functions of the Mayor",
      "path_titles": [
        "MUNICIPAL CORPORATION",
        "Functions of the Mayor"
      ],
      "title": "Functions of the Mayor",
      "sequence_number": 5,
      "depth": 1,
      "level_label": "Topic",
      "has_notes": true
    },
    {
      "path": "FUNCTIONS OF THE MUNICIPAL CORPORATION > Compulsory Functions",
      "path_titles": [
        "FUNCTIONS OF THE MUNICIPAL CORPORATION",
        "Compulsory Functions"
      ],
      "title": "Compulsory Functions",
      "sequence_number": 1,
      "depth": 1,
      "level_label": "Topic",
      "has_notes": true
    },
    {
      "path": "2. Discretionary or Optional Functions:",
      "path_titles": [
        "2. Discretionary or Optional Functions:"
      ],
      "title": "2. Discretionary or Optional Functions:",
      "sequence_number": 5,
      "depth": 0,
      "level_label": "Section",
      "has_notes": true
    },
    {
      "path": "MUNICIPAL COMMITTEE > (a) General Body of the Municipal Committee:",
      "path_titles": [
        "MUNICIPAL COMMITTEE",
        "(a) General Body of the Municipal Committee:"
      ],
      "title": "(a) General Body of the Municipal Committee:",
      "sequence_number": 1,
      "depth": 1,
      "level_label": "Topic",
      "has_notes": true
    },
    {
      "path": "MUNICIPAL COMMITTEE > Eligibility:",
      "path_titles": [
        "MUNICIPAL COMMITTEE",
        "Eligibility:"
      ],
      "title": "Eligibility:",
      "sequence_number": 2,
      "depth": 1,
      "level_label": "Topic",
      "has_notes": true
    },
    {
      "path": "MUNICIPAL COMMITTEE > Term:",
      "path_titles": [
        "MUNICIPAL COMMITTEE",
        "Term:"
      ],
      "title": "Term:",
      "sequence_number": 3,
      "depth": 1,
      "level_label": "Topic",
      "has_notes": true
    },
    {
      "path": "MUNICIPAL COMMITTEE > (b) Chairman/President:",
      "path_titles": [
        "MUNICIPAL COMMITTEE",
        "(b) Chairman/President:"
      ],
      "title": "(b) Chairman/President:",
      "sequence_number": 4,
      "depth": 1,
      "level_label": "Topic",
      "has_notes": true
    },
    {
      "path": "MUNICIPAL COMMITTEE > (c) Chief Executive Officer:",
      "path_titles": [
        "MUNICIPAL COMMITTEE",
        "(c) Chief Executive Officer:"
      ],
      "title": "(c) Chief Executive Officer:",
      "sequence_number": 5,
      "depth": 1,
      "level_label": "Topic",
      "has_notes": true
    },
    {
      "path": "MUNICIPAL COMMITTEE > Other Office Bearers:",
      "path_titles": [
        "MUNICIPAL COMMITTEE",
        "Other Office Bearers:"
      ],
      "title": "Other Office Bearers:",
      "sequence_number": 6,
      "depth": 1,
      "level_label": "Topic",
      "has_notes": true
    },
    {
      "path": "THE DISTRICT ADMINISTRATION > Appointment:",
      "path_titles": [
        "THE DISTRICT ADMINISTRATION",
        "Appointment:"
      ],
      "title": "Appointment:",
      "sequence_number": 1,
      "depth": 1,
      "level_label": "Topic",
      "has_notes": true
    },
    {
      "path": "THE DISTRICT ADMINISTRATION > Other Office Bearers:",
      "path_titles": [
        "THE DISTRICT ADMINISTRATION",
        "Other Office Bearers:"
      ],
      "title": "Other Office Bearers:",
      "sequence_number": 2,
      "depth": 1,
      "level_label": "Topic",
      "has_notes": true
    },
    {
      "path": "THE DISTRICT ADMINISTRATION > Functions:",
      "path_titles": [
        "THE DISTRICT ADMINISTRATION",
        "Functions:"
      ],
      "title": "Functions:",
      "sequence_number": 3,
      "depth": 1,
      "level_label": "Topic",
      "has_notes": true
    }
  ],
  "stray_leaves": [
    {
      "title": "The Municipal Corporation of Delhi",
      "insert_after_index": 17,
      "micro_topics": [],
      "has_notes": true
    },
    {
      "title": "COOPERATION AND COORDINATION BETWEEN LOCAL SELF-GOVERNMENT AND LOCAL GOVERNMENT",
      "insert_after_index": 32,
      "micro_topics": [],
      "has_notes": false
    },
    {
      "title": "Difference Between a Municipal Corporation and a Municipal Committee",
      "insert_after_index": 36,
      "micro_topics": [],
      "has_notes": true
    }
  ]
}