{
  "syllabus_leaves": [
    {
      "path": "The Sangam Age",
      "path_titles": [
        "The Sangam Age"
      ],
      "title": "The Sangam Age",
      "sequence_number": 1,
      "depth": 0,
      "level_label": "Section",
      "has_notes": true
    },
    {
      "path": "SOURCES > Tirukkural",
      "path_titles": [
        "SOURCES",
        "Tirukkural"
      ],
      "title": "Tirukkural",
      "sequence_number": 1,
      "depth": 1,
      "level_label": "Topic",
      "has_notes": true
    },
    {
      "path": "SOURCES > Megaliths",
      "path_titles": [
        "SOURCES",
        "Megaliths"
      ],
      "title": "Megaliths",
      "sequence_number": 2,
      "depth": 1,
      "level_label": "Topic",
      "has_notes": true
    },
    {
      "path": "TAMIL KINGDOMS > CHERA KINGDOM",
      "path_titles": [
        "TAMIL KINGDOMS",
        "CHERA KINGDOM"
      ],
      "title": "CHERA KINGDOM",
      "sequence_number": 1,
      "depth": 1,
      "level_label": "Topic",
      "has_notes": true
    },
    {
      "path": "TAMIL KINGDOMS > CHOLA KINGDOM",
      "path_titles": [
        "TAMIL KINGDOMS",
        "CHOLA KINGDOM"
      ],
      "title": "CHOLA KINGDOM",
      "sequence_number": 2,
      "depth": 1,
      "level_label": "Topic",
      "has_notes": true
    },
    {
      "path": "TAMIL KINGDOMS > PANDYAN KINGDOM",
      "path_titles": [
        "TAMIL KINGDOMS",
        "PANDYAN KINGDOM"
      ],
      "title": "PANDYAN KINGDOM",
      "sequence_number": 3,
      "depth": 1,
      "level_label": "Topic",
      "has_notes": true
    },
    {
      "path": "LOCAL CHIEFTAINS",
      "path_titles": [
        "LOCAL CHIEFTAINS"
      ],
      "title": "LOCAL CHIEFTAINS",
      "sequence_number": 4,
      "depth": 0,
      "level_label": "Section",
      "has_notes": true
    },
    {
      "path": "SOCIETY > SOCIAL CLASSES",
      "path_titles": [
        "SOCIETY",
        "SOCIAL CLASSES"
      ],
      "title": "SOCIAL CLASSES",
      "sequence_number": 1,
      "depth": 1,
      "level_label": "Topic",
      "has_notes": true
    },
    {
      "path": "SOCIETY > FOOD AND DRESS",
      "path_titles": [
        "SOCIETY",
        "FOOD AND DRESS"
      ],
      "title": "FOOD AND DRESS",
      "sequence_number": 2,
      "depth": 1,
      "level_label": "Topic",
      "has_notes": true
    },
    {
      "path": "SOCIETY > ENTERTAINMENT",
      "path_titles": [
        "SOCIETY",
        "ENTERTAINMENT"
      ],
      "title": "ENTERTAINMENT",
      "sequence_number": 3,
      "depth": 1,
      "level_label": "Topic",
      "has_notes": true
    },
    {
      "path": "SOCIETY > POSITION OF WOMEN",
      "path_titles": [
        "SOCIETY",
        "POSITION OF WOMEN"
      ],
      "title": "POSITION OF WOMEN",
      "sequence_number": 4,
      "depth": 1,
      "level_label": "Topic",
      "has_notes": true
    },
    {
      "path": "SOCIETY > MARRIAGE",
      "path_titles": [
        "SOCIETY",
        "MARRIAGE"
      ],
      "title": "MARRIAGE",
      "sequence_number": 5,
      "depth": 1,
      "level_label": "Topic",
      "has_notes": true
    },
    {
      "path": "ECONOMY > AGRICULTURE",
      "path_titles": [
        "ECONOMY",
        "AGRICULTURE"
      ],
      "title": "AGRICULTURE",
      "sequence_number": 1,
      "depth": 1,
      "level_label": "Topic",
      "has_notes": true
    },
    {
      "path": "ECONOMY > OTHER OCCUPATIONS",
      "path_titles": [
        "ECONOMY",
        "OTHER OCCUPATIONS"
      ],
      "title": "OTHER OCCUPATIONS",
      "sequence_number": 2,
      "depth": 1,
      "level_label": "Topic",
      "has_notes": true
    },
    {
      "path": "ECONOMY > TRADE",
      "path_titles": [
        "ECONOMY",
        "TRADE"
      ],
      "title": "TRADE",
      "sequence_number": 3,
      "depth": 1,
      "level_label": "Topic",
      "has_notes": true
    }
  ],
  "stray_leaves": []
}