{
  "syllabus_leaves": [
    {
      "path": "EVENTS THAT LED TO THE CABINET MISSION > Changes in Britain",
      "path_titles": [
        "EVENTS THAT LED TO THE CABINET MISSION",
        "Changes in Britain"
      ],
      "title": "Changes in Britain",
      "sequence_number": 1,
      "depth": 1,
      "level_label": "Topic",
      "has_notes": true
    },
    {
      "path": "EVENTS THAT LED TO THE CABINET MISSION > Revolts in the Administrative Agencies",
      "path_titles": [
        "EVENTS THAT LED TO THE CABINET MISSION",
        "Revolts in the Administrative Agencies"
      ],
      "title": "Revolts in the Administrative Agencies",
      "sequence_number": 2,
      "depth": 1,
      "level_label": "Topic",
      "has_notes": true
    },
    {
      "path": "EVENTS THAT LED TO THE CABINET MISSION > Mood of the Indian People",
      "path_titles": [
        "EVENTS THAT LED TO THE CABINET MISSION",
        "Mood of the Indian People"
      ],
      "title": "Mood of the Indian People",
      "sequence_number": 3,
      "depth": 1,
      "level_label": "Topic",
      "has_notes": true
    },
    {
      "path": "EVENTS THAT LED TO THE CABINET MISSION > Labour Unrest",
      "path_titles": [
        "EVENTS THAT LED TO THE CABINET MISSION",
        "Labour Unrest"
      ],
      "title": "Labour Unrest",
      "sequence_number": 4,
      "depth": 1,
      "level_label": "Topic",
      "has_notes": true
    },
    {
      "path": "Cabinet Mission in India",
      "path_titles": [
        "Cabinet Mission in India"
      ],
      "title": "Cabinet Mission in India",
      "sequence_number": 2,
      "depth": 0,
      "level_label": "Section",
      "has_notes": true
    },
    {
      "path": "THE CABINET MISSION PLAN > Federal Union",
      "path_titles": [
        "THE CABINET MISSION PLAN",
        "Federal Union"
      ],
      "title": "Federal Union",
      "sequence_number": 1,
      "depth": 1,
      "level_label": "Topic",
      "has_notes": true
    },
    {
      "path": "THE CABINET MISSION PLAN > Powers of the Union",
      "path_titles": [
        "THE CABINET MISSION PLAN",
        "Powers of the Union"
      ],
      "title": "Powers of the Union",
      "sequence_number": 2,
      "depth": 1,
      "level_label": "Topic",
      "has_notes": true
    },
    {
      "path": "THE CABINET MISSION PLAN > Provincial Autonomy",
      "path_titles": [
        "THE CABINET MISSION PLAN",
        "Provincial Autonomy"
      ],
      "title": "Provincial Autonomy",
      "sequence_number": 3,
      "depth": 1,
      "level_label": "Topic",
      "has_notes": true
    },
    {
      "path": "THE CABINET MISSION PLAN > Grouping of Provinces",
      "path_titles": [
        "THE CABINET MISSION PLAN",
        "Grouping of Provinces"
      ],
      "title": "Grouping of Provinces",
      "sequence_number": 4,
      "depth": 1,
      "level_label": "Topic",
      "has_notes": true
    },
    {
      "path": "THE CABINET MISSION PLAN > Formation of a Constituent Assembly",
      "path_titles": [
        "THE CABINET MISSION PLAN",
        "Formation of a Constituent Assembly"
      ],
      "title": "Formation of a Constituent Assembly",
      "sequence_number": 5,
      "depth": 1,
      "level_label": "Topic",
      "has_notes": true
    },
    {
      "path": "THE CABINET MISSION PLAN > Representation of Minorities",
      "path_titles": [
        "THE CABINET MISSION PLAN",
        "Representation of Minorities"
      ],
      "title": "Representation of Minorities",
      "sequence_number": 6,
      "depth": 1,
      "level_label": "Topic",
      "has_notes": true
    },
    {
      "path": "THE CABINET MISSION PLAN > Formation of an Interim Government",
      "path_titles": [
        "THE CABINET MISSION PLAN",
        "Formation of an Interim Government"
      ],
      "title": "Formation of an Interim Government",
      "sequence_number": 7,
      "depth": 1,
      "level_label": "Topic",
      "has_notes": true
    },
    {
      "path": "THE CABINET MISSION PLAN > Freedom to Join the Commonwealth",
      "path_titles": [
        "THE CABINET MISSION PLAN",
        "Freedom to Join the Commonwealth"
      ],
      "title": "Freedom to Join the Commonwealth",
      "sequence_number": 8,
      "depth": 1,
      "level_label": "Topic",
      "has_notes": true
    },
    {
      "path": "THE CABINET MISSION PLAN > Transfer of Power",
      "path_titles": [
        "THE CABINET MISSION PLAN",
        "Transfer of Power"
      ],
      "title": "Transfer of Power",
      "sequence_number": 9,
      "depth": 1,
      "level_label": "Topic",
      "has_notes": true
    },
    {
      "path": "Rejection of the Demand for Pakistan",
      "path_titles": [
        "Rejection of the Demand for Pakistan"
      ],
      "title": "Rejection of the Demand for Pakistan",
      "sequence_number": 4,
      "depth": 0,
      "level_label": "Section",
      "has_notes": true
    },
    {
      "path": "Reaction to the Cabinet Mission Plan > The Congress",
      "path_titles": [
        "Reaction to the Cabinet Mission Plan",
        "The Congress"
      ],
      "title": "The Congress",
      "sequence_number": 1,
      "depth": 1,
      "level_label": "Topic",
      "has_notes": true
    },
    {
      "path": "Reaction to the Cabinet Mission Plan > The Muslim League",
      "path_titles": [
        "Reaction to the Cabinet Mission Plan",
        "The Muslim League"
      ],
      "title": "The Muslim League",
      "sequence_number": 2,
      "depth": 1,
      "level_label": "Topic",
      "has_notes": true
    },
    {
      "path": "Reaction to the Cabinet Mission Plan > CONFLICT BETWEEN CONGRESS AND MUSLIM LEAGUE",
      "path_titles": [
        "Reaction to the Cabinet Mission Plan",
        "CONFLICT BETWEEN CONGRESS AND MUSLIM LEAGUE"
      ],
      "title": "CONFLICT BETWEEN CONGRESS AND MUSLIM LEAGUE",
      "sequence_number": 3,
      "depth": 1,
      "level_label": "Topic",
      "has_notes": true
    },
    {
      "path": "Reaction to the Cabinet Mission Plan > Attlee's Announcement",
      "path_titles": [
        "Reaction to the Cabinet Mission Plan",
        "Attlee's Announcement"
      ],
      "title": "Attlee's Announcement",
      "sequence_number": 4,
      "depth": 1,
      "level_label": "Topic",
      "has_notes": true
    },
    {
      "path": "LORD MOUNTBATTEN",
      "path_titles": [
        "LORD MOUNTBATTEN"
      ],
      "title": "LORD MOUNTBATTEN",
      "sequence_number": 6,
      "depth": 0,
      "level_label": "Section",
      "has_notes": true
    },
    {
      "path": "Mountbatten Plan > Partition",
      "path_titles": [
        "Mountbatten Plan",
        "Partition"
      ],
      "title": "Partition",
      "sequence_number": 1,
      "depth": 1,
      "level_label": "Topic",
      "has_notes": false
    },
    {
      "path": "Mountbatten Plan > Relations between the two new Dominions",
      "path_titles": [
        "Mountbatten Plan",
        "Relations between the two new Dominions"
      ],
      "title": "Relations between the two new Dominions",
      "sequence_number": 2,
      "depth": 1,
      "level_label": "Topic",
      "has_notes": true
    },
    {
      "path": "Mountbatten Plan > A Boundary Commission",
      "path_titles": [
        "Mountbatten Plan",
        "A Boundary Commission"
      ],
      "title": "A Boundary Commission",
      "sequence_number": 3,
      "depth": 1,
      "level_label": "Topic",
      "has_notes": true
    },
    {
      "path": "Mountbatten Plan > The Princely States",
      "path_titles": [
        "Mountbatten Plan",
        "The Princely States"
      ],
      "title": "The Princely States",
      "sequence_number": 4,
      "depth": 1,
      "level_label": "Topic",
      "has_notes": true
    },
    {
      "path": "Mountbatten Plan > Bengal and Punjab",
      "path_titles": [
        "Mountbatten Plan",
        "Bengal and Punjab"
      ],
      "title": "Bengal and Punjab",
      "sequence_number": 5,
      "depth": 1,
      "level_label": "Topic",
      "has_notes": true
    },
    {
      "path": "Mountbatten Plan > Sind",
      "path_titles": [
        "Mountbatten Plan",
        "Sind"
      ],
      "title": "Sind",
      "sequence_number": 6,
      "depth": 1,
      "level_label": "Topic",
      "has_notes": true
    },
    {
      "path": "Mountbatten Plan > North-West Frontier Province",
      "path_titles": [
        "Mountbatten Plan",
        "North-West Frontier Province"
      ],
      "title": "North-West Frontier Province",
      "sequence_number": 7,
      "depth": 1,
      "level_label": "Topic",
      "has_notes": true
    },
    {
      "path": "Mountbatten Plan > The District of Sylhet",
      "path_titles": [
        "Mountbatten Plan",
        "The District of Sylhet"
      ],
      "title": "The District of Sylhet",
      "sequence_number": 8,
      "depth": 1,
      "level_label": "Topic",
      "has_notes": true
    },
    {
      "path": "Mountbatten Plan > Constituent Assembly",
      "path_titles": [
        "Mountbatten Plan",
        "Constituent Assembly"
      ],
      "title": "Constituent Assembly",
      "sequence_number": 9,
      "depth": 1,
      "level_label": "Topic",
      "has_notes": true
    },
    {
      "path": "Mountbatten Plan > Transfer of Power",
      "path_titles": [
        "Mountbatten Plan",
        "Transfer of Power"
      ],
      "title": "Transfer of Power",
      "sequence_number": 10,
      "depth": 1,
      "level_label": "Topic",
      "has_notes": true
    },
    {
      "path": "Acceptance of Mountbatten Plan",
      "path_titles": [
        "Acceptance of Mountbatten Plan"
      ],
      "title": "Acceptance of Mountbatten Plan",
      "sequence_number": 8,
      "depth": 0,
      "level_label": "Section",
      "has_notes": true
    },
    {
      "path": "THE INDIAN INDEPENDENCE ACT, 1947 > Two New Dominions",
      "path_titles": [
        "THE INDIAN INDEPENDENCE ACT, 1947",
        "Two New Dominions"
      ],
      "title": "Two New Dominions",
      "sequence_number": 1,
      "depth": 1,
      "level_label": "Topic",
      "has_notes": true
    },
    {
      "path": "THE INDIAN INDEPENDENCE ACT, 1947 > Provisions of Partition",
      "path_titles": [
        "THE INDIAN INDEPENDENCE ACT, 1947",
        "Provisions of Partition"
      ],
      "title": "Provisions of Partition",
      "sequence_number": 2,
      "depth": 1,
      "level_label": "Topic",
      "has_notes": true
    },
    {
      "path": "THE INDIAN INDEPENDENCE ACT, 1947 > Governor-General for Each Dominion",
      "path_titles": [
        "THE INDIAN INDEPENDENCE ACT, 1947",
        "Governor-General for Each Dominion"
      ],
      "title": "Governor-General for Each Dominion",
      "sequence_number": 3,
      "depth": 1,
      "level_label": "Topic",
      "has_notes": true
    },
    {
      "path": "THE INDIAN INDEPENDENCE ACT, 1947 > Constituent Assemblies to Serve as Central Legislatures",
      "path_titles": [
        "THE INDIAN INDEPENDENCE ACT, 1947",
        "Constituent Assemblies to Serve as Central Legislatures"
      ],
      "title": "Constituent Assemblies to Serve as Central Legislatures",
      "sequence_number": 4,
      "depth": 1,
      "level_label": "Topic",
      "has_notes": true
    },
    {
      "path": "THE INDIAN INDEPENDENCE ACT, 1947 > End of Jurisdiction of the British Parliament",
      "path_titles": [
        "THE INDIAN INDEPENDENCE ACT, 1947",
        "End of Jurisdiction of the British Parliament"
      ],
      "title": "End of Jurisdiction of the British Parliament",
      "sequence_number": 5,
      "depth": 1,
      "level_label": "Topic",
      "has_notes": true
    },
    {
      "path": "THE INDIAN INDEPENDENCE ACT, 1947 > Princely States",
      "path_titles": [
        "THE INDIAN INDEPENDENCE ACT, 1947",
        "Princely States"
      ],
      "title": "Princely States",
      "sequence_number": 6,
      "depth": 1,
      "level_label": "Topic",
      "has_notes": true
    },
    {
      "path": "THE INDIAN INDEPENDENCE ACT, 1947 > Treaties and Agreements",
      "path_titles": [
        "THE INDIAN INDEPENDENCE ACT, 1947",
        "Treaties and Agreements"
      ],
      "title": "Treaties and Agreements",
      "sequence_number": 7,
      "depth": 1,
      "level_label": "Topic",
      "has_notes": true
    },
    {
      "path": "THE INDIAN INDEPENDENCE ACT, 1947 > Division of the Army and the Assets",
      "path_titles": [
        "THE INDIAN INDEPENDENCE ACT, 1947",
        "Division of the Army and the Assets"
      ],
      "title": "Division of the Army and the Assets",
      "sequence_number": 8,
      "depth": 1,
      "level_label": "Topic",
      "has_notes": true
    },
    {
      "path": "THE INDIAN INDEPENDENCE ACT, 1947 > Bringing the Act Into Operation",
      "path_titles": [
        "THE INDIAN INDEPENDENCE ACT, 1947",
        "Bringing the Act Into Operation"
      ],
      "title": "Bringing the Act Into Operation",
      "sequence_number": 9,
      "depth": 1,
      "level_label": "Topic",
      "has_notes": true
    },
    {
      "path": "THE INDIAN INDEPENDENCE ACT, 1947 > Office of Secretary of State and Interest of Existing Officers",
      "path_titles": [
        "THE INDIAN INDEPENDENCE ACT, 1947",
        "Office of Secretary of State and Interest of Existing Officers"
      ],
      "title": "Office of Secretary of State and Interest of Existing Officers",
      "sequence_number": 10,
      "depth": 1,
      "level_label": "Topic",
      "has_notes": true
    },
    {
      "path": "INDEPENDENCE BY AN ACT OF LEGISLATION",
      "path_titles": [
        "INDEPENDENCE BY AN ACT OF LEGISLATION"
      ],
      "title": "INDEPENDENCE BY AN ACT OF LEGISLATION",
      "sequence_number": 10,
      "depth": 0,
      "level_label": "Section",
      "has_notes": true
    },
    {
      "path": "CHAPTER AT A GLANCE",
      "path_titles": [
        "CHAPTER AT A GLANCE"
      ],
      "title": "CHAPTER AT A GLANCE",
      "sequence_number": 11,
      "depth": 0,
      "level_label": "Section",
      "has_notes": true
    }
  ],
  "stray_leaves": [
    {
      "title": "Introduction",
      "insert_after_index": 0,
      "micro_topics": [],
      "has_notes": true
    },
    {
      "title": "Dawn of Freedom",
      "insert_after_index": 46,
      "micro_topics": [],
      "has_notes": true
    }
  ]
}