{
  "syllabus_leaves": [
    {
      "path": "THE GROWTH OF COMMUNALISM",
      "path_titles": [
        "THE GROWTH OF COMMUNALISM"
      ],
      "title": "THE GROWTH OF COMMUNALISM",
      "sequence_number": 1,
      "depth": 0,
      "level_label": "Section",
      "has_notes": true
    },
    {
      "path": "FACTORS LEADING TO THE FORMATION OF THE MUSLIM LEAGUE > Loss of Sovereignty by Mughal Rulers",
      "path_titles": [
        "FACTORS LEADING TO THE FORMATION OF THE MUSLIM LEAGUE",
        "Loss of Sovereignty by Mughal Rulers"
      ],
      "title": "Loss of Sovereignty by Mughal Rulers",
      "sequence_number": 1,
      "depth": 1,
      "level_label": "Topic",
      "has_notes": true
    },
    {
      "path": "FACTORS LEADING TO THE FORMATION OF THE MUSLIM LEAGUE > British Policy of Divide and Rule > In 1871 Lord Mayo's government adopted...",
      "path_titles": [
        "FACTORS LEADING TO THE FORMATION OF THE MUSLIM LEAGUE",
        "British Policy of Divide and Rule",
        "In 1871 Lord Mayo's government adopted..."
      ],
      "title": "In 1871 Lord Mayo's government adopted...",
      "sequence_number": 1,
      "depth": 2,
      "level_label": "Subtopic",
      "has_notes": true
    },
    {
      "path": "FACTORS LEADING TO THE FORMATION OF THE MUSLIM LEAGUE > British Policy of Divide and Rule > They tried to create hatred among the...",
      "path_titles": [
        "FACTORS LEADING TO THE FORMATION OF THE MUSLIM LEAGUE",
        "British Policy of Divide and Rule",
        "They tried to create hatred among the..."
      ],
      "title": "They tried to create hatred among the...",
      "sequence_number": 2,
      "depth": 2,
      "level_label": "Subtopic",
      "has_notes": true
    },
    {
      "path": "FACTORS LEADING TO THE FORMATION OF THE MUSLIM LEAGUE > British Policy of Divide and Rule > They tried to justify the Partition of Bengal...",
      "path_titles": [
        "FACTORS LEADING TO THE FORMATION OF THE MUSLIM LEAGUE",
        "British Policy of Divide and Rule",
        "They tried to justify the Partition of Bengal..."
      ],
      "title": "They tried to justify the Partition of Bengal...",
      "sequence_number": 3,
      "depth": 2,
      "level_label": "Subtopic",
      "has_notes": true
    },
    {
      "path": "FACTORS LEADING TO THE FORMATION OF THE MUSLIM LEAGUE > British Policy of Divide and Rule > They tried to utilise the caste structure...",
      "path_titles": [
        "FACTORS LEADING TO THE FORMATION OF THE MUSLIM LEAGUE",
        "British Policy of Divide and Rule",
        "They tried to utilise the caste structure..."
      ],
      "title": "They tried to utilise the caste structure...",
      "sequence_number": 4,
      "depth": 2,
      "level_label": "Subtopic",
      "has_notes": true
    },
    {
      "path": "FACTORS LEADING TO THE FORMATION OF THE MUSLIM LEAGUE > British Policy of Divide and Rule > They treated Hindus, Muslims and Sikhs...",
      "path_titles": [
        "FACTORS LEADING TO THE FORMATION OF THE MUSLIM LEAGUE",
        "British Policy of Divide and Rule",
        "They treated Hindus, Muslims and Sikhs..."
      ],
      "title": "They treated Hindus, Muslims and Sikhs...",
      "sequence_number": 5,
      "depth": 2,
      "level_label": "Subtopic",
      "has_notes": true
    },
    {
      "path": "FACTORS LEADING TO THE FORMATION OF THE MUSLIM LEAGUE > British Policy of Divide and Rule > They tried to spread communal hatred...",
      "path_titles": [
        "FACTORS LEADING TO THE FORMATION OF THE MUSLIM LEAGUE",
        "British Policy of Divide and Rule",
        "They tried to spread communal hatred..."
      ],
      "title": "They tried to spread communal hatred...",
      "sequence_number": 6,
      "depth": 2,
      "level_label": "Subtopic",
      "has_notes": true
    },
    {
      "path": "FACTORS LEADING TO THE FORMATION OF THE MUSLIM LEAGUE > Relative Backwardness of the Muslim Community in Education, Trade and Industry > The upper class Muslims comprising...",
      "path_titles": [
        "FACTORS LEADING TO THE FORMATION OF THE MUSLIM LEAGUE",
        "Relative Backwardness of the Muslim Community in Education, Trade and Industry",
        "The upper class Muslims comprising..."
      ],
      "title": "The upper class Muslims comprising...",
      "sequence_number": 1,
      "depth": 2,
      "level_label": "Subtopic",
      "has_notes": true
    },
    {
      "path": "FACTORS LEADING TO THE FORMATION OF THE MUSLIM LEAGUE > Relative Backwardness of the Muslim Community in Education, Trade and Industry > The British government in India had...",
      "path_titles": [
        "FACTORS LEADING TO THE FORMATION OF THE MUSLIM LEAGUE",
        "Relative Backwardness of the Muslim Community in Education, Trade and Industry",
        "The British government in India had..."
      ],
      "title": "The British government in India had...",
      "sequence_number": 2,
      "depth": 2,
      "level_label": "Subtopic",
      "has_notes": true
    },
    {
      "path": "FACTORS LEADING TO THE FORMATION OF THE MUSLIM LEAGUE > Relative Backwardness of the Muslim Community in Education, Trade and Industry > The Muslim community was not much...",
      "path_titles": [
        "FACTORS LEADING TO THE FORMATION OF THE MUSLIM LEAGUE",
        "Relative Backwardness of the Muslim Community in Education, Trade and Industry",
        "The Muslim community was not much..."
      ],
      "title": "The Muslim community was not much...",
      "sequence_number": 3,
      "depth": 2,
      "level_label": "Subtopic",
      "has_notes": true
    },
    {
      "path": "FACTORS LEADING TO THE FORMATION OF THE MUSLIM LEAGUE > Relative Backwardness of the Muslim Community in Education, Trade and Industry > Some members of the Muslim community...",
      "path_titles": [
        "FACTORS LEADING TO THE FORMATION OF THE MUSLIM LEAGUE",
        "Relative Backwardness of the Muslim Community in Education, Trade and Industry",
        "Some members of the Muslim community..."
      ],
      "title": "Some members of the Muslim community...",
      "sequence_number": 4,
      "depth": 2,
      "level_label": "Subtopic",
      "has_notes": true
    },
    {
      "path": "FACTORS LEADING TO THE FORMATION OF THE MUSLIM LEAGUE > Role of Sir Sayyid Ahmad Khan",
      "path_titles": [
        "FACTORS LEADING TO THE FORMATION OF THE MUSLIM LEAGUE",
        "Role of Sir Sayyid Ahmad Khan"
      ],
      "title": "Role of Sir Sayyid Ahmad Khan",
      "sequence_number": 4,
      "depth": 1,
      "level_label": "Topic",
      "has_notes": true
    },
    {
      "path": "FACTORS LEADING TO THE FORMATION OF THE MUSLIM LEAGUE > Erroneous Interpretation of History > Some British and communal historians...",
      "path_titles": [
        "FACTORS LEADING TO THE FORMATION OF THE MUSLIM LEAGUE",
        "Erroneous Interpretation of History",
        "Some British and communal historians..."
      ],
      "title": "Some British and communal historians...",
      "sequence_number": 1,
      "depth": 2,
      "level_label": "Subtopic",
      "has_notes": true
    },
    {
      "path": "FACTORS LEADING TO THE FORMATION OF THE MUSLIM LEAGUE > Erroneous Interpretation of History > The British and communal historians...",
      "path_titles": [
        "FACTORS LEADING TO THE FORMATION OF THE MUSLIM LEAGUE",
        "Erroneous Interpretation of History",
        "The British and communal historians..."
      ],
      "title": "The British and communal historians...",
      "sequence_number": 2,
      "depth": 2,
      "level_label": "Subtopic",
      "has_notes": true
    },
    {
      "path": "FACTORS LEADING TO THE FORMATION OF THE MUSLIM LEAGUE > Erroneous Interpretation of History > Some communal historians highlighted...",
      "path_titles": [
        "FACTORS LEADING TO THE FORMATION OF THE MUSLIM LEAGUE",
        "Erroneous Interpretation of History",
        "Some communal historians highlighted..."
      ],
      "title": "Some communal historians highlighted...",
      "sequence_number": 3,
      "depth": 2,
      "level_label": "Subtopic",
      "has_notes": true
    },
    {
      "path": "FACTORS LEADING TO THE FORMATION OF THE MUSLIM LEAGUE > Erroneous Interpretation of History > The communal bias was propagated...",
      "path_titles": [
        "FACTORS LEADING TO THE FORMATION OF THE MUSLIM LEAGUE",
        "Erroneous Interpretation of History",
        "The communal bias was propagated..."
      ],
      "title": "The communal bias was propagated...",
      "sequence_number": 4,
      "depth": 2,
      "level_label": "Subtopic",
      "has_notes": true
    },
    {
      "path": "FACTORS LEADING TO THE FORMATION OF THE MUSLIM LEAGUE > Rise of Assertive Nationalism",
      "path_titles": [
        "FACTORS LEADING TO THE FORMATION OF THE MUSLIM LEAGUE",
        "Rise of Assertive Nationalism"
      ],
      "title": "Rise of Assertive Nationalism",
      "sequence_number": 6,
      "depth": 1,
      "level_label": "Topic",
      "has_notes": true
    },
    {
      "path": "FACTORS LEADING TO THE FORMATION OF THE MUSLIM LEAGUE > Economic Backwardness of the Country",
      "path_titles": [
        "FACTORS LEADING TO THE FORMATION OF THE MUSLIM LEAGUE",
        "Economic Backwardness of the Country"
      ],
      "title": "Economic Backwardness of the Country",
      "sequence_number": 7,
      "depth": 1,
      "level_label": "Topic",
      "has_notes": true
    },
    {
      "path": "EVENTS LEADING TO THE FORMATION OF THE MUSLIM LEAGUE > The Hindi-Urdu Controversy",
      "path_titles": [
        "EVENTS LEADING TO THE FORMATION OF THE MUSLIM LEAGUE",
        "The Hindi-Urdu Controversy"
      ],
      "title": "The Hindi-Urdu Controversy",
      "sequence_number": 1,
      "depth": 1,
      "level_label": "Topic",
      "has_notes": true
    },
    {
      "path": "EVENTS LEADING TO THE FORMATION OF THE MUSLIM LEAGUE > Foundation of Mohammedan Anglo-Oriental Association (1893)",
      "path_titles": [
        "EVENTS LEADING TO THE FORMATION OF THE MUSLIM LEAGUE",
        "Foundation of Mohammedan Anglo-Oriental Association (1893)"
      ],
      "title": "Foundation of Mohammedan Anglo-Oriental Association (1893)",
      "sequence_number": 2,
      "depth": 1,
      "level_label": "Topic",
      "has_notes": true
    },
    {
      "path": "EVENTS LEADING TO THE FORMATION OF THE MUSLIM LEAGUE > The Aligarh Politics",
      "path_titles": [
        "EVENTS LEADING TO THE FORMATION OF THE MUSLIM LEAGUE",
        "The Aligarh Politics"
      ],
      "title": "The Aligarh Politics",
      "sequence_number": 3,
      "depth": 1,
      "level_label": "Topic",
      "has_notes": true
    },
    {
      "path": "EVENTS LEADING TO THE FORMATION OF THE MUSLIM LEAGUE > Partition of Bengal (1905)",
      "path_titles": [
        "EVENTS LEADING TO THE FORMATION OF THE MUSLIM LEAGUE",
        "Partition of Bengal (1905)"
      ],
      "title": "Partition of Bengal (1905)",
      "sequence_number": 4,
      "depth": 1,
      "level_label": "Topic",
      "has_notes": true
    },
    {
      "path": "EVENTS LEADING TO THE FORMATION OF THE MUSLIM LEAGUE > Muslim Deputation to the Viceroy, Lord Minto",
      "path_titles": [
        "EVENTS LEADING TO THE FORMATION OF THE MUSLIM LEAGUE",
        "Muslim Deputation to the Viceroy, Lord Minto"
      ],
      "title": "Muslim Deputation to the Viceroy, Lord Minto",
      "sequence_number": 5,
      "depth": 1,
      "level_label": "Topic",
      "has_notes": true
    },
    {
      "path": "FORMATION OF THE MUSLIM LEAGUE",
      "path_titles": [
        "FORMATION OF THE MUSLIM LEAGUE"
      ],
      "title": "FORMATION OF THE MUSLIM LEAGUE",
      "sequence_number": 4,
      "depth": 0,
      "level_label": "Section",
      "has_notes": true
    },
    {
      "path": "OBJECTIVES OF THE MUSLIM LEAGUE",
      "path_titles": [
        "OBJECTIVES OF THE MUSLIM LEAGUE"
      ],
      "title": "OBJECTIVES OF THE MUSLIM LEAGUE",
      "sequence_number": 5,
      "depth": 0,
      "level_label": "Section",
      "has_notes": true
    },
    {
      "path": "IMPACT OF THE MUSLIM LEAGUE ON THE NATIONAL MOVEMENT > League's Role in the Beginning",
      "path_titles": [
        "IMPACT OF THE MUSLIM LEAGUE ON THE NATIONAL MOVEMENT",
        "League's Role in the Beginning"
      ],
      "title": "League's Role in the Beginning",
      "sequence_number": 1,
      "depth": 1,
      "level_label": "Topic",
      "has_notes": true
    },
    {
      "path": "IMPACT OF THE MUSLIM LEAGUE ON THE NATIONAL MOVEMENT > Government Support to the League",
      "path_titles": [
        "IMPACT OF THE MUSLIM LEAGUE ON THE NATIONAL MOVEMENT",
        "Government Support to the League"
      ],
      "title": "Government Support to the League",
      "sequence_number": 2,
      "depth": 1,
      "level_label": "Topic",
      "has_notes": true
    },
    {
      "path": "IMPACT OF THE MUSLIM LEAGUE ON THE NATIONAL MOVEMENT > The Phase of Rapprochement",
      "path_titles": [
        "IMPACT OF THE MUSLIM LEAGUE ON THE NATIONAL MOVEMENT",
        "The Phase of Rapprochement"
      ],
      "title": "The Phase of Rapprochement",
      "sequence_number": 3,
      "depth": 1,
      "level_label": "Topic",
      "has_notes": true
    },
    {
      "path": "THE LUCKNOW PACT > Circumstances Leading to the Lucknow Pact > International Events",
      "path_titles": [
        "THE LUCKNOW PACT",
        "Circumstances Leading to the Lucknow Pact",
        "International Events"
      ],
      "title": "International Events",
      "sequence_number": 1,
      "depth": 2,
      "level_label": "Subtopic",
      "has_notes": true
    },
    {
      "path": "THE LUCKNOW PACT > Circumstances Leading to the Lucknow Pact > National Events",
      "path_titles": [
        "THE LUCKNOW PACT",
        "Circumstances Leading to the Lucknow Pact",
        "National Events"
      ],
      "title": "National Events",
      "sequence_number": 2,
      "depth": 2,
      "level_label": "Subtopic",
      "has_notes": true
    },
    {
      "path": "THE LUCKNOW PACT > Changes in the Objectives of the Muslim League",
      "path_titles": [
        "THE LUCKNOW PACT",
        "Changes in the Objectives of the Muslim League"
      ],
      "title": "Changes in the Objectives of the Muslim League",
      "sequence_number": 2,
      "depth": 1,
      "level_label": "Topic",
      "has_notes": true
    },
    {
      "path": "THE LUCKNOW PACT > A Compromise Between the Two Factions of the Congress",
      "path_titles": [
        "THE LUCKNOW PACT",
        "A Compromise Between the Two Factions of the Congress"
      ],
      "title": "A Compromise Between the Two Factions of the Congress",
      "sequence_number": 3,
      "depth": 1,
      "level_label": "Topic",
      "has_notes": true
    },
    {
      "path": "THE LUCKNOW PACT > TERMS OF THE LUCKNOW PACT > Abolition of the India Council",
      "path_titles": [
        "THE LUCKNOW PACT",
        "TERMS OF THE LUCKNOW PACT",
        "Abolition of the India Council"
      ],
      "title": "Abolition of the India Council",
      "sequence_number": 1,
      "depth": 2,
      "level_label": "Subtopic",
      "has_notes": true
    },
    {
      "path": "THE LUCKNOW PACT > TERMS OF THE LUCKNOW PACT > Provincial Legislatures",
      "path_titles": [
        "THE LUCKNOW PACT",
        "TERMS OF THE LUCKNOW PACT",
        "Provincial Legislatures"
      ],
      "title": "Provincial Legislatures",
      "sequence_number": 2,
      "depth": 2,
      "level_label": "Subtopic",
      "has_notes": true
    },
    {
      "path": "THE LUCKNOW PACT > TERMS OF THE LUCKNOW PACT > Minorities in Elected Bodies",
      "path_titles": [
        "THE LUCKNOW PACT",
        "TERMS OF THE LUCKNOW PACT",
        "Minorities in Elected Bodies"
      ],
      "title": "Minorities in Elected Bodies",
      "sequence_number": 3,
      "depth": 2,
      "level_label": "Subtopic",
      "has_notes": true
    },
    {
      "path": "THE LUCKNOW PACT > TERMS OF THE LUCKNOW PACT > Limitation of the Imperial Legislature",
      "path_titles": [
        "THE LUCKNOW PACT",
        "TERMS OF THE LUCKNOW PACT",
        "Limitation of the Imperial Legislature"
      ],
      "title": "Limitation of the Imperial Legislature",
      "sequence_number": 4,
      "depth": 2,
      "level_label": "Subtopic",
      "has_notes": true
    },
    {
      "path": "THE LUCKNOW PACT > TERMS OF THE LUCKNOW PACT > Imperial Legislative Council",
      "path_titles": [
        "THE LUCKNOW PACT",
        "TERMS OF THE LUCKNOW PACT",
        "Imperial Legislative Council"
      ],
      "title": "Imperial Legislative Council",
      "sequence_number": 5,
      "depth": 2,
      "level_label": "Subtopic",
      "has_notes": true
    },
    {
      "path": "THE LUCKNOW PACT > TERMS OF THE LUCKNOW PACT > Powers of the Legislative Council",
      "path_titles": [
        "THE LUCKNOW PACT",
        "TERMS OF THE LUCKNOW PACT",
        "Powers of the Legislative Council"
      ],
      "title": "Powers of the Legislative Council",
      "sequence_number": 6,
      "depth": 2,
      "level_label": "Subtopic",
      "has_notes": true
    },
    {
      "path": "THE LUCKNOW PACT > TERMS OF THE LUCKNOW PACT > Autonomy in Provinces",
      "path_titles": [
        "THE LUCKNOW PACT",
        "TERMS OF THE LUCKNOW PACT",
        "Autonomy in Provinces"
      ],
      "title": "Autonomy in Provinces",
      "sequence_number": 7,
      "depth": 2,
      "level_label": "Subtopic",
      "has_notes": true
    },
    {
      "path": "THE LUCKNOW PACT > TERMS OF THE LUCKNOW PACT > Viceroy's Executive Council",
      "path_titles": [
        "THE LUCKNOW PACT",
        "TERMS OF THE LUCKNOW PACT",
        "Viceroy's Executive Council"
      ],
      "title": "Viceroy's Executive Council",
      "sequence_number": 8,
      "depth": 2,
      "level_label": "Subtopic",
      "has_notes": true
    },
    {
      "path": "THE LUCKNOW PACT > TERMS OF THE LUCKNOW PACT > Religious Interests",
      "path_titles": [
        "THE LUCKNOW PACT",
        "TERMS OF THE LUCKNOW PACT",
        "Religious Interests"
      ],
      "title": "Religious Interests",
      "sequence_number": 9,
      "depth": 2,
      "level_label": "Subtopic",
      "has_notes": true
    },
    {
      "path": "THE LUCKNOW PACT > TERMS OF THE LUCKNOW PACT > Separation of Judiciary from Executive",
      "path_titles": [
        "THE LUCKNOW PACT",
        "TERMS OF THE LUCKNOW PACT",
        "Separation of Judiciary from Executive"
      ],
      "title": "Separation of Judiciary from Executive",
      "sequence_number": 10,
      "depth": 2,
      "level_label": "Subtopic",
      "has_notes": true
    },
    {
      "path": "THE LUCKNOW PACT > SIGNIFICANCE OF THE LUCKNOW PACT > Hindu-Muslim Unity",
      "path_titles": [
        "THE LUCKNOW PACT",
        "SIGNIFICANCE OF THE LUCKNOW PACT",
        "Hindu-Muslim Unity"
      ],
      "title": "Hindu-Muslim Unity",
      "sequence_number": 1,
      "depth": 2,
      "level_label": "Subtopic",
      "has_notes": true
    },
    {
      "path": "THE LUCKNOW PACT > SIGNIFICANCE OF THE LUCKNOW PACT > Unity Within the Congress",
      "path_titles": [
        "THE LUCKNOW PACT",
        "SIGNIFICANCE OF THE LUCKNOW PACT",
        "Unity Within the Congress"
      ],
      "title": "Unity Within the Congress",
      "sequence_number": 2,
      "depth": 2,
      "level_label": "Subtopic",
      "has_notes": true
    },
    {
      "path": "THE LUCKNOW PACT > SIGNIFICANCE OF THE LUCKNOW PACT > Pressure on the Government",
      "path_titles": [
        "THE LUCKNOW PACT",
        "SIGNIFICANCE OF THE LUCKNOW PACT",
        "Pressure on the Government"
      ],
      "title": "Pressure on the Government",
      "sequence_number": 3,
      "depth": 2,
      "level_label": "Subtopic",
      "has_notes": true
    },
    {
      "path": "THE LUCKNOW PACT > SIGNIFICANCE OF THE LUCKNOW PACT > Necessity to Pacify Indians",
      "path_titles": [
        "THE LUCKNOW PACT",
        "SIGNIFICANCE OF THE LUCKNOW PACT",
        "Necessity to Pacify Indians"
      ],
      "title": "Necessity to Pacify Indians",
      "sequence_number": 4,
      "depth": 2,
      "level_label": "Subtopic",
      "has_notes": true
    },
    {
      "path": "THE LUCKNOW PACT > Drawbacks of the Lucknow Pact",
      "path_titles": [
        "THE LUCKNOW PACT",
        "Drawbacks of the Lucknow Pact"
      ],
      "title": "Drawbacks of the Lucknow Pact",
      "sequence_number": 6,
      "depth": 1,
      "level_label": "Topic",
      "has_notes": true
    }
  ],
  "stray_leaves": [
    {
      "title": "Congress and the League:",
      "insert_after_index": 34,
      "micro_topics": [],
      "has_notes": true
    },
    {
      "title": "Partition of the Country on Communal Lines:",
      "insert_after_index": 34,
      "micro_topics": [],
      "has_notes": true
    },
    {
      "title": "Signatories of the Pact",
      "insert_after_index": 41,
      "micro_topics": [],
      "has_notes": true
    }
  ]
}