{
  "syllabus_leaves": [
    {
      "path": "Elections > Meaning",
      "path_titles": [
        "Elections",
        "Meaning"
      ],
      "title": "Meaning",
      "sequence_number": 1,
      "depth": 1,
      "level_label": "Topic",
      "has_notes": true
    },
    {
      "path": "Elections > Composition of Election Commission (in brief)",
      "path_titles": [
        "Elections",
        "Composition of Election Commission (in brief)"
      ],
      "title": "Composition of Election Commission (in brief)",
      "sequence_number": 2,
      "depth": 1,
      "level_label": "Topic",
      "has_notes": true
    },
    {
      "path": "Elections > Direct and Indirect election",
      "path_titles": [
        "Elections",
        "Direct and Indirect election"
      ],
      "title": "Direct and Indirect election",
      "sequence_number": 3,
      "depth": 1,
      "level_label": "Topic",
      "has_notes": true
    },
    {
      "path": "Elections > General election",
      "path_titles": [
        "Elections",
        "General election"
      ],
      "title": "General election",
      "sequence_number": 4,
      "depth": 1,
      "level_label": "Topic",
      "has_notes": true
    },
    {
      "path": "Elections > Mid-term election and By-election",
      "path_titles": [
        "Elections",
        "Mid-term election and By-election"
      ],
      "title": "Mid-term election and By-election",
      "sequence_number": 5,
      "depth": 1,
      "level_label": "Topic",
      "has_notes": true
    },
    {
      "path": "MEANING OF ELECTIONS",
      "path_titles": [
        "MEANING OF ELECTIONS"
      ],
      "title": "MEANING OF ELECTIONS",
      "sequence_number": 2,
      "depth": 0,
      "level_label": "Section",
      "has_notes": true
    },
    {
      "path": "KINDS OF ELECTIONS > DIRECT ELECTIONS",
      "path_titles": [
        "KINDS OF ELECTIONS",
        "DIRECT ELECTIONS"
      ],
      "title": "DIRECT ELECTIONS",
      "sequence_number": 1,
      "depth": 1,
      "level_label": "Topic",
      "has_notes": true
    },
    {
      "path": "KINDS OF ELECTIONS > INDIRECT ELECTIONS",
      "path_titles": [
        "KINDS OF ELECTIONS",
        "INDIRECT ELECTIONS"
      ],
      "title": "INDIRECT ELECTIONS",
      "sequence_number": 2,
      "depth": 1,
      "level_label": "Topic",
      "has_notes": true
    },
    {
      "path": "KINDS OF ELECTIONS > Election of the President and the Vice-President of India",
      "path_titles": [
        "KINDS OF ELECTIONS",
        "Election of the President and the Vice-President of India"
      ],
      "title": "Election of the President and the Vice-President of India",
      "sequence_number": 3,
      "depth": 1,
      "level_label": "Topic",
      "has_notes": true
    },
    {
      "path": "KINDS OF ELECTIONS > GENERAL ELECTIONS",
      "path_titles": [
        "KINDS OF ELECTIONS",
        "GENERAL ELECTIONS"
      ],
      "title": "GENERAL ELECTIONS",
      "sequence_number": 4,
      "depth": 1,
      "level_label": "Topic",
      "has_notes": true
    },
    {
      "path": "KINDS OF ELECTIONS > MID-TERM ELECTION",
      "path_titles": [
        "KINDS OF ELECTIONS",
        "MID-TERM ELECTION"
      ],
      "title": "MID-TERM ELECTION",
      "sequence_number": 5,
      "depth": 1,
      "level_label": "Topic",
      "has_notes": true
    },
    {
      "path": "KINDS OF ELECTIONS > BY-ELECTIONS",
      "path_titles": [
        "KINDS OF ELECTIONS",
        "BY-ELECTIONS"
      ],
      "title": "BY-ELECTIONS",
      "sequence_number": 6,
      "depth": 1,
      "level_label": "Topic",
      "has_notes": true
    },
    {
      "path": "ELECTION COMMISSION",
      "path_titles": [
        "ELECTION COMMISSION"
      ],
      "title": "ELECTION COMMISSION",
      "sequence_number": 4,
      "depth": 0,
      "level_label": "Section",
      "has_notes": true
    },
    {
      "path": "COMPOSITION OF THE ELECTION COMMISSION",
      "path_titles": [
        "COMPOSITION OF THE ELECTION COMMISSION"
      ],
      "title": "COMPOSITION OF THE ELECTION COMMISSION",
      "sequence_number": 5,
      "depth": 0,
      "level_label": "Section",
      "has_notes": true
    },
    {
      "path": "TERM OF OFFICE AND CONDITIONS OF SERVICE",
      "path_titles": [
        "TERM OF OFFICE AND CONDITIONS OF SERVICE"
      ],
      "title": "TERM OF OFFICE AND CONDITIONS OF SERVICE",
      "sequence_number": 6,
      "depth": 0,
      "level_label": "Section",
      "has_notes": true
    },
    {
      "path": "POWERS AND FUNCTIONS OF THE ELECTION COMMISSION > (a) Preparation of Electoral Rolls and Photo Identity Cards",
      "path_titles": [
        "POWERS AND FUNCTIONS OF THE ELECTION COMMISSION",
        "(a) Preparation of Electoral Rolls and Photo Identity Cards"
      ],
      "title": "(a) Preparation of Electoral Rolls and Photo Identity Cards",
      "sequence_number": 1,
      "depth": 1,
      "level_label": "Topic",
      "has_notes": true
    },
    {
      "path": "POWERS AND FUNCTIONS OF THE ELECTION COMMISSION > (b) Registration and Recognition of Political Parties",
      "path_titles": [
        "POWERS AND FUNCTIONS OF THE ELECTION COMMISSION",
        "(b) Registration and Recognition of Political Parties"
      ],
      "title": "(b) Registration and Recognition of Political Parties",
      "sequence_number": 2,
      "depth": 1,
      "level_label": "Topic",
      "has_notes": true
    },
    {
      "path": "POWERS AND FUNCTIONS OF THE ELECTION COMMISSION > (c) Allotment of Symbols",
      "path_titles": [
        "POWERS AND FUNCTIONS OF THE ELECTION COMMISSION",
        "(c) Allotment of Symbols"
      ],
      "title": "(c) Allotment of Symbols",
      "sequence_number": 3,
      "depth": 1,
      "level_label": "Topic",
      "has_notes": true
    },
    {
      "path": "POWERS AND FUNCTIONS OF THE ELECTION COMMISSION > (d) Fixing Dates and Conducting Elections",
      "path_titles": [
        "POWERS AND FUNCTIONS OF THE ELECTION COMMISSION",
        "(d) Fixing Dates and Conducting Elections"
      ],
      "title": "(d) Fixing Dates and Conducting Elections",
      "sequence_number": 4,
      "depth": 1,
      "level_label": "Topic",
      "has_notes": true
    },
    {
      "path": "POWERS AND FUNCTIONS OF THE ELECTION COMMISSION > (e) Ensuring Free and Fair Elections",
      "path_titles": [
        "POWERS AND FUNCTIONS OF THE ELECTION COMMISSION",
        "(e) Ensuring Free and Fair Elections"
      ],
      "title": "(e) Ensuring Free and Fair Elections",
      "sequence_number": 5,
      "depth": 1,
      "level_label": "Topic",
      "has_notes": true
    },
    {
      "path": "POWERS AND FUNCTIONS OF THE ELECTION COMMISSION > (f) Appointment of Polling Officers",
      "path_titles": [
        "POWERS AND FUNCTIONS OF THE ELECTION COMMISSION",
        "(f) Appointment of Polling Officers"
      ],
      "title": "(f) Appointment of Polling Officers",
      "sequence_number": 6,
      "depth": 1,
      "level_label": "Topic",
      "has_notes": true
    },
    {
      "path": "POWERS AND FUNCTIONS OF THE ELECTION COMMISSION > (g) Scrutiny of Nomination Papers",
      "path_titles": [
        "POWERS AND FUNCTIONS OF THE ELECTION COMMISSION",
        "(g) Scrutiny of Nomination Papers"
      ],
      "title": "(g) Scrutiny of Nomination Papers",
      "sequence_number": 7,
      "depth": 1,
      "level_label": "Topic",
      "has_notes": true
    },
    {
      "path": "POWERS AND FUNCTIONS OF THE ELECTION COMMISSION > (h) Scrutiny of Election Expenses",
      "path_titles": [
        "POWERS AND FUNCTIONS OF THE ELECTION COMMISSION",
        "(h) Scrutiny of Election Expenses"
      ],
      "title": "(h) Scrutiny of Election Expenses",
      "sequence_number": 8,
      "depth": 1,
      "level_label": "Topic",
      "has_notes": true
    },
    {
      "path": "POWERS AND FUNCTIONS OF THE ELECTION COMMISSION > (i) Advisory Functions",
      "path_titles": [
        "POWERS AND FUNCTIONS OF THE ELECTION COMMISSION",
        "(i) Advisory Functions"
      ],
      "title": "(i) Advisory Functions",
      "sequence_number": 9,
      "depth": 1,
      "level_label": "Topic",
      "has_notes": true
    }
  ],
  "stray_leaves": []
}