{
  "syllabus_leaves": [
    {
      "path": "Medieval India (B) The Delhi Sultanate > Sources > Inscriptions",
      "path_titles": [
        "Medieval India (B) The Delhi Sultanate",
        "Sources",
        "Inscriptions"
      ],
      "title": "Inscriptions",
      "sequence_number": 1,
      "depth": 2,
      "level_label": "Subtopic",
      "has_notes": true
    },
    {
      "path": "Medieval India (B) The Delhi Sultanate > Sources > Monuments > Qutub Minar",
      "path_titles": [
        "Medieval India (B) The Delhi Sultanate",
        "Sources",
        "Monuments",
        "Qutub Minar"
      ],
      "title": "Qutub Minar",
      "sequence_number": 1,
      "depth": 3,
      "level_label": "Point",
      "has_notes": true
    },
    {
      "path": "Medieval India (B) The Delhi Sultanate > The Slave Dynasty > Qutubuddin Aibak",
      "path_titles": [
        "Medieval India (B) The Delhi Sultanate",
        "The Slave Dynasty",
        "Qutubuddin Aibak"
      ],
      "title": "Qutubuddin Aibak",
      "sequence_number": 1,
      "depth": 2,
      "level_label": "Subtopic",
      "has_notes": true
    },
    {
      "path": "Medieval India (B) The Delhi Sultanate > The Khilji Dynasty > Alauddin Khilji > Market Regulations",
      "path_titles": [
        "Medieval India (B) The Delhi Sultanate",
        "The Khilji Dynasty",
        "Alauddin Khilji",
        "Market Regulations"
      ],
      "title": "Market Regulations",
      "sequence_number": 1,
      "depth": 3,
      "level_label": "Point",
      "has_notes": true
    },
    {
      "path": "Medieval India (B) The Delhi Sultanate > The Khilji Dynasty > Alauddin Khilji > Deccan Expedition",
      "path_titles": [
        "Medieval India (B) The Delhi Sultanate",
        "The Khilji Dynasty",
        "Alauddin Khilji",
        "Deccan Expedition"
      ],
      "title": "Deccan Expedition",
      "sequence_number": 2,
      "depth": 3,
      "level_label": "Point",
      "has_notes": true
    },
    {
      "path": "Medieval India (B) The Delhi Sultanate > The Khilji Dynasty > Alauddin Khilji > Measures against Nobility",
      "path_titles": [
        "Medieval India (B) The Delhi Sultanate",
        "The Khilji Dynasty",
        "Alauddin Khilji",
        "Measures against Nobility"
      ],
      "title": "Measures against Nobility",
      "sequence_number": 3,
      "depth": 3,
      "level_label": "Point",
      "has_notes": true
    },
    {
      "path": "Medieval India (B) The Delhi Sultanate > The Khilji Dynasty > Alauddin Khilji > Military Reforms",
      "path_titles": [
        "Medieval India (B) The Delhi Sultanate",
        "The Khilji Dynasty",
        "Alauddin Khilji",
        "Military Reforms"
      ],
      "title": "Military Reforms",
      "sequence_number": 4,
      "depth": 3,
      "level_label": "Point",
      "has_notes": true
    },
    {
      "path": "Medieval India (B) The Delhi Sultanate > The Khilji Dynasty > Alauddin Khilji > Revenue Reforms",
      "path_titles": [
        "Medieval India (B) The Delhi Sultanate",
        "The Khilji Dynasty",
        "Alauddin Khilji",
        "Revenue Reforms"
      ],
      "title": "Revenue Reforms",
      "sequence_number": 5,
      "depth": 3,
      "level_label": "Point",
      "has_notes": true
    },
    {
      "path": "Medieval India (B) The Delhi Sultanate > Tughlaq Dynasty > Muhammad Bin Tughlaq > Transfer of Capital",
      "path_titles": [
        "Medieval India (B) The Delhi Sultanate",
        "Tughlaq Dynasty",
        "Muhammad Bin Tughlaq",
        "Transfer of Capital"
      ],
      "title": "Transfer of Capital",
      "sequence_number": 1,
      "depth": 3,
      "level_label": "Point",
      "has_notes": true
    },
    {
      "path": "Medieval India (B) The Delhi Sultanate > Tughlaq Dynasty > Muhammad Bin Tughlaq > Token Currency",
      "path_titles": [
        "Medieval India (B) The Delhi Sultanate",
        "Tughlaq Dynasty",
        "Muhammad Bin Tughlaq",
        "Token Currency"
      ],
      "title": "Token Currency",
      "sequence_number": 2,
      "depth": 3,
      "level_label": "Point",
      "has_notes": true
    },
    {
      "path": "Medieval India (B) The Delhi Sultanate > Tughlaq Dynasty > Muhammad Bin Tughlaq > Taxation in Doab",
      "path_titles": [
        "Medieval India (B) The Delhi Sultanate",
        "Tughlaq Dynasty",
        "Muhammad Bin Tughlaq",
        "Taxation in Doab"
      ],
      "title": "Taxation in Doab",
      "sequence_number": 3,
      "depth": 3,
      "level_label": "Point",
      "has_notes": true
    },
    {
      "path": "Medieval India (B) The Delhi Sultanate > Tughlaq Dynasty > Muhammad Bin Tughlaq > Plan of Conquests",
      "path_titles": [
        "Medieval India (B) The Delhi Sultanate",
        "Tughlaq Dynasty",
        "Muhammad Bin Tughlaq",
        "Plan of Conquests"
      ],
      "title": "Plan of Conquests",
      "sequence_number": 4,
      "depth": 3,
      "level_label": "Point",
      "has_notes": true
    },
    {
      "path": "Medieval India (B) The Delhi Sultanate > Tughlaq Dynasty > Sultanate Administration",
      "path_titles": [
        "Medieval India (B) The Delhi Sultanate",
        "Tughlaq Dynasty",
        "Sultanate Administration"
      ],
      "title": "Sultanate Administration",
      "sequence_number": 2,
      "depth": 2,
      "level_label": "Subtopic",
      "has_notes": true
    }
  ],
  "stray_leaves": []
}