{
  "syllabus_leaves": [
    {
      "path": "The Age of the Guptas > Sources > Accounts of Fa-hien",
      "path_titles": [
        "The Age of the Guptas",
        "Sources",
        "Accounts of Fa-hien"
      ],
      "title": "Accounts of Fa-hien",
      "sequence_number": 1,
      "depth": 2,
      "level_label": "Subtopic",
      "has_notes": true
    },
    {
      "path": "The Age of the Guptas > Sources > The Allahabad Pillar Inscription or Prayaga Prashasti",
      "path_titles": [
        "The Age of the Guptas",
        "Sources",
        "The Allahabad Pillar Inscription or Prayaga Prashasti"
      ],
      "title": "The Allahabad Pillar Inscription or Prayaga Prashasti",
      "sequence_number": 2,
      "depth": 2,
      "level_label": "Subtopic",
      "has_notes": true
    },
    {
      "path": "The Age of the Guptas > Reign of Gupta Period > Chandragupta-I",
      "path_titles": [
        "The Age of the Guptas",
        "Reign of Gupta Period",
        "Chandragupta-I"
      ],
      "title": "Chandragupta-I",
      "sequence_number": 1,
      "depth": 2,
      "level_label": "Subtopic",
      "has_notes": true
    },
    {
      "path": "The Age of the Guptas > Reign of Gupta Period > Samudragupta",
      "path_titles": [
        "The Age of the Guptas",
        "Reign of Gupta Period",
        "Samudragupta"
      ],
      "title": "Samudragupta",
      "sequence_number": 2,
      "depth": 2,
      "level_label": "Subtopic",
      "has_notes": true
    },
    {
      "path": "The Age of the Guptas > Reign of Gupta Period > Chandragupta II Vikramaditya",
      "path_titles": [
        "The Age of the Guptas",
        "Reign of Gupta Period",
        "Chandragupta II Vikramaditya"
      ],
      "title": "Chandragupta II Vikramaditya",
      "sequence_number": 3,
      "depth": 2,
      "level_label": "Subtopic",
      "has_notes": true
    },
    {
      "path": "The Age of the Guptas > Gupta Administration > Monarchy",
      "path_titles": [
        "The Age of the Guptas",
        "Gupta Administration",
        "Monarchy"
      ],
      "title": "Monarchy",
      "sequence_number": 1,
      "depth": 2,
      "level_label": "Subtopic",
      "has_notes": true
    },
    {
      "path": "The Age of the Guptas > Gupta Administration > The Council of Ministers",
      "path_titles": [
        "The Age of the Guptas",
        "Gupta Administration",
        "The Council of Ministers"
      ],
      "title": "The Council of Ministers",
      "sequence_number": 2,
      "depth": 2,
      "level_label": "Subtopic",
      "has_notes": true
    },
    {
      "path": "The Age of the Guptas > Gupta Administration > Provincial and Local Administration",
      "path_titles": [
        "The Age of the Guptas",
        "Gupta Administration",
        "Provincial and Local Administration"
      ],
      "title": "Provincial and Local Administration",
      "sequence_number": 3,
      "depth": 2,
      "level_label": "Subtopic",
      "has_notes": true
    },
    {
      "path": "The Age of the Guptas > Gupta Administration > Feudal Nature of Polity",
      "path_titles": [
        "The Age of the Guptas",
        "Gupta Administration",
        "Feudal Nature of Polity"
      ],
      "title": "Feudal Nature of Polity",
      "sequence_number": 4,
      "depth": 2,
      "level_label": "Subtopic",
      "has_notes": true
    },
    {
      "path": "The Age of the Guptas > The Golden Age of Indian Culture",
      "path_titles": [
        "The Age of the Guptas",
        "The Golden Age of Indian Culture"
      ],
      "title": "The Golden Age of Indian Culture",
      "sequence_number": 4,
      "depth": 1,
      "level_label": "Topic",
      "has_notes": true
    },
    {
      "path": "The Age of the Guptas > Education > Nalanda University",
      "path_titles": [
        "The Age of the Guptas",
        "Education",
        "Nalanda University"
      ],
      "title": "Nalanda University",
      "sequence_number": 1,
      "depth": 2,
      "level_label": "Subtopic",
      "has_notes": true
    },
    {
      "path": "The Age of the Guptas > Science",
      "path_titles": [
        "The Age of the Guptas",
        "Science"
      ],
      "title": "Science",
      "sequence_number": 6,
      "depth": 1,
      "level_label": "Topic",
      "has_notes": true
    },
    {
      "path": "The Age of the Guptas > Culture",
      "path_titles": [
        "The Age of the Guptas",
        "Culture"
      ],
      "title": "Culture",
      "sequence_number": 7,
      "depth": 1,
      "level_label": "Topic",
      "has_notes": true
    },
    {
      "path": "The Age of the Guptas > Literature > Kalidasa",
      "path_titles": [
        "The Age of the Guptas",
        "Literature",
        "Kalidasa"
      ],
      "title": "Kalidasa",
      "sequence_number": 1,
      "depth": 2,
      "level_label": "Subtopic",
      "has_notes": true
    }
  ],
  "stray_leaves": [
    {
      "title": "Aryabhatta",
      "insert_after_index": 16,
      "micro_topics": [],
      "has_notes": true
    },
    {
      "title": "The Vishnu Temple at Deogarh",
      "insert_after_index": 17,
      "micro_topics": [],
      "has_notes": true
    }
  ]
}