{
  "syllabus_leaves": [
    {
      "path": "CAUSES OF THE FIRST WORLD WAR > Nationalism and Imperialism",
      "path_titles": [
        "CAUSES OF THE FIRST WORLD WAR",
        "Nationalism and Imperialism"
      ],
      "title": "Nationalism and Imperialism",
      "sequence_number": 1,
      "depth": 1,
      "level_label": "Topic",
      "has_notes": true
    },
    {
      "path": "CAUSES OF THE FIRST WORLD WAR > Race for Armaments",
      "path_titles": [
        "CAUSES OF THE FIRST WORLD WAR",
        "Race for Armaments"
      ],
      "title": "Race for Armaments",
      "sequence_number": 2,
      "depth": 1,
      "level_label": "Topic",
      "has_notes": true
    },
    {
      "path": "CAUSES OF THE FIRST WORLD WAR > Division of Europe into Two Hostile Groups",
      "path_titles": [
        "CAUSES OF THE FIRST WORLD WAR",
        "Division of Europe into Two Hostile Groups"
      ],
      "title": "Division of Europe into Two Hostile Groups",
      "sequence_number": 3,
      "depth": 1,
      "level_label": "Topic",
      "has_notes": true
    },
    {
      "path": "CAUSES OF THE FIRST WORLD WAR > Sarajevo Crisis (Immediate Cause)",
      "path_titles": [
        "CAUSES OF THE FIRST WORLD WAR",
        "Sarajevo Crisis (Immediate Cause)"
      ],
      "title": "Sarajevo Crisis (Immediate Cause)",
      "sequence_number": 4,
      "depth": 1,
      "level_label": "Topic",
      "has_notes": true
    },
    {
      "path": "EVENTS OF THE WORLD WAR > War on the Western Front",
      "path_titles": [
        "EVENTS OF THE WORLD WAR",
        "War on the Western Front"
      ],
      "title": "War on the Western Front",
      "sequence_number": 1,
      "depth": 1,
      "level_label": "Topic",
      "has_notes": true
    },
    {
      "path": "EVENTS OF THE WORLD WAR > Trench Warfare",
      "path_titles": [
        "EVENTS OF THE WORLD WAR",
        "Trench Warfare"
      ],
      "title": "Trench Warfare",
      "sequence_number": 2,
      "depth": 1,
      "level_label": "Topic",
      "has_notes": true
    },
    {
      "path": "EVENTS OF THE WORLD WAR > War on the Eastern Front",
      "path_titles": [
        "EVENTS OF THE WORLD WAR",
        "War on the Eastern Front"
      ],
      "title": "War on the Eastern Front",
      "sequence_number": 3,
      "depth": 1,
      "level_label": "Topic",
      "has_notes": true
    },
    {
      "path": "EVENTS OF THE WORLD WAR > Policy of Blockade",
      "path_titles": [
        "EVENTS OF THE WORLD WAR",
        "Policy of Blockade"
      ],
      "title": "Policy of Blockade",
      "sequence_number": 4,
      "depth": 1,
      "level_label": "Topic",
      "has_notes": true
    },
    {
      "path": "EVENTS OF THE WORLD WAR > War Against Turkey",
      "path_titles": [
        "EVENTS OF THE WORLD WAR",
        "War Against Turkey"
      ],
      "title": "War Against Turkey",
      "sequence_number": 5,
      "depth": 1,
      "level_label": "Topic",
      "has_notes": true
    },
    {
      "path": "EVENTS OF THE WORLD WAR > Entry of the USA in the War",
      "path_titles": [
        "EVENTS OF THE WORLD WAR",
        "Entry of the USA in the War"
      ],
      "title": "Entry of the USA in the War",
      "sequence_number": 6,
      "depth": 1,
      "level_label": "Topic",
      "has_notes": true
    },
    {
      "path": "EVENTS OF THE WORLD WAR > Exit of Russia",
      "path_titles": [
        "EVENTS OF THE WORLD WAR",
        "Exit of Russia"
      ],
      "title": "Exit of Russia",
      "sequence_number": 7,
      "depth": 1,
      "level_label": "Topic",
      "has_notes": true
    },
    {
      "path": "EVENTS OF THE WORLD WAR > Treaty of Brest-Litovsk (March 1918)",
      "path_titles": [
        "EVENTS OF THE WORLD WAR",
        "Treaty of Brest-Litovsk (March 1918)"
      ],
      "title": "Treaty of Brest-Litovsk (March 1918)",
      "sequence_number": 8,
      "depth": 1,
      "level_label": "Topic",
      "has_notes": true
    },
    {
      "path": "EVENTS OF THE WORLD WAR > End of the War",
      "path_titles": [
        "EVENTS OF THE WORLD WAR",
        "End of the War"
      ],
      "title": "End of the War",
      "sequence_number": 9,
      "depth": 1,
      "level_label": "Topic",
      "has_notes": true
    },
    {
      "path": "RESULTS OF THE WAR > The Treaty of Versailles (June 28,1919)",
      "path_titles": [
        "RESULTS OF THE WAR",
        "The Treaty of Versailles (June 28,1919)"
      ],
      "title": "The Treaty of Versailles (June 28,1919)",
      "sequence_number": 1,
      "depth": 1,
      "level_label": "Topic",
      "has_notes": true
    },
    {
      "path": "RESULTS OF THE WAR > Terms of the Treaty",
      "path_titles": [
        "RESULTS OF THE WAR",
        "Terms of the Treaty"
      ],
      "title": "Terms of the Treaty",
      "sequence_number": 2,
      "depth": 1,
      "level_label": "Topic",
      "has_notes": true
    },
    {
      "path": "RESULTS OF THE WAR > Territorial Rearrangements",
      "path_titles": [
        "RESULTS OF THE WAR",
        "Territorial Rearrangements"
      ],
      "title": "Territorial Rearrangements",
      "sequence_number": 3,
      "depth": 1,
      "level_label": "Topic",
      "has_notes": true
    },
    {
      "path": "RESULTS OF THE WAR > Formation of the League of Nations",
      "path_titles": [
        "RESULTS OF THE WAR",
        "Formation of the League of Nations"
      ],
      "title": "Formation of the League of Nations",
      "sequence_number": 4,
      "depth": 1,
      "level_label": "Topic",
      "has_notes": true
    },
    {
      "path": "RESULTS OF THE WAR > Aims and Objectives of the League of Nations",
      "path_titles": [
        "RESULTS OF THE WAR",
        "Aims and Objectives of the League of Nations"
      ],
      "title": "Aims and Objectives of the League of Nations",
      "sequence_number": 5,
      "depth": 1,
      "level_label": "Topic",
      "has_notes": true
    },
    {
      "path": "CHAPTER AT A GLANCE",
      "path_titles": [
        "CHAPTER AT A GLANCE"
      ],
      "title": "CHAPTER AT A GLANCE",
      "sequence_number": 4,
      "depth": 0,
      "level_label": "Section",
      "has_notes": true
    },
    {
      "path": "EXERCISES > I. Multiple-Choice Questions",
      "path_titles": [
        "EXERCISES",
        "I. Multiple-Choice Questions"
      ],
      "title": "I. Multiple-Choice Questions",
      "sequence_number": 1,
      "depth": 1,
      "level_label": "Topic",
      "has_notes": false
    },
    {
      "path": "EXERCISES > II. Short Answer Questions",
      "path_titles": [
        "EXERCISES",
        "II. Short Answer Questions"
      ],
      "title": "II. Short Answer Questions",
      "sequence_number": 2,
      "depth": 1,
      "level_label": "Topic",
      "has_notes": false
    },
    {
      "path": "EXERCISES > III. Structured Questions",
      "path_titles": [
        "EXERCISES",
        "III. Structured Questions"
      ],
      "title": "III. Structured Questions",
      "sequence_number": 3,
      "depth": 1,
      "level_label": "Topic",
      "has_notes": false
    },
    {
      "path": "EXERCISES > IV. Higher Order Thinking Skills (HOTS)",
      "path_titles": [
        "EXERCISES",
        "IV. Higher Order Thinking Skills (HOTS)"
      ],
      "title": "IV. Higher Order Thinking Skills (HOTS)",
      "sequence_number": 4,
      "depth": 1,
      "level_label": "Topic",
      "has_notes": false
    }
  ],
  "stray_leaves": [
    {
      "title": "III. THE CONTEMPORARY WORLD",
      "insert_after_index": 0,
      "micro_topics": [
        "CHAPTER 10 The First World War"
      ],
      "has_notes": false
    },
    {
      "title": "CHAPTER 10 The First World War",
      "insert_after_index": 0,
      "micro_topics": [],
      "has_notes": true
    }
  ]
}