{
  "syllabus_leaves": [
    {
      "path": "THE MAURYAS",
      "path_titles": [
        "THE MAURYAS"
      ],
      "title": "THE MAURYAS",
      "sequence_number": 1,
      "depth": 0,
      "level_label": "Section",
      "has_notes": true
    },
    {
      "path": "SOURCES > LITERARY SOURCES > (i) Arthashastra of Kautilya",
      "path_titles": [
        "SOURCES",
        "LITERARY SOURCES",
        "(i) Arthashastra of Kautilya"
      ],
      "title": "(i) Arthashastra of Kautilya",
      "sequence_number": 1,
      "depth": 2,
      "level_label": "Subtopic",
      "has_notes": true
    },
    {
      "path": "SOURCES > LITERARY SOURCES > (ii) Indika",
      "path_titles": [
        "SOURCES",
        "LITERARY SOURCES",
        "(ii) Indika"
      ],
      "title": "(ii) Indika",
      "sequence_number": 2,
      "depth": 2,
      "level_label": "Subtopic",
      "has_notes": true
    },
    {
      "path": "SOURCES > ARCHAEOLOGICAL SOURCES > (i) Edicts of Ashoka",
      "path_titles": [
        "SOURCES",
        "ARCHAEOLOGICAL SOURCES",
        "(i) Edicts of Ashoka"
      ],
      "title": "(i) Edicts of Ashoka",
      "sequence_number": 1,
      "depth": 2,
      "level_label": "Subtopic",
      "has_notes": true
    },
    {
      "path": "SOURCES > ARCHAEOLOGICAL SOURCES > (ii) Sanchi Stupa",
      "path_titles": [
        "SOURCES",
        "ARCHAEOLOGICAL SOURCES",
        "(ii) Sanchi Stupa"
      ],
      "title": "(ii) Sanchi Stupa",
      "sequence_number": 2,
      "depth": 2,
      "level_label": "Subtopic",
      "has_notes": true
    },
    {
      "path": "THE MAURYAN EMPIRE > CHANDRAGUPTA MAURYA",
      "path_titles": [
        "THE MAURYAN EMPIRE",
        "CHANDRAGUPTA MAURYA"
      ],
      "title": "CHANDRAGUPTA MAURYA",
      "sequence_number": 1,
      "depth": 1,
      "level_label": "Topic",
      "has_notes": true
    },
    {
      "path": "THE MAURYAN EMPIRE > BINDUSARA",
      "path_titles": [
        "THE MAURYAN EMPIRE",
        "BINDUSARA"
      ],
      "title": "BINDUSARA",
      "sequence_number": 2,
      "depth": 1,
      "level_label": "Topic",
      "has_notes": true
    },
    {
      "path": "THE MAURYAN EMPIRE > ASHOKA > Kalinga War",
      "path_titles": [
        "THE MAURYAN EMPIRE",
        "ASHOKA",
        "Kalinga War"
      ],
      "title": "Kalinga War",
      "sequence_number": 1,
      "depth": 2,
      "level_label": "Subtopic",
      "has_notes": true
    },
    {
      "path": "THE MAURYAN EMPIRE > ASHOKA > Consequences of Kalinga War",
      "path_titles": [
        "THE MAURYAN EMPIRE",
        "ASHOKA",
        "Consequences of Kalinga War"
      ],
      "title": "Consequences of Kalinga War",
      "sequence_number": 2,
      "depth": 2,
      "level_label": "Subtopic",
      "has_notes": true
    },
    {
      "path": "THE MAURYAN EMPIRE > ASHOKA > Extent of Ashoka's Empire",
      "path_titles": [
        "THE MAURYAN EMPIRE",
        "ASHOKA",
        "Extent of Ashoka's Empire"
      ],
      "title": "Extent of Ashoka's Empire",
      "sequence_number": 3,
      "depth": 2,
      "level_label": "Subtopic",
      "has_notes": true
    },
    {
      "path": "MAURYAN ADMINISTRATION > Pan-Indian Character",
      "path_titles": [
        "MAURYAN ADMINISTRATION",
        "Pan-Indian Character"
      ],
      "title": "Pan-Indian Character",
      "sequence_number": 1,
      "depth": 1,
      "level_label": "Topic",
      "has_notes": true
    },
    {
      "path": "MAURYAN ADMINISTRATION > Administration",
      "path_titles": [
        "MAURYAN ADMINISTRATION",
        "Administration"
      ],
      "title": "Administration",
      "sequence_number": 2,
      "depth": 1,
      "level_label": "Topic",
      "has_notes": true
    },
    {
      "path": "ASHOKA'S DHAMMA > Principles of Dhamma",
      "path_titles": [
        "ASHOKA'S DHAMMA",
        "Principles of Dhamma"
      ],
      "title": "Principles of Dhamma",
      "sequence_number": 1,
      "depth": 1,
      "level_label": "Topic",
      "has_notes": true
    },
    {
      "path": "ASHOKA'S DHAMMA > MPACT OF DHAMMA ON\nSHOKA'S IMPERIAL POLICY",
      "path_titles": [
        "ASHOKA'S DHAMMA",
        "MPACT OF DHAMMA ON\nSHOKA'S IMPERIAL POLICY"
      ],
      "title": "MPACT OF DHAMMA ON\nSHOKA'S IMPERIAL POLICY",
      "sequence_number": 2,
      "depth": 1,
      "level_label": "Topic",
      "has_notes": true
    }
  ],
  "stray_leaves": [
    {
      "title": "Civil Administration",
      "insert_after_index": 17,
      "micro_topics": [],
      "has_notes": true
    },
    {
      "title": "(i) Central Government",
      "insert_after_index": 17,
      "micro_topics": [],
      "has_notes": true
    },
    {
      "title": "(ii) Provincial Government",
      "insert_after_index": 17,
      "micro_topics": [],
      "has_notes": true
    },
    {
      "title": "(iii) District Administration",
      "insert_after_index": 17,
      "micro_topics": [],
      "has_notes": true
    },
    {
      "title": "(iv) Administration of Cities",
      "insert_after_index": 17,
      "micro_topics": [],
      "has_notes": true
    },
    {
      "title": "(v) The Revenue System",
      "insert_after_index": 17,
      "micro_topics": [],
      "has_notes": true
    },
    {
      "title": "(vi) The Spy System",
      "insert_after_index": 17,
      "micro_topics": [],
      "has_notes": true
    },
    {
      "title": "(vii) Military Administration",
      "insert_after_index": 17,
      "micro_topics": [],
      "has_notes": true
    }
  ]
}