{
  "board": "ICSE",
  "grade": 9,
  "subject": "HistoryCivics",
  "book_slug": "TotalHistoryCivics_MorningStar_DollyESequeira",
  "book_meta": {
    "book_name": "Total History & Civics",
    "publication": "Morning Star",
    "author": "Dolly E. Sequeira"
  },
  "chapter_sequence_number": 6,
  "chapter_title": "Local Self-Government - Urban",
  "discipline": "civics",
  "reconciliation": {
    "outline": [
      "Local Self-Government -Urban",
      "THE CONSTITUTION (74TH AMENDMENT) ACT, 1992",
      "MUNICIPAL CORPORATION",
      "ELECTION",
      "TERM",
      "COMPOSITION",
      "(a) General Council",
      "The Municipal Corporation of Delhi",
      "(b) Mayor",
      "Functions of the Mayor",
      "(c) Standing Committees",
      "(d) Municipal Commissioner",
      "FUNCTIONS OF THE MUNICIPAL CORPORATION",
      "Compulsory Functions",
      "2. Discretionary or Optional Functions:",
      "MUNICIPAL COMMITTEE",
      "(a) General Body of the Municipal Committee:",
      "Eligibility:",
      "Term:",
      "(b) Chairman/President:",
      "(c) Chief Executive Officer:",
      "Other Office Bearers:",
      "COOPERATION AND COORDINATION BETWEEN LOCAL SELF-GOVERNMENT AND LOCAL GOVERNMENT",
      "THE DISTRICT ADMINISTRATION",
      "Appointment:",
      "Other Office Bearers:",
      "Functions:",
      "Difference Between a Municipal Corporation and a Municipal Committee"
    ],
    "in_syllabus_only": [],
    "in_pdf_only": [
      {
        "title": "The Municipal Corporation of Delhi",
        "insert_after_index": 17,
        "micro_topics": []
      },
      {
        "title": "COOPERATION AND COORDINATION BETWEEN LOCAL SELF-GOVERNMENT AND LOCAL GOVERNMENT",
        "insert_after_index": 32,
        "micro_topics": []
      },
      {
        "title": "Difference Between a Municipal Corporation and a Municipal Committee",
        "insert_after_index": 36,
        "micro_topics": []
      }
    ],
    "additional_sections": [
      {
        "title": "The Municipal Corporation of Delhi",
        "content_md": "The Municipal Corporation of Delhi had its first formal meeting on June 1, 1863. According to officials the municipality came into being in February 1863 and acted as a constituent committee to frame by laws to run the city.\n\nThe year also marked the setting up of the first sanitation and conservancy system with a Unani dispensary in Sadar Bazar as well as the introduction of registration births and deaths. The next year saw the introduction of fire fighting system, water supply and taxation. Municipal Corporation of Delhi as set up by the an Act of Parliament in 1958 is the second largest municipal body in the world."
      },
      {
        "title": "Difference Between a Municipal Corporation and a Municipal Committee",
        "content_md": "| Municipal Corporation | Municipal Committee |\n| :--- | :--- |\n| 1. These are meant for big cities. | 1. These are meant for smaller cities. |\n| 2. The head of the corporation is known as Mayor. | 2. The head of a Municipal committee is known as Chairperson/President. |\n| 3. It has more powers and more sources of revenue. | 3. It has comparatively less powers and fewer sources of revenue. |\n| 4. It deals with the State government directly. | 4. It deals with the State government through the District Administration. |"
      }
    ]
  },
  "nodes": [
    {
      "title": "Local Self-Government-Urban",
      "sequence_number": 1,
      "depth": 0,
      "level_label": "Section",
      "children": [
        {
          "title": "Urban: Municipal Committees and Municipal Corporations-meaning and functions.",
          "sequence_number": 1,
          "depth": 1,
          "level_label": "Topic",
          "children": [],
          "content_blocks": [
            {
              "content_md": "### MUNICIPAL CORPORATION\n\nA **Municipal Corporation** is a local self-government unit in big cities.\n\nThe Municipal Corporation carries out its functions through well organised divisions or departments. For example, **Water Supply and Sewage Disposal Undertaking**, **Housing Board**, **Education Department** and **Electricity Department**. Each of these departments are looked after by experienced and qualified persons."
            },
            {
              "content_md": "### FUNCTIONS OF THE MUNICIPAL CORPORATION\n\nThe Municipal Corporation is the local self-government unit of the city. It deals with all the matters that concern the residents of the city. These functions are generally divided into two categories—the **obligatory or compulsory functions** and **discretionary or optional functions** (functions depending on availability of funds)."
            },
            {
              "content_md": "[Image: Medical camp being organised by Municipal Corporation]\n\n**Municipal Councils** and **Municipal Corporations** are constituted in smaller urban areas and larger urban areas respectively. The Governor of a state determines the areas for different forms of urban bodies based on the population of the area, density of population, revenue generated by the local body, percentage of employment in non-agricultural activities and other factors.\n\n### MUNICIPAL COMMITTEE\n\nA **Municipal Committee** is set up for smaller towns. Such bodies are also called **Municipal Boards** or **Municipalities**. Their organisation is more or less similar to a Municipal Corporation. Due to their smaller size these have generally three wings—**General Body**, **Chairman/President**, **Chief Executive Officer** or the **Secretary**.\n\n[Image: Municipal Corporation constructs and maintains roads and flyovers]"
            }
          ]
        }
      ],
      "content_blocks": []
    },
    {
      "title": "THE CONSTITUTION (74TH AMENDMENT) ACT, 1992",
      "sequence_number": 2,
      "depth": 0,
      "level_label": "Section",
      "children": [
        {
          "title": "The salient features of the Act are the following:",
          "sequence_number": 1,
          "depth": 1,
          "level_label": "Topic",
          "children": [
            {
              "title": "The Act gives constitutional status to urban local bodies.",
              "sequence_number": 1,
              "depth": 2,
              "level_label": "Subtopic",
              "children": [],
              "content_blocks": [
                {
                  "content_md": "In many States local bodies had become weak and ineffective on account of a variety of reasons including the failure to hold regular elections. As a result Urban Local Bodies were not able to perform effectively as vibrant democratic units of self-government. In order to make the urban local bodies more effective, the **Constitution (74th Amendment) Act, 1992**, also known as the **Nagarpalika and Municipalities Act** was passed."
                },
                {
                  "content_md": "The salient features of the Act are the following:\n* The Act gives **constitutional status** to urban local bodies.\n* The Act provides for **direct election** to all the local self-government bodies.\n* A fixed tenure of **five years** for the municipalities has been prescribed.\n* **33 per cent of the seats** should be reserved for **women** under each category of SC/ST/Backward Classes.\n* **District Planning Committee** to be constituted by the State Government.\n\nThe Act provides for **three tier local bodies** for urban areas as under:\n* **Municipal Corporations** for larger urban areas.\n* **Municipal Councils** for smaller urban areas.\n* **Nagar Panchayats** for areas in transition from a rural area to urban area.\n\nIn addition, there are **Town Area Committees**, **Cantonment Boards** and **Port Trusts** in certain urban areas."
                }
              ]
            },
            {
              "title": "The Act provides for direct election to all the local self-government bodies.",
              "sequence_number": 2,
              "depth": 2,
              "level_label": "Subtopic",
              "children": [],
              "content_blocks": [
                {
                  "content_md": "The Act provides for **direct election** to all the **local self-government bodies**."
                }
              ]
            },
            {
              "title": "A fixed tenure of five years for the municipalities has been prescribed.",
              "sequence_number": 3,
              "depth": 2,
              "level_label": "Subtopic",
              "children": [],
              "content_blocks": [
                {
                  "content_md": "A **fixed tenure of five years** has been provided in the **Constitution (74th Amendment) Act, 1992**. It can be **dissolved** even before the completion of its term by the **Governor of the State** on the advice of the **Council of Ministers**. However, the election for the Municipal Corporation should be completed before the expiry of its term. In case of **dissolution**, elections should be held within **six months** of its dissolution."
                }
              ]
            },
            {
              "title": "33 per cent of the seats should be reserved for women under each category of SC/ST/Backward Classes.",
              "sequence_number": 4,
              "depth": 2,
              "level_label": "Subtopic",
              "children": [],
              "content_blocks": [
                {
                  "content_md": "Under the **Constitution (74th Amendment) Act, 1992**, **33 per cent of the seats** should be **reserved for women** under each category of **SC/ST/Backward Classes**."
                }
              ]
            },
            {
              "title": "District Planning Committee to be constituted by the State Government.",
              "sequence_number": 5,
              "depth": 2,
              "level_label": "Subtopic",
              "children": [],
              "content_blocks": [
                {
                  "content_md": "*   **District Planning Committee** to be constituted by the **State Government**."
                }
              ]
            }
          ],
          "content_blocks": []
        },
        {
          "title": "The Act provides for three tier local bodies for urban areas as under:",
          "sequence_number": 2,
          "depth": 1,
          "level_label": "Topic",
          "children": [
            {
              "title": "Municipal Corporations for larger urban areas.",
              "sequence_number": 1,
              "depth": 2,
              "level_label": "Subtopic",
              "children": [],
              "content_blocks": [
                {
                  "content_md": "A **Municipal Corporation** is a **local self-government unit** in **big cities**.\n\nThe Municipal Corporation carries out its functions through well-organised **divisions or departments**. For example, Water Supply and Sewage Disposal Undertaking, Housing Board, Education Department and Electricity Department. Each of these departments are looked after by experienced and qualified persons."
                },
                {
                  "content_md": "### The Municipal Corporation of Delhi\nThe Municipal Corporation of Delhi had its first formal meeting on **June 1, 1863**. According to officials the municipality came into being in **February 1863** and acted as a constituent committee to frame by laws to run the city.\n\nThe year also marked the setting up of the first **sanitation and conservancy system** with a Unani dispensary in Sadar Bazar as well as the introduction of **registration of births and deaths**. The next year saw the introduction of **fire fighting system, water supply and taxation**. Municipal Corporation of Delhi as set up by an Act of Parliament in 1958 is the **second largest municipal body in the world**."
                }
              ]
            },
            {
              "title": "Municipal Councils for smaller urban areas.",
              "sequence_number": 2,
              "depth": 2,
              "level_label": "Subtopic",
              "children": [],
              "content_blocks": [
                {
                  "content_md": "Municipal Councils and Municipal Corporations are constituted in smaller urban areas and larger urban areas respectively. The Governor of a state determines the areas for different forms of urban bodies based on the population of the area, density of population, revenue generated by the local body, percentage of employment in non-agricultural activities and other factors."
                },
                {
                  "content_md": "A **Municipal Committee** is set up for smaller towns. Such bodies are also called **Municipal Boards** or **Municipalities**. Their organisation is more or less similar to a Municipal Corporation. Due to their smaller size these have generally three wings—**General Body**, **Chairman/President**, **Chief Executive Officer** or the **Secretary**.\n\n[Image: Municipal Corporation constructs and maintains roads and flyovers]"
                }
              ]
            },
            {
              "title": "Nagar Panchayats for areas in transition from a rural area to urban area.",
              "sequence_number": 3,
              "depth": 2,
              "level_label": "Subtopic",
              "children": [],
              "content_blocks": [
                {
                  "content_md": "The **Constitution (74th Amendment) Act, 1992** provides for three-tier local bodies for urban areas. One of these bodies is the **Nagar Panchayat**.\n\n*   **Nagar Panchayats** are constituted for areas in transition from a rural area to an urban area."
                }
              ]
            }
          ],
          "content_blocks": []
        },
        {
          "title": "In addition, there are Town Area Committees, Cantonment Boards and Port Trusts in certain urban areas.",
          "sequence_number": 3,
          "depth": 1,
          "level_label": "Topic",
          "children": [],
          "content_blocks": [
            {
              "content_md": ""
            }
          ]
        }
      ],
      "content_blocks": []
    },
    {
      "title": "MUNICIPAL CORPORATION",
      "sequence_number": 3,
      "depth": 0,
      "level_label": "Section",
      "children": [
        {
          "title": "ELECTION",
          "sequence_number": 1,
          "depth": 1,
          "level_label": "Topic",
          "children": [],
          "content_blocks": [
            {
              "content_md": "The **members of the Corporation** are elected in the same way as members of the **Legislative Assembly**. However, instead of **Constituency**, Municipal areas are known as **Wards**. The elections are held on the basis of **Universal Adult Franchise** through **secret ballot**. The number of representatives depends on the population of the city."
            }
          ]
        },
        {
          "title": "TERM",
          "sequence_number": 2,
          "depth": 1,
          "level_label": "Topic",
          "children": [],
          "content_blocks": [
            {
              "content_md": "A **fixed tenure of five years** has been provided in the **Constitution (74th Amendment) Act, 1992**. It can be **dissolved** even before the completion of its term by the **Governor of the State** on the advice of the Council of Ministers. However, the election for the Municipal Corporation should be completed before the expiry of its term. In case of dissolution, elections should be held within **six months** of its dissolution."
            }
          ]
        },
        {
          "title": "COMPOSITION",
          "sequence_number": 3,
          "depth": 1,
          "level_label": "Topic",
          "children": [
            {
              "title": "(a) General Council",
              "sequence_number": 1,
              "depth": 2,
              "level_label": "Subtopic",
              "children": [],
              "content_blocks": [
                {
                  "content_md": "### (a) General Council\n\nThe **General Council** is formed of elected members known as **Municipal Councillors**. These members are elected directly on the basis of **Universal Adult Franchise** through secret ballot. The number of seats in a Corporation depends on the population of the city and is determined by the **State government**. There are **reserved constituencies** for **Scheduled Castes** and **Scheduled Tribes**. The **General Council** co-opts some members as **Aldermen**. They are generally eminent persons of the city and are nominated by the **Governor**. The **General Council** appoints many other officials except the **Municipal Commissioner**."
                }
              ]
            },
            {
              "title": "(b) Mayor",
              "sequence_number": 2,
              "depth": 2,
              "level_label": "Subtopic",
              "children": [],
              "content_blocks": [
                {
                  "content_md": "The **Councillors** together with **Aldermen** elect from amongst themselves the **Mayor** and the **Deputy Mayor**. They are generally elected for a period of one year but can be re-elected annually for the full term of the Corporation."
                }
              ]
            },
            {
              "title": "(c) The Standing Committees",
              "sequence_number": 3,
              "depth": 2,
              "level_label": "Subtopic",
              "children": [],
              "content_blocks": [
                {
                  "content_md": "The members of the **General Council** are represented on **Standing Committees** through elections. There are different **Standing Committees** to deal with subjects like **finance**, **health**, **engineering**, **taxation** and **welfare schemes**."
                }
              ]
            },
            {
              "title": "(d) A Municipal Commissioner.",
              "sequence_number": 4,
              "depth": 2,
              "level_label": "Subtopic",
              "children": [],
              "content_blocks": [
                {
                  "content_md": "The **Municipal Commissioner** is appointed by the **Governor** usually for a term of 5 years. In the case of a Union Territory, he/she is appointed by the **Central Government**. He/She is the **Chief Executive** of the Corporation."
                },
                {
                  "content_md": "His/Her functions include the following:\n\n1.  To carry on and control the **administration of the Corporation**.\n2.  To implement the **projects and programmes** as laid down by the **General Council**.\n3.  To **maintain and safeguard** all municipal properties, records etc.\n4.  To prepare **financial budgets** and perform other related functions.\n5.  To take part in the meetings of the Council but he cannot move any resolution or vote in the meetings. He also **keeps records** of the minutes and proceedings of the meetings."
                }
              ]
            }
          ],
          "content_blocks": []
        },
        {
          "title": "The Municipal Corporation of Delhi",
          "sequence_number": 4,
          "depth": 1,
          "level_label": "Topic",
          "children": [],
          "content_blocks": [
            {
              "content_md": "The **Municipal Corporation of Delhi** had its first formal meeting on **June 1, 1863**. According to officials the municipality came into being in **February 1863** and acted as a constituent committee to frame by-laws to run the city.\n\nThe year also marked the setting up of the **first sanitation and conservancy system** with a **Unani dispensary in Sadar Bazar** as well as the introduction of **registration of births and deaths**. The next year saw the introduction of a **fire fighting system, water supply and taxation**. The Municipal Corporation of Delhi, as set up by an **Act of Parliament in 1958**, is the **second largest municipal body in the world**."
            }
          ]
        },
        {
          "title": "Functions of the Mayor",
          "sequence_number": 5,
          "depth": 1,
          "level_label": "Topic",
          "children": [],
          "content_blocks": [
            {
              "content_md": "1. Considered as the **‘First Citizen’**, he/she represents the city at various ceremonies and receives foreign guests coming to visit the city. This is considered his most important duty.\n2. He/She **presides over the meetings** of the Corporation.\n3. He/She **regulates and conducts business** of the Corporation.\n4. He/She **fixes the agenda** for consideration at the meetings of the Corporation.\n5. He/She **obtains reports** from the **Municipal Commissioner** regarding various projects and programmes undertaken by the Corporation.\n6. He/She acts as a **link between the Corporation and the State government**."
            }
          ]
        }
      ],
      "content_blocks": []
    },
    {
      "title": "FUNCTIONS OF THE MUNICIPAL CORPORATION",
      "sequence_number": 4,
      "depth": 0,
      "level_label": "Section",
      "children": [
        {
          "title": "Compulsory Functions",
          "sequence_number": 1,
          "depth": 1,
          "level_label": "Topic",
          "children": [],
          "content_blocks": [
            {
              "content_md": "These include:\n1.  **Provision of electricity, water, sewage disposal**. These functions are carried through various departments which have the services of experts and engineers who are appointed as full time employees of the Corporation.\n2.  **Provision of public health services** like provision of **hospitals, dispensaries, family welfare centres**. It has to organise and carry on special public health measures to prevent the spread of **communicable diseases**. Removal and disposal of garbage, and dealing with other city wastes are priority functions. The Corporation appoints its own staff to carry on these functions.\n3.  **Provision of public conveniences and utilities** like roads, buildings, bus-shelters, demolition of dangerous structures, plantation of trees, and provision of public urinals and toilets.\n4.  **Provision of educational institutions** like primary and secondary schools including organisation of adult literacy classes, organising and undertaking promotion of sports and games and providing necessary facilities.\n5.  **Maintenance of records of births and deaths** and maintenance and upkeep of cremation and burial grounds.\n6.  Undertaking of **public safety and security** like maintenance of **fire department** together with fire engines; disaster like floods and earthquake management groups etc.\n7.  Preparation, publishing and issuing of an **annual report of the Corporation** stating its various activities, projects and programmes."
            }
          ]
        }
      ],
      "content_blocks": []
    },
    {
      "title": "2. Discretionary or Optional Functions:",
      "sequence_number": 5,
      "depth": 0,
      "level_label": "Section",
      "children": [],
      "content_blocks": [
        {
          "content_md": "These include the following:\n(i) **Public housing** through **housing boards**.\n(ii) Construction and maintenance of **public parks**, **libraries**, **museums**, **theatre**, akharas, picnic resorts etc.\n(iii) Establishing and maintaining **children's homes**, **orphanages**, **old-age homes**, **night shelters** and **rest houses**.\n(iv) Undertaking **welfare schemes**, organising fares, functions, melas.\n(v) **Beautification of city**."
        }
      ]
    },
    {
      "title": "MUNICIPAL COMMITTEE",
      "sequence_number": 6,
      "depth": 0,
      "level_label": "Section",
      "children": [
        {
          "title": "(a) General Body of the Municipal Committee:",
          "sequence_number": 1,
          "depth": 1,
          "level_label": "Topic",
          "children": [],
          "content_blocks": [
            {
              "content_md": "The members of the **General Body** of the **Municipal Committee** are called **Councillors**. They are elected from **Municipal wards**. The number of members depends on the population of the city."
            }
          ]
        },
        {
          "title": "Eligibility:",
          "sequence_number": 2,
          "depth": 1,
          "level_label": "Topic",
          "children": [],
          "content_blocks": [
            {
              "content_md": "Eligibility for contesting elections to the **General Body of the Municipal Committee** are same as in the case of **Municipal Corporation**."
            }
          ]
        },
        {
          "title": "Term:",
          "sequence_number": 3,
          "depth": 1,
          "level_label": "Topic",
          "children": [],
          "content_blocks": [
            {
              "content_md": "A **fixed tenure of five years** has been provided in the **Constitution (74th Amendment) Act, 1992**. It can be **dissolved** even before the completion of its term by the **Governor of the State** on the advice of the **Council of Ministers**. However, the election for the Municipal Corporation should be completed before the expiry of its term. In case of dissolution, elections should be held **within six months of its dissolution**."
            }
          ]
        },
        {
          "title": "(b) Chairman/President:",
          "sequence_number": 4,
          "depth": 1,
          "level_label": "Topic",
          "children": [],
          "content_blocks": [
            {
              "content_md": "A **Chairperson** and a **Vice-Chairperson** are elected indirectly by the members from among themselves. The **Chairperson** of a Municipality enjoys vast powers. His functions are similar to those of the **Mayor**. (Kindly refer to Functions of Mayor)"
            }
          ]
        },
        {
          "title": "(c) Chief Executive Officer:",
          "sequence_number": 5,
          "depth": 1,
          "level_label": "Topic",
          "children": [],
          "content_blocks": [
            {
              "content_md": "The **Chief Executive Officer** is an appointee of the **State government** and usually belongs to the **State Civil Services**. He looks after the **administrative wing** of the **Municipal Committee**."
            }
          ]
        },
        {
          "title": "Other Office Bearers:",
          "sequence_number": 6,
          "depth": 1,
          "level_label": "Topic",
          "children": [],
          "content_blocks": [
            {
              "content_md": "Like in the case of a **Municipal Corporation**, a **Municipal Committee** also has various departments like **Education, Health, Engineering, Taxation** etc. These departments are under the administrative control of **senior officers and engineers** or other experts."
            }
          ]
        }
      ],
      "content_blocks": []
    },
    {
      "title": "THE DISTRICT ADMINISTRATION",
      "sequence_number": 7,
      "depth": 0,
      "level_label": "Section",
      "children": [
        {
          "title": "Appointment:",
          "sequence_number": 1,
          "depth": 1,
          "level_label": "Topic",
          "children": [],
          "content_blocks": [
            {
              "content_md": "The **Deputy Commissioner** belongs to the **Indian Administrative Service (IAS)** and is appointed by the State government. A **District Collector** or **Deputy Commissioner** is a highly trained officer in all aspects of administration and management of local affairs."
            }
          ]
        },
        {
          "title": "Other Office Bearers:",
          "sequence_number": 2,
          "depth": 1,
          "level_label": "Topic",
          "children": [],
          "content_blocks": [
            {
              "content_md": "Like in the case of a **Municipal Corporation**, a **Municipal Committee** also has various departments like **Education**, **Health**, **Engineering**, **Taxation** etc. These departments are under the administrative control of senior officers and engineers or other experts."
            }
          ]
        },
        {
          "title": "Functions:",
          "sequence_number": 3,
          "depth": 1,
          "level_label": "Topic",
          "children": [],
          "content_blocks": [
            {
              "content_md": "The **Municipal Corporation** is the local self-government unit of the city. It deals with all the matters that concern the residents of the city. These functions are generally divided into two categories—the **obligatory or compulsory functions** and **discretionary or optional functions** (functions depending on availability of funds)."
            }
          ]
        }
      ],
      "content_blocks": []
    }
  ],
  "additional_sections": [
    {
      "title": "The Municipal Corporation of Delhi",
      "content_md": "The Municipal Corporation of Delhi had its first formal meeting on June 1, 1863. According to officials the municipality came into being in February 1863 and acted as a constituent committee to frame by laws to run the city.\n\nThe year also marked the setting up of the first sanitation and conservancy system with a Unani dispensary in Sadar Bazar as well as the introduction of registration births and deaths. The next year saw the introduction of fire fighting system, water supply and taxation. Municipal Corporation of Delhi as set up by the an Act of Parliament in 1958 is the second largest municipal body in the world."
    },
    {
      "title": "Difference Between a Municipal Corporation and a Municipal Committee",
      "content_md": "| Municipal Corporation | Municipal Committee |\n| :--- | :--- |\n| 1. These are meant for big cities. | 1. These are meant for smaller cities. |\n| 2. The head of the corporation is known as Mayor. | 2. The head of a Municipal committee is known as Chairperson/President. |\n| 3. It has more powers and more sources of revenue. | 3. It has comparatively less powers and fewer sources of revenue. |\n| 4. It deals with the State government directly. | 4. It deals with the State government through the District Administration. |"
    }
  ],
  "needs_review": [
    "In addition, there are Town Area Committees, Cantonment Boards and Port Trusts in certain urban areas."
  ],
  "manifest": {
    "syllabus_leaves": [
      {
        "path": "Local Self-Government-Urban > Urban: Municipal Committees and Municipal Corporations-meaning and functions.",
        "path_titles": [
          "Local Self-Government-Urban",
          "Urban: Municipal Committees and Municipal Corporations-meaning and functions."
        ],
        "title": "Urban: Municipal Committees and Municipal Corporations-meaning and functions.",
        "sequence_number": 1,
        "depth": 1,
        "level_label": "Topic",
        "has_notes": true
      },
      {
        "path": "THE CONSTITUTION (74TH AMENDMENT) ACT, 1992 > The salient features of the Act are the following: > The Act gives constitutional status to urban local bodies.",
        "path_titles": [
          "THE CONSTITUTION (74TH AMENDMENT) ACT, 1992",
          "The salient features of the Act are the following:",
          "The Act gives constitutional status to urban local bodies."
        ],
        "title": "The Act gives constitutional status to urban local bodies.",
        "sequence_number": 1,
        "depth": 2,
        "level_label": "Subtopic",
        "has_notes": true
      },
      {
        "path": "THE CONSTITUTION (74TH AMENDMENT) ACT, 1992 > The salient features of the Act are the following: > The Act provides for direct election to all the local self-government bodies.",
        "path_titles": [
          "THE CONSTITUTION (74TH AMENDMENT) ACT, 1992",
          "The salient features of the Act are the following:",
          "The Act provides for direct election to all the local self-government bodies."
        ],
        "title": "The Act provides for direct election to all the local self-government bodies.",
        "sequence_number": 2,
        "depth": 2,
        "level_label": "Subtopic",
        "has_notes": true
      },
      {
        "path": "THE CONSTITUTION (74TH AMENDMENT) ACT, 1992 > The salient features of the Act are the following: > A fixed tenure of five years for the municipalities has been prescribed.",
        "path_titles": [
          "THE CONSTITUTION (74TH AMENDMENT) ACT, 1992",
          "The salient features of the Act are the following:",
          "A fixed tenure of five years for the municipalities has been prescribed."
        ],
        "title": "A fixed tenure of five years for the municipalities has been prescribed.",
        "sequence_number": 3,
        "depth": 2,
        "level_label": "Subtopic",
        "has_notes": true
      },
      {
        "path": "THE CONSTITUTION (74TH AMENDMENT) ACT, 1992 > The salient features of the Act are the following: > 33 per cent of the seats should be reserved for women under each category of SC/ST/Backward Classes.",
        "path_titles": [
          "THE CONSTITUTION (74TH AMENDMENT) ACT, 1992",
          "The salient features of the Act are the following:",
          "33 per cent of the seats should be reserved for women under each category of SC/ST/Backward Classes."
        ],
        "title": "33 per cent of the seats should be reserved for women under each category of SC/ST/Backward Classes.",
        "sequence_number": 4,
        "depth": 2,
        "level_label": "Subtopic",
        "has_notes": true
      },
      {
        "path": "THE CONSTITUTION (74TH AMENDMENT) ACT, 1992 > The salient features of the Act are the following: > District Planning Committee to be constituted by the State Government.",
        "path_titles": [
          "THE CONSTITUTION (74TH AMENDMENT) ACT, 1992",
          "The salient features of the Act are the following:",
          "District Planning Committee to be constituted by the State Government."
        ],
        "title": "District Planning Committee to be constituted by the State Government.",
        "sequence_number": 5,
        "depth": 2,
        "level_label": "Subtopic",
        "has_notes": true
      },
      {
        "path": "THE CONSTITUTION (74TH AMENDMENT) ACT, 1992 > The Act provides for three tier local bodies for urban areas as under: > Municipal Corporations for larger urban areas.",
        "path_titles": [
          "THE CONSTITUTION (74TH AMENDMENT) ACT, 1992",
          "The Act provides for three tier local bodies for urban areas as under:",
          "Municipal Corporations for larger urban areas."
        ],
        "title": "Municipal Corporations for larger urban areas.",
        "sequence_number": 1,
        "depth": 2,
        "level_label": "Subtopic",
        "has_notes": true
      },
      {
        "path": "THE CONSTITUTION (74TH AMENDMENT) ACT, 1992 > The Act provides for three tier local bodies for urban areas as under: > Municipal Councils for smaller urban areas.",
        "path_titles": [
          "THE CONSTITUTION (74TH AMENDMENT) ACT, 1992",
          "The Act provides for three tier local bodies for urban areas as under:",
          "Municipal Councils for smaller urban areas."
        ],
        "title": "Municipal Councils for smaller urban areas.",
        "sequence_number": 2,
        "depth": 2,
        "level_label": "Subtopic",
        "has_notes": true
      },
      {
        "path": "THE CONSTITUTION (74TH AMENDMENT) ACT, 1992 > The Act provides for three tier local bodies for urban areas as under: > Nagar Panchayats for areas in transition from a rural area to urban area.",
        "path_titles": [
          "THE CONSTITUTION (74TH AMENDMENT) ACT, 1992",
          "The Act provides for three tier local bodies for urban areas as under:",
          "Nagar Panchayats for areas in transition from a rural area to urban area."
        ],
        "title": "Nagar Panchayats for areas in transition from a rural area to urban area.",
        "sequence_number": 3,
        "depth": 2,
        "level_label": "Subtopic",
        "has_notes": true
      },
      {
        "path": "THE CONSTITUTION (74TH AMENDMENT) ACT, 1992 > In addition, there are Town Area Committees, Cantonment Boards and Port Trusts in certain urban areas.",
        "path_titles": [
          "THE CONSTITUTION (74TH AMENDMENT) ACT, 1992",
          "In addition, there are Town Area Committees, Cantonment Boards and Port Trusts in certain urban areas."
        ],
        "title": "In addition, there are Town Area Committees, Cantonment Boards and Port Trusts in certain urban areas.",
        "sequence_number": 3,
        "depth": 1,
        "level_label": "Topic",
        "has_notes": false
      },
      {
        "path": "MUNICIPAL CORPORATION > ELECTION",
        "path_titles": [
          "MUNICIPAL CORPORATION",
          "ELECTION"
        ],
        "title": "ELECTION",
        "sequence_number": 1,
        "depth": 1,
        "level_label": "Topic",
        "has_notes": true
      },
      {
        "path": "MUNICIPAL CORPORATION > TERM",
        "path_titles": [
          "MUNICIPAL CORPORATION",
          "TERM"
        ],
        "title": "TERM",
        "sequence_number": 2,
        "depth": 1,
        "level_label": "Topic",
        "has_notes": true
      },
      {
        "path": "MUNICIPAL CORPORATION > COMPOSITION > (a) General Council",
        "path_titles": [
          "MUNICIPAL CORPORATION",
          "COMPOSITION",
          "(a) General Council"
        ],
        "title": "(a) General Council",
        "sequence_number": 1,
        "depth": 2,
        "level_label": "Subtopic",
        "has_notes": true
      },
      {
        "path": "MUNICIPAL CORPORATION > COMPOSITION > (b) Mayor",
        "path_titles": [
          "MUNICIPAL CORPORATION",
          "COMPOSITION",
          "(b) Mayor"
        ],
        "title": "(b) Mayor",
        "sequence_number": 2,
        "depth": 2,
        "level_label": "Subtopic",
        "has_notes": true
      },
      {
        "path": "MUNICIPAL CORPORATION > COMPOSITION > (c) The Standing Committees",
        "path_titles": [
          "MUNICIPAL CORPORATION",
          "COMPOSITION",
          "(c) The Standing Committees"
        ],
        "title": "(c) The Standing Committees",
        "sequence_number": 3,
        "depth": 2,
        "level_label": "Subtopic",
        "has_notes": true
      },
      {
        "path": "MUNICIPAL CORPORATION > COMPOSITION > (d) A Municipal Commissioner.",
        "path_titles": [
          "MUNICIPAL CORPORATION",
          "COMPOSITION",
          "(d) A Municipal Commissioner."
        ],
        "title": "(d) A Municipal Commissioner.",
        "sequence_number": 4,
        "depth": 2,
        "level_label": "Subtopic",
        "has_notes": true
      },
      {
        "path": "MUNICIPAL CORPORATION > The Municipal Corporation of Delhi",
        "path_titles": [
          "MUNICIPAL CORPORATION",
          "The Municipal Corporation of Delhi"
        ],
        "title": "The Municipal Corporation of Delhi",
        "sequence_number": 4,
        "depth": 1,
        "level_label": "Topic",
        "has_notes": true
      },
      {
        "path": "MUNICIPAL CORPORATION > Functions of the Mayor",
        "path_titles": [
          "MUNICIPAL CORPORATION",
          "Functions of the Mayor"
        ],
        "title": "Functions of the Mayor",
        "sequence_number": 5,
        "depth": 1,
        "level_label": "Topic",
        "has_notes": true
      },
      {
        "path": "FUNCTIONS OF THE MUNICIPAL CORPORATION > Compulsory Functions",
        "path_titles": [
          "FUNCTIONS OF THE MUNICIPAL CORPORATION",
          "Compulsory Functions"
        ],
        "title": "Compulsory Functions",
        "sequence_number": 1,
        "depth": 1,
        "level_label": "Topic",
        "has_notes": true
      },
      {
        "path": "2. Discretionary or Optional Functions:",
        "path_titles": [
          "2. Discretionary or Optional Functions:"
        ],
        "title": "2. Discretionary or Optional Functions:",
        "sequence_number": 5,
        "depth": 0,
        "level_label": "Section",
        "has_notes": true
      },
      {
        "path": "MUNICIPAL COMMITTEE > (a) General Body of the Municipal Committee:",
        "path_titles": [
          "MUNICIPAL COMMITTEE",
          "(a) General Body of the Municipal Committee:"
        ],
        "title": "(a) General Body of the Municipal Committee:",
        "sequence_number": 1,
        "depth": 1,
        "level_label": "Topic",
        "has_notes": true
      },
      {
        "path": "MUNICIPAL COMMITTEE > Eligibility:",
        "path_titles": [
          "MUNICIPAL COMMITTEE",
          "Eligibility:"
        ],
        "title": "Eligibility:",
        "sequence_number": 2,
        "depth": 1,
        "level_label": "Topic",
        "has_notes": true
      },
      {
        "path": "MUNICIPAL COMMITTEE > Term:",
        "path_titles": [
          "MUNICIPAL COMMITTEE",
          "Term:"
        ],
        "title": "Term:",
        "sequence_number": 3,
        "depth": 1,
        "level_label": "Topic",
        "has_notes": true
      },
      {
        "path": "MUNICIPAL COMMITTEE > (b) Chairman/President:",
        "path_titles": [
          "MUNICIPAL COMMITTEE",
          "(b) Chairman/President:"
        ],
        "title": "(b) Chairman/President:",
        "sequence_number": 4,
        "depth": 1,
        "level_label": "Topic",
        "has_notes": true
      },
      {
        "path": "MUNICIPAL COMMITTEE > (c) Chief Executive Officer:",
        "path_titles": [
          "MUNICIPAL COMMITTEE",
          "(c) Chief Executive Officer:"
        ],
        "title": "(c) Chief Executive Officer:",
        "sequence_number": 5,
        "depth": 1,
        "level_label": "Topic",
        "has_notes": true
      },
      {
        "path": "MUNICIPAL COMMITTEE > Other Office Bearers:",
        "path_titles": [
          "MUNICIPAL COMMITTEE",
          "Other Office Bearers:"
        ],
        "title": "Other Office Bearers:",
        "sequence_number": 6,
        "depth": 1,
        "level_label": "Topic",
        "has_notes": true
      },
      {
        "path": "THE DISTRICT ADMINISTRATION > Appointment:",
        "path_titles": [
          "THE DISTRICT ADMINISTRATION",
          "Appointment:"
        ],
        "title": "Appointment:",
        "sequence_number": 1,
        "depth": 1,
        "level_label": "Topic",
        "has_notes": true
      },
      {
        "path": "THE DISTRICT ADMINISTRATION > Other Office Bearers:",
        "path_titles": [
          "THE DISTRICT ADMINISTRATION",
          "Other Office Bearers:"
        ],
        "title": "Other Office Bearers:",
        "sequence_number": 2,
        "depth": 1,
        "level_label": "Topic",
        "has_notes": true
      },
      {
        "path": "THE DISTRICT ADMINISTRATION > Functions:",
        "path_titles": [
          "THE DISTRICT ADMINISTRATION",
          "Functions:"
        ],
        "title": "Functions:",
        "sequence_number": 3,
        "depth": 1,
        "level_label": "Topic",
        "has_notes": true
      }
    ],
    "stray_leaves": [
      {
        "title": "The Municipal Corporation of Delhi",
        "insert_after_index": 17,
        "micro_topics": [],
        "has_notes": true
      },
      {
        "title": "COOPERATION AND COORDINATION BETWEEN LOCAL SELF-GOVERNMENT AND LOCAL GOVERNMENT",
        "insert_after_index": 32,
        "micro_topics": [],
        "has_notes": false
      },
      {
        "title": "Difference Between a Municipal Corporation and a Municipal Committee",
        "insert_after_index": 36,
        "micro_topics": [],
        "has_notes": true
      }
    ]
  }
}