{
  "board": "ICSE",
  "grade": 10,
  "subject": "HistoryCivics",
  "book_slug": "TotalHistoryCivics_MorningStar_DollyESequeira",
  "book_meta": {
    "book_name": "Total History & Civics",
    "publication": "Morning Star",
    "author": "Dolly E. Sequeira"
  },
  "chapter_sequence_number": 14,
  "chapter_title": "Major Agencies of the United Nations",
  "discipline": "history",
  "reconciliation": {
    "outline": [
      "1. UNITED NATIONS CHILDREN'S FUND (UNICEF)",
      "Headquarters",
      "Finance",
      "Objective",
      "Functions",
      "UNICEF Programmes in India",
      "2. WORLD HEALTH ORGANIZATION (WHO)",
      "Objective",
      "Headquarters",
      "Functions",
      "Achievements of WHO",
      "3. UNITED NATIONS EDUCATIONAL, SCIENTIFIC AND CULTURAL ORGANIZATION (UNESCO)",
      "Objectives and Headquarters",
      "Functions",
      "Education:",
      "Scientific activities:",
      "Communication:",
      "Preservation of Cultural Heritage:",
      "(i) WORLD HERITAGE LIST:",
      "(ii) MANUSCRIPTS:",
      "(iii) INTANGIBLE CULTURAL HERITAGE (ICH):",
      "(iv) ART:",
      "(v) FILMS:",
      "(vi) TRAVEL GRANTS:",
      "India's Association with UNESCO"
    ],
    "in_syllabus_only": [],
    "in_pdf_only": [],
    "additional_sections": []
  },
  "nodes": [
    {
      "title": "UNITED NATIONS CHILDREN'S FUND (UNICEF)",
      "sequence_number": 1,
      "depth": 0,
      "level_label": "Section",
      "children": [
        {
          "title": "Headquarters",
          "sequence_number": 1,
          "depth": 1,
          "level_label": "Topic",
          "children": [],
          "content_blocks": [
            {
              "content_md": "*   **UNICEF (United Nations Children's Fund):** The **UNICEF** has its headquarters in **New York**, and has more than 200 offices in developing countries.\n*   **WHO (World Health Organization):** The headquarters of the **WHO** is in **Geneva, Switzerland**.\n*   **UNESCO (United Nations Educational, Scientific and Cultural Organization):** The headquarters of the **UNESCO** is in **Paris**."
            }
          ]
        },
        {
          "title": "Finance",
          "sequence_number": 2,
          "depth": 1,
          "level_label": "Topic",
          "children": [],
          "content_blocks": [
            {
              "content_md": "For financing its projects, the **UNICEF** depends on **voluntary contributions** made by different **Governments**, **donations** made by **private agencies**, sale of **greeting cards** and through various **fund-raising campaigns**. Sale of **UNICEF cards** is an important source of income. Worldwide sale of these cards generates funds of more than **$100 million**, all of which is spent on programmes to benefit children.\n\nAlmost all the resources of UNICEF are diverted to the **poorest developing countries** with the largest share going to children up to the age of five. Along with WHO, UNDP and other United Nations agencies, UNICEF has achieved success in fulfilling its objectives."
            }
          ]
        },
        {
          "title": "Objective",
          "sequence_number": 3,
          "depth": 1,
          "level_label": "Topic",
          "children": [],
          "content_blocks": [
            {
              "content_md": "### United Nations Children's Fund (UNICEF)\n\nThe main objective of UNICEF is to look after **children's welfare** especially in **developing countries** by providing people with low cost **community-based services** in maternal and child health, nutrition, immunisation, etc.\n\n### World Health Organization (WHO)\n\nWHO's objective is the **attainment of the highest possible level of health by all people**. Health is defined in WHO's Constitution as a state of **complete well-being** and not merely the absence of disease or infirmity.\n\n### United Nations Educational, Scientific and Cultural Organization (UNESCO)\n\nThe main objective of UNESCO is to contribute to **peace and security** in the world by promoting **collaboration among nations** through education, science, culture and communication. This is undertaken to further respect for **justice**, for the **rule of law** and for the **human rights** of all human beings."
            }
          ]
        },
        {
          "title": "Functions",
          "sequence_number": 4,
          "depth": 1,
          "level_label": "Topic",
          "children": [
            {
              "title": "UNICEF works for the protection of children in respect of their survival, health, and well-being.",
              "sequence_number": 1,
              "depth": 2,
              "level_label": "Subtopic",
              "children": [],
              "content_blocks": [
                {
                  "content_md": "**UNICEF** works for the **protection of children** in respect of their **survival, health, and well-being**. This is done in cooperation with individuals, civic groups, governments and the private sector."
                }
              ]
            },
            {
              "title": "It provides funds for training personnel, including health and sanitation workers, teachers and nutritionists.",
              "sequence_number": 2,
              "depth": 2,
              "level_label": "Subtopic",
              "children": [],
              "content_blocks": [
                {
                  "content_md": "It provides funds for **training personnel**, including **health and sanitation workers**, **teachers** and **nutritionists**. **Universal Child Immunisation** against preventable diseases was one of the leading goals of UNICEF."
                }
              ]
            },
            {
              "title": "It provides technical supplies, equipment and other aids, ranging from paper for textbooks, to equipment and medicines to health clinics, to pipes and pumps for bringing clean water to villages.",
              "sequence_number": 3,
              "depth": 2,
              "level_label": "Subtopic",
              "children": [],
              "content_blocks": [
                {
                  "content_md": "It provides **technical supplies, equipment and other aids**, ranging from paper for textbooks, to equipment and medicines to health clinics, to pipes and pumps for bringing clean water to villages."
                }
              ]
            },
            {
              "title": "It assists governments to plan, develop and extend community-based services in the fields of maternal and child health, nutrition, clean water and sanitation.",
              "sequence_number": 4,
              "depth": 2,
              "level_label": "Subtopic",
              "children": [],
              "content_blocks": [
                {
                  "content_md": "* It assists governments to plan, develop and extend **community-based services** in the fields of **maternal and child health**, **nutrition**, **clean water** and **sanitation**."
                }
              ]
            },
            {
              "title": "It provides help to children and mothers in emergencies arising from natural calamities, civil strife and epidemics.",
              "sequence_number": 5,
              "depth": 2,
              "level_label": "Subtopic",
              "children": [],
              "content_blocks": [
                {
                  "content_md": "It provides help to **children and mothers** in **emergencies** arising from **natural calamities**, **civil strife** and **epidemics**."
                }
              ]
            },
            {
              "title": "It makes effort to prevent diseases like tuberculosis (T.B.), malaria, eye diseases, skin diseases, etc.",
              "sequence_number": 6,
              "depth": 2,
              "level_label": "Subtopic",
              "children": [],
              "content_blocks": [
                {
                  "content_md": "It makes effort to prevent diseases like **tuberculosis (T.B.)**, **malaria**, **eye diseases**, **skin diseases**, etc."
                }
              ]
            },
            {
              "title": "UNICEF performs various other functions.",
              "sequence_number": 7,
              "depth": 2,
              "level_label": "Subtopic",
              "children": [],
              "content_blocks": [
                {
                  "content_md": "As the **sole agency for children**, UNICEF speaks on behalf of children and upholds the **Convention on the Rights of the Child** and works for its implementation. UNICEF was awarded the **Nobel Prize for Peace in the year 1965** and the **Indira Gandhi Prize for Peace in 1989**."
                }
              ]
            }
          ],
          "content_blocks": []
        },
        {
          "title": "UNICEF Programmes in India",
          "sequence_number": 5,
          "depth": 1,
          "level_label": "Topic",
          "children": [
            {
              "title": "The government of India has launched in collaboration with UNICEF - the National Mission on Immunisation, the National Mission for Drinking Water and the National Literacy Mission.",
              "sequence_number": 1,
              "depth": 2,
              "level_label": "Subtopic",
              "children": [],
              "content_blocks": [
                {
                  "content_md": "The **government of India** has launched in collaboration with **UNICEF** — the **National Mission on Immunisation**, the **National Mission for Drinking Water** and the **National Literacy Mission**. **UNICEF** is committed to ensuring all children in India have access to **inclusive and equitable quality education**. It is working closely with the **Government of India**, **State Governments** in 17 States, **civil society**, **academic institutions** and the **private sector**. It is working with the Government to ensure that every child in India has access to **clean water** and **basic toilets** as well as practices good hygiene behaviours."
                }
              ]
            },
            {
              "title": "Community Development Programme has been started in the rural areas of India with UNICEF's assistance, aimed at maternal and child health.",
              "sequence_number": 2,
              "depth": 2,
              "level_label": "Subtopic",
              "children": [],
              "content_blocks": [
                {
                  "content_md": "The **Community Development Programme** has been started in the rural areas of India with **UNICEF's** assistance, aimed at **maternal and child health**."
                }
              ]
            },
            {
              "title": "The government's efforts to reduce infant and child mortality due to diarrhoeal diseases were supported by UNICEF for the production of Oral Rehydration Therapy (ORT).",
              "sequence_number": 3,
              "depth": 2,
              "level_label": "Subtopic",
              "children": [],
              "content_blocks": [
                {
                  "content_md": "The government's efforts to reduce **infant and child mortality** due to **diarrhoeal diseases** were supported by **UNICEF** for the production of **Oral Rehydration Therapy (ORT)**. Since **1986**, **ORT** has become a full-fledged national programme."
                }
              ]
            },
            {
              "title": "UNICEF is a partner of the Indian government in the accelerated rural water supply programme.",
              "sequence_number": 4,
              "depth": 2,
              "level_label": "Subtopic",
              "children": [],
              "content_blocks": [
                {
                  "content_md": "**UNICEF** is a partner of the **Indian government** in the **accelerated rural water supply programme**."
                }
              ]
            },
            {
              "title": "Since the 1990s, the government of India, UNICEF and other UN agencies have been working together for the promotion of iodised salt as the best way of preventing iodine deficiency disorders.",
              "sequence_number": 5,
              "depth": 2,
              "level_label": "Subtopic",
              "children": [],
              "content_blocks": [
                {
                  "content_md": "Since the **1990s**, the government of **India**, **UNICEF** and other **UN agencies** have been working together for the promotion of **iodised salt** as the best way of preventing **iodine deficiency disorders**."
                }
              ]
            },
            {
              "title": "UNICEF seeks to advance the fulfilment of the rights of all women and children in India to survival, development, participation and protection by reducing social inequalities based on gender, caste, ethnicity or region.",
              "sequence_number": 6,
              "depth": 2,
              "level_label": "Subtopic",
              "children": [],
              "content_blocks": [
                {
                  "content_md": "**UNICEF** seeks to advance the fulfilment of the **rights of all women and children in India** to **survival**, **development**, **participation** and **protection** by reducing **social inequalities** based on gender, caste, ethnicity or region."
                }
              ]
            }
          ],
          "content_blocks": []
        }
      ],
      "content_blocks": []
    },
    {
      "title": "WORLD HEALTH ORGANIZATION (WHO)",
      "sequence_number": 2,
      "depth": 0,
      "level_label": "Section",
      "children": [
        {
          "title": "Objective",
          "sequence_number": 1,
          "depth": 1,
          "level_label": "Topic",
          "children": [],
          "content_blocks": [
            {
              "content_md": "### UNICEF\n\nThe main objective of UNICEF is to look after **children's welfare** especially in **developing countries** by providing people with low cost **community-based services** in **maternal and child health**, **nutrition**, **immunisation**, etc.\n\n### WORLD HEALTH ORGANIZATION (WHO)\n\nWHO's objective is the **attainment of the highest possible level of health by all people**. **Health** is defined in WHO's Constitution as a **state of complete well-being** and not merely the absence of disease or infirmity.\n\n### UNITED NATIONS EDUCATIONAL, SCIENTIFIC AND CULTURAL ORGANIZATION (UNESCO)\n\nThe main objective of UNESCO is to contribute to **peace and security** in the world by promoting **collaboration among nations** through **education, science, culture and communication**. This is undertaken to further **respect for justice**, for the **rule of law** and for the **human rights** of all human beings."
            }
          ]
        },
        {
          "title": "Headquarters",
          "sequence_number": 2,
          "depth": 1,
          "level_label": "Topic",
          "children": [],
          "content_blocks": [
            {
              "content_md": "### Headquarters of Major UN Agencies\n\n*   **United Nations Children's Fund (UNICEF):** The UNICEF has its headquarters in **New York**, and has more than 200 offices in developing countries.\n\n*   **World Health Organization (WHO):** The headquarters of the WHO is in **Geneva, Switzerland**.\n\n*   **United Nations Educational, Scientific and Cultural Organization (UNESCO):** The headquarters of the UNESCO is in **Paris**."
            }
          ]
        },
        {
          "title": "Functions",
          "sequence_number": 3,
          "depth": 1,
          "level_label": "Topic",
          "children": [
            {
              "title": "It helps countries to improve their health system by building up infrastructure especially manpower, institutions and services for the individual and community.",
              "sequence_number": 1,
              "depth": 2,
              "level_label": "Subtopic",
              "children": [],
              "content_blocks": [
                {
                  "content_md": "It helps countries to improve their **health system** by building up **infrastructure**, especially **manpower**, **institutions** and **services** for the individual and community."
                }
              ]
            },
            {
              "title": "It gives important drugs needed for medical care.",
              "sequence_number": 2,
              "depth": 2,
              "level_label": "Subtopic",
              "children": [],
              "content_blocks": [
                {
                  "content_md": "It gives important drugs needed for medical care. The **WHO** launched a programme to immunise children against six major diseases:\n\n*   **Measles**\n*   **Diphtheria**\n*   **Tetanus**\n*   **Tuberculosis**\n*   **Polio**\n*   **Whooping Cough**"
                }
              ]
            }
          ],
          "content_blocks": []
        },
        {
          "title": "Achievements of WHO",
          "sequence_number": 4,
          "depth": 1,
          "level_label": "Topic",
          "children": [],
          "content_blocks": [
            {
              "content_md": "According to **World Health Statistics (2023)** given by WHO, the following are the achievements of WHO:"
            },
            {
              "content_md": "*   **Elimination of diseases** in many countries of the world like **Malaria** in **Azerbaijan** and **Tajikistan**, and near-elimination of **Hepatitis C** in **Egypt**.\n*   Contribution to the **COVID-19 pandemic** by raising over **$200 million** through its **Solidarity Response Fund** to combat the **COVID-19** crisis. In **2023**, WHO declared **COVID-19 over as a global health emergency**.\n*   WHO helped people in different countries of the world when disasters struck, be it **earthquakes, floods, heat waves, wildfires, droughts** and more.\n*   The WHO has recommended new vaccines for **malaria, dengue** and **meningitis**.\n*   Globally, **smoking rates** have fallen.\n*   Since **2019**, it has brought **community mental health services** to **50 million people**.\n*   Strong progress on **HPV vaccination** for the elimination of **cervical cancer**.\n*   Globally, a reduction of **40 per cent** in cases of **under-nutrition** among children.\n*   **Child mortality** under the age of five years has declined from **90 deaths per 1000 live births** to **46 deaths per 1000 live births**.\n*   Globally, **1.3 million fewer new cases of HIV** were reported from **2001 to 2013**.\n*   **Diarrhoeal deaths** have reduced significantly.\n*   **Cholera** and **plague** epidemics are rare occurrences now.\n*   **Leprosy** is being managed better and the **guinea worm** has been nearly eliminated.\n*   **Smallpox** has been eradicated.\n*   **India** has been declared '**Polio Free**' country by the WHO.\n*   **India** launched an initiative to screen and place **75 million people** with **hypertension or diabetes** on standard care."
            }
          ]
        }
      ],
      "content_blocks": []
    },
    {
      "title": "UNITED NATIONS EDUCATIONAL, SCIENTIFIC AND CULTURAL ORGANIZATION (UNESCO)",
      "sequence_number": 3,
      "depth": 0,
      "level_label": "Section",
      "children": [
        {
          "title": "Objectives and Headquarters",
          "sequence_number": 1,
          "depth": 1,
          "level_label": "Topic",
          "children": [],
          "content_blocks": [
            {
              "content_md": "### 1. UNITED NATIONS CHILDREN'S FUND (UNICEF)\n\n**Objective**\nThe main objective of **UNICEF** is to look after **children's welfare** especially in developing countries by providing people with low cost community-based services in **maternal and child health**, **nutrition**, **immunisation**, etc.\n\n**Headquarters**\nThe **UNICEF** has its headquarters in **New York**, and has more than 200 offices in developing countries.\n\n### 2. WORLD HEALTH ORGANIZATION (WHO)\n\n**Objective**\n**WHO's objective** is the attainment of the **highest possible level of health** by all people. **Health** is defined in WHO's Constitution as a state of **complete well-being** and not merely the absence of disease or infirmity.\n\n**Headquarters**\nThe headquarters of the **WHO** is in **Geneva, Switzerland**.\n\n### 3. UNITED NATIONS EDUCATIONAL, SCIENTIFIC AND CULTURAL ORGANIZATION (UNESCO)\n\n**Objectives and Headquarters**\nThe main objective of **UNESCO** is to **contribute to peace and security** in the world by promoting collaboration among nations through **education, science, culture and communication**. This is undertaken to further respect for **justice**, for the **rule of law** and for the **human rights** of all human beings. The headquarters of the **UNESCO** is in **Paris**."
            }
          ]
        },
        {
          "title": "Functions",
          "sequence_number": 2,
          "depth": 1,
          "level_label": "Topic",
          "children": [
            {
              "title": "Education",
              "sequence_number": 1,
              "depth": 2,
              "level_label": "Subtopic",
              "children": [],
              "content_blocks": [
                {
                  "content_md": "**Education:** The largest sector of UNESCO's activity is in the field of education. The main functions of the UNESCO in the field of education are:"
                },
                {
                  "content_md": "[Image: Education]"
                },
                {
                  "content_md": "1.  **Removal of illiteracy** by encouragement to **adult education**, **distance-education** and the **open school system**.\n2.  Emphasis on **education of women and girls**.\n3.  **Financial assistance** for the education of **disabled children**.\n4.  Provision of **grants and fellowships** to teachers and scholars, organisation of **library systems**, and promotion of **international understanding** through education.\n5.  **Organisation of book fairs and festivals** at international and national levels. An example is the **Development of library system**, which is an important component of continuing education. The **Delhi Public Library**, established in **1951** with financial assistance from UNESCO, has developed into a big metropolitan public library system.\n6.  Encouragement of **science education** by providing regional training centres.\n7.  Promotion of education as an instrument for **international understanding**."
                }
              ]
            },
            {
              "title": "Scientific activities",
              "sequence_number": 2,
              "depth": 2,
              "level_label": "Subtopic",
              "children": [],
              "content_blocks": [
                {
                  "content_md": "The scientific activities undertaken by the UNESCO are:\n\n1.  **UNESCO** organises **seminars and conferences** of scientists of various countries and circulates information through **journals, press and exhibitions**. '**Courier**' is the official monthly magazine of UNESCO. Its Hindi and Tamil editions are available in India.\n2.  It promotes **basic research** in fields like **geology, mathematics, physics and oceanography**. As a result, it finances **engineering and technology schemes** in a number of developing countries.\n3.  It helps in **correcting the imbalance in scientific and technological manpower** that exists, because **90 per cent of trained manpower** is concentrated in the industrialised countries.\n4.  It **encourages the study of social sciences** in order to focus attention on combating all forms of discrimination, improving the status of women and helping the youth in solving their problems."
                }
              ]
            },
            {
              "title": "Communication",
              "sequence_number": 3,
              "depth": 2,
              "level_label": "Subtopic",
              "children": [],
              "content_blocks": [
                {
                  "content_md": "**Communication**: UNESCO develops **communication** for the **dissemination of information**."
                },
                {
                  "content_md": "1. It has set up **regional networks**, trained technicians and deals with both hardware and software aspects of informatics.\n2. It improves the quality of the **Press**, the **films** and **video services**.\n3. It assists developing countries to develop communication.\n4. It upholds the **freedom of the press** and **independence of the media**."
                }
              ]
            },
            {
              "title": "Preservation of Cultural Heritage",
              "sequence_number": 4,
              "depth": 2,
              "level_label": "Subtopic",
              "children": [
                {
                  "title": "WORLD HERITAGE LIST",
                  "sequence_number": 1,
                  "depth": 3,
                  "level_label": "Point",
                  "children": [],
                  "content_blocks": [
                    {
                      "content_md": "UNESCO provides **technical advice and assistance**, **equipment** and **funds** for the preservation of **monuments** and other **works of art**. It has prepared a **World Heritage List** to identify the monuments and sites which are to be protected."
                    }
                  ]
                },
                {
                  "title": "MANUSCRIPTS",
                  "sequence_number": 2,
                  "depth": 3,
                  "level_label": "Point",
                  "children": [],
                  "content_blocks": [
                    {
                      "content_md": "It aims to protect the **world inheritance of books, works of art and rare manuscripts**."
                    }
                  ]
                },
                {
                  "title": "INTANGIBLE CULTURAL HERITAGE (ICH)",
                  "sequence_number": 3,
                  "depth": 3,
                  "level_label": "Point",
                  "children": [],
                  "content_blocks": [
                    {
                      "content_md": "UNESCO gives the **Intangible Cultural Heritage (ICH) tag** to give recognition to cultural practices and traditions. \n\nThe UNESCO'S Intangible Cultural Heritage elements of India include:\n*   **Sankirtana**, ritual singing, drumming and dancing of Manipur\n*   **Durga Puja** in Kolkata\n*   **Kumbh Mela**\n*   **Yoga**\n*   **Nowruz**\n*   **Traditional brass and copper craft** of utensil making among the Thatheras (beaters) of Jandiala Guru (Punjab)\n*   **Buddhist chanting** of Ladakh\n*   **Chhau dance**\n*   **Kalbelia** folk songs and dances of Rajasthan\n*   **Kutiyattam**, Sanskrit theatre, one of the oldest living theatrical traditions\n*   **Mudiyettu** ritual theatre and dance drama of Kerala\n*   **Ramman**, the religious festival and ritual theatre of the Garhwal Himalayas\n*   Tradition of **Vedic Chanting**\n*   **Ramlila**, the traditional performance of the Ramayana\n*   **Garba** of Gujarat was included in this list in **2023**."
                    },
                    {
                      "content_md": "ICH includes **oral traditions**, **performing arts**, **social practices**, **rituals**, **festive events**, knowledge and skills about nature and universe, **traditional crafts** and contemporary rural and urban practices that are passed down through generations.\n\nThe **ICH tag** helps to **preserve cultural diversity**, **strengthen social cohesion** and help the communities to maintain a connection with their cultural history."
                    }
                  ]
                }
              ],
              "content_blocks": []
            },
            {
              "title": "ART",
              "sequence_number": 5,
              "depth": 2,
              "level_label": "Subtopic",
              "children": [],
              "content_blocks": [
                {
                  "content_md": "*   **ART**: It gives encouragement to **artistic creations** in **literature** and **fine arts**."
                }
              ]
            },
            {
              "title": "FILMS",
              "sequence_number": 6,
              "depth": 2,
              "level_label": "Subtopic",
              "children": [],
              "content_blocks": [
                {
                  "content_md": "*   **FILMS**: It pays attention towards the **cultural development** through the **medium of films**."
                }
              ]
            },
            {
              "title": "TRAVEL GRANTS",
              "sequence_number": 7,
              "depth": 2,
              "level_label": "Subtopic",
              "children": [],
              "content_blocks": [
                {
                  "content_md": "UNESCO sends **cultural missions** to different countries so that there would be development of contacts which may promote **peace and prosperity**. \n\n* In the past it has provided travel grants to writers and artists under a project named **Mutual Appreciation of Eastern and Western Cultural Values**.\n* Under this scheme, India's talented exponents of **classical music and dance** travelled to Europe and America."
                }
              ]
            }
          ],
          "content_blocks": []
        },
        {
          "title": "India's Association with UNESCO",
          "sequence_number": 3,
          "depth": 1,
          "level_label": "Topic",
          "children": [],
          "content_blocks": [
            {
              "content_md": "India has been a member of the **UNESCO** since its inception in **1946**. In **1949**, the Government of India set up a **National Commission for Cooperation with UNESCO** consisting of five Sub-Commissions, namely **Education**, **Natural Sciences**, **Social Sciences**, **Culture** and **Communication**. These Commissions promote UNESCO programmes and send personnel to participate in international conferences, seminars and workshops organised by UNESCO. The UNESCO provides funds and expertise for the protection of many historical monuments and sites like the **Taj Mahal**. In **July 2022**, India was elected to the **Intergovernmental Committee for the 2003 Convention on the Safeguarding of Intangible Cultural Heritage** for a period of four years. This provided India an opportunity to play an important role in preserving the intangible cultural heritage worldwide."
            }
          ]
        }
      ],
      "content_blocks": []
    }
  ],
  "additional_sections": [],
  "needs_review": [],
  "manifest": {
    "syllabus_leaves": [
      {
        "path": "UNITED NATIONS CHILDREN'S FUND (UNICEF) > Headquarters",
        "path_titles": [
          "UNITED NATIONS CHILDREN'S FUND (UNICEF)",
          "Headquarters"
        ],
        "title": "Headquarters",
        "sequence_number": 1,
        "depth": 1,
        "level_label": "Topic",
        "has_notes": true
      },
      {
        "path": "UNITED NATIONS CHILDREN'S FUND (UNICEF) > Finance",
        "path_titles": [
          "UNITED NATIONS CHILDREN'S FUND (UNICEF)",
          "Finance"
        ],
        "title": "Finance",
        "sequence_number": 2,
        "depth": 1,
        "level_label": "Topic",
        "has_notes": true
      },
      {
        "path": "UNITED NATIONS CHILDREN'S FUND (UNICEF) > Objective",
        "path_titles": [
          "UNITED NATIONS CHILDREN'S FUND (UNICEF)",
          "Objective"
        ],
        "title": "Objective",
        "sequence_number": 3,
        "depth": 1,
        "level_label": "Topic",
        "has_notes": true
      },
      {
        "path": "UNITED NATIONS CHILDREN'S FUND (UNICEF) > Functions > UNICEF works for the protection of children in respect of their survival, health, and well-being.",
        "path_titles": [
          "UNITED NATIONS CHILDREN'S FUND (UNICEF)",
          "Functions",
          "UNICEF works for the protection of children in respect of their survival, health, and well-being."
        ],
        "title": "UNICEF works for the protection of children in respect of their survival, health, and well-being.",
        "sequence_number": 1,
        "depth": 2,
        "level_label": "Subtopic",
        "has_notes": true
      },
      {
        "path": "UNITED NATIONS CHILDREN'S FUND (UNICEF) > Functions > It provides funds for training personnel, including health and sanitation workers, teachers and nutritionists.",
        "path_titles": [
          "UNITED NATIONS CHILDREN'S FUND (UNICEF)",
          "Functions",
          "It provides funds for training personnel, including health and sanitation workers, teachers and nutritionists."
        ],
        "title": "It provides funds for training personnel, including health and sanitation workers, teachers and nutritionists.",
        "sequence_number": 2,
        "depth": 2,
        "level_label": "Subtopic",
        "has_notes": true
      },
      {
        "path": "UNITED NATIONS CHILDREN'S FUND (UNICEF) > Functions > It provides technical supplies, equipment and other aids, ranging from paper for textbooks, to equipment and medicines to health clinics, to pipes and pumps for bringing clean water to villages.",
        "path_titles": [
          "UNITED NATIONS CHILDREN'S FUND (UNICEF)",
          "Functions",
          "It provides technical supplies, equipment and other aids, ranging from paper for textbooks, to equipment and medicines to health clinics, to pipes and pumps for bringing clean water to villages."
        ],
        "title": "It provides technical supplies, equipment and other aids, ranging from paper for textbooks, to equipment and medicines to health clinics, to pipes and pumps for bringing clean water to villages.",
        "sequence_number": 3,
        "depth": 2,
        "level_label": "Subtopic",
        "has_notes": true
      },
      {
        "path": "UNITED NATIONS CHILDREN'S FUND (UNICEF) > Functions > It assists governments to plan, develop and extend community-based services in the fields of maternal and child health, nutrition, clean water and sanitation.",
        "path_titles": [
          "UNITED NATIONS CHILDREN'S FUND (UNICEF)",
          "Functions",
          "It assists governments to plan, develop and extend community-based services in the fields of maternal and child health, nutrition, clean water and sanitation."
        ],
        "title": "It assists governments to plan, develop and extend community-based services in the fields of maternal and child health, nutrition, clean water and sanitation.",
        "sequence_number": 4,
        "depth": 2,
        "level_label": "Subtopic",
        "has_notes": true
      },
      {
        "path": "UNITED NATIONS CHILDREN'S FUND (UNICEF) > Functions > It provides help to children and mothers in emergencies arising from natural calamities, civil strife and epidemics.",
        "path_titles": [
          "UNITED NATIONS CHILDREN'S FUND (UNICEF)",
          "Functions",
          "It provides help to children and mothers in emergencies arising from natural calamities, civil strife and epidemics."
        ],
        "title": "It provides help to children and mothers in emergencies arising from natural calamities, civil strife and epidemics.",
        "sequence_number": 5,
        "depth": 2,
        "level_label": "Subtopic",
        "has_notes": true
      },
      {
        "path": "UNITED NATIONS CHILDREN'S FUND (UNICEF) > Functions > It makes effort to prevent diseases like tuberculosis (T.B.), malaria, eye diseases, skin diseases, etc.",
        "path_titles": [
          "UNITED NATIONS CHILDREN'S FUND (UNICEF)",
          "Functions",
          "It makes effort to prevent diseases like tuberculosis (T.B.), malaria, eye diseases, skin diseases, etc."
        ],
        "title": "It makes effort to prevent diseases like tuberculosis (T.B.), malaria, eye diseases, skin diseases, etc.",
        "sequence_number": 6,
        "depth": 2,
        "level_label": "Subtopic",
        "has_notes": true
      },
      {
        "path": "UNITED NATIONS CHILDREN'S FUND (UNICEF) > Functions > UNICEF performs various other functions.",
        "path_titles": [
          "UNITED NATIONS CHILDREN'S FUND (UNICEF)",
          "Functions",
          "UNICEF performs various other functions."
        ],
        "title": "UNICEF performs various other functions.",
        "sequence_number": 7,
        "depth": 2,
        "level_label": "Subtopic",
        "has_notes": true
      },
      {
        "path": "UNITED NATIONS CHILDREN'S FUND (UNICEF) > UNICEF Programmes in India > The government of India has launched in collaboration with UNICEF - the National Mission on Immunisation, the National Mission for Drinking Water and the National Literacy Mission.",
        "path_titles": [
          "UNITED NATIONS CHILDREN'S FUND (UNICEF)",
          "UNICEF Programmes in India",
          "The government of India has launched in collaboration with UNICEF - the National Mission on Immunisation, the National Mission for Drinking Water and the National Literacy Mission."
        ],
        "title": "The government of India has launched in collaboration with UNICEF - the National Mission on Immunisation, the National Mission for Drinking Water and the National Literacy Mission.",
        "sequence_number": 1,
        "depth": 2,
        "level_label": "Subtopic",
        "has_notes": true
      },
      {
        "path": "UNITED NATIONS CHILDREN'S FUND (UNICEF) > UNICEF Programmes in India > Community Development Programme has been started in the rural areas of India with UNICEF's assistance, aimed at maternal and child health.",
        "path_titles": [
          "UNITED NATIONS CHILDREN'S FUND (UNICEF)",
          "UNICEF Programmes in India",
          "Community Development Programme has been started in the rural areas of India with UNICEF's assistance, aimed at maternal and child health."
        ],
        "title": "Community Development Programme has been started in the rural areas of India with UNICEF's assistance, aimed at maternal and child health.",
        "sequence_number": 2,
        "depth": 2,
        "level_label": "Subtopic",
        "has_notes": true
      },
      {
        "path": "UNITED NATIONS CHILDREN'S FUND (UNICEF) > UNICEF Programmes in India > The government's efforts to reduce infant and child mortality due to diarrhoeal diseases were supported by UNICEF for the production of Oral Rehydration Therapy (ORT).",
        "path_titles": [
          "UNITED NATIONS CHILDREN'S FUND (UNICEF)",
          "UNICEF Programmes in India",
          "The government's efforts to reduce infant and child mortality due to diarrhoeal diseases were supported by UNICEF for the production of Oral Rehydration Therapy (ORT)."
        ],
        "title": "The government's efforts to reduce infant and child mortality due to diarrhoeal diseases were supported by UNICEF for the production of Oral Rehydration Therapy (ORT).",
        "sequence_number": 3,
        "depth": 2,
        "level_label": "Subtopic",
        "has_notes": true
      },
      {
        "path": "UNITED NATIONS CHILDREN'S FUND (UNICEF) > UNICEF Programmes in India > UNICEF is a partner of the Indian government in the accelerated rural water supply programme.",
        "path_titles": [
          "UNITED NATIONS CHILDREN'S FUND (UNICEF)",
          "UNICEF Programmes in India",
          "UNICEF is a partner of the Indian government in the accelerated rural water supply programme."
        ],
        "title": "UNICEF is a partner of the Indian government in the accelerated rural water supply programme.",
        "sequence_number": 4,
        "depth": 2,
        "level_label": "Subtopic",
        "has_notes": true
      },
      {
        "path": "UNITED NATIONS CHILDREN'S FUND (UNICEF) > UNICEF Programmes in India > Since the 1990s, the government of India, UNICEF and other UN agencies have been working together for the promotion of iodised salt as the best way of preventing iodine deficiency disorders.",
        "path_titles": [
          "UNITED NATIONS CHILDREN'S FUND (UNICEF)",
          "UNICEF Programmes in India",
          "Since the 1990s, the government of India, UNICEF and other UN agencies have been working together for the promotion of iodised salt as the best way of preventing iodine deficiency disorders."
        ],
        "title": "Since the 1990s, the government of India, UNICEF and other UN agencies have been working together for the promotion of iodised salt as the best way of preventing iodine deficiency disorders.",
        "sequence_number": 5,
        "depth": 2,
        "level_label": "Subtopic",
        "has_notes": true
      },
      {
        "path": "UNITED NATIONS CHILDREN'S FUND (UNICEF) > UNICEF Programmes in India > UNICEF seeks to advance the fulfilment of the rights of all women and children in India to survival, development, participation and protection by reducing social inequalities based on gender, caste, ethnicity or region.",
        "path_titles": [
          "UNITED NATIONS CHILDREN'S FUND (UNICEF)",
          "UNICEF Programmes in India",
          "UNICEF seeks to advance the fulfilment of the rights of all women and children in India to survival, development, participation and protection by reducing social inequalities based on gender, caste, ethnicity or region."
        ],
        "title": "UNICEF seeks to advance the fulfilment of the rights of all women and children in India to survival, development, participation and protection by reducing social inequalities based on gender, caste, ethnicity or region.",
        "sequence_number": 6,
        "depth": 2,
        "level_label": "Subtopic",
        "has_notes": true
      },
      {
        "path": "WORLD HEALTH ORGANIZATION (WHO) > Objective",
        "path_titles": [
          "WORLD HEALTH ORGANIZATION (WHO)",
          "Objective"
        ],
        "title": "Objective",
        "sequence_number": 1,
        "depth": 1,
        "level_label": "Topic",
        "has_notes": true
      },
      {
        "path": "WORLD HEALTH ORGANIZATION (WHO) > Headquarters",
        "path_titles": [
          "WORLD HEALTH ORGANIZATION (WHO)",
          "Headquarters"
        ],
        "title": "Headquarters",
        "sequence_number": 2,
        "depth": 1,
        "level_label": "Topic",
        "has_notes": true
      },
      {
        "path": "WORLD HEALTH ORGANIZATION (WHO) > Functions > It helps countries to improve their health system by building up infrastructure especially manpower, institutions and services for the individual and community.",
        "path_titles": [
          "WORLD HEALTH ORGANIZATION (WHO)",
          "Functions",
          "It helps countries to improve their health system by building up infrastructure especially manpower, institutions and services for the individual and community."
        ],
        "title": "It helps countries to improve their health system by building up infrastructure especially manpower, institutions and services for the individual and community.",
        "sequence_number": 1,
        "depth": 2,
        "level_label": "Subtopic",
        "has_notes": true
      },
      {
        "path": "WORLD HEALTH ORGANIZATION (WHO) > Functions > It gives important drugs needed for medical care.",
        "path_titles": [
          "WORLD HEALTH ORGANIZATION (WHO)",
          "Functions",
          "It gives important drugs needed for medical care."
        ],
        "title": "It gives important drugs needed for medical care.",
        "sequence_number": 2,
        "depth": 2,
        "level_label": "Subtopic",
        "has_notes": true
      },
      {
        "path": "WORLD HEALTH ORGANIZATION (WHO) > Achievements of WHO",
        "path_titles": [
          "WORLD HEALTH ORGANIZATION (WHO)",
          "Achievements of WHO"
        ],
        "title": "Achievements of WHO",
        "sequence_number": 4,
        "depth": 1,
        "level_label": "Topic",
        "has_notes": true
      },
      {
        "path": "UNITED NATIONS EDUCATIONAL, SCIENTIFIC AND CULTURAL ORGANIZATION (UNESCO) > Objectives and Headquarters",
        "path_titles": [
          "UNITED NATIONS EDUCATIONAL, SCIENTIFIC AND CULTURAL ORGANIZATION (UNESCO)",
          "Objectives and Headquarters"
        ],
        "title": "Objectives and Headquarters",
        "sequence_number": 1,
        "depth": 1,
        "level_label": "Topic",
        "has_notes": true
      },
      {
        "path": "UNITED NATIONS EDUCATIONAL, SCIENTIFIC AND CULTURAL ORGANIZATION (UNESCO) > Functions > Education",
        "path_titles": [
          "UNITED NATIONS EDUCATIONAL, SCIENTIFIC AND CULTURAL ORGANIZATION (UNESCO)",
          "Functions",
          "Education"
        ],
        "title": "Education",
        "sequence_number": 1,
        "depth": 2,
        "level_label": "Subtopic",
        "has_notes": true
      },
      {
        "path": "UNITED NATIONS EDUCATIONAL, SCIENTIFIC AND CULTURAL ORGANIZATION (UNESCO) > Functions > Scientific activities",
        "path_titles": [
          "UNITED NATIONS EDUCATIONAL, SCIENTIFIC AND CULTURAL ORGANIZATION (UNESCO)",
          "Functions",
          "Scientific activities"
        ],
        "title": "Scientific activities",
        "sequence_number": 2,
        "depth": 2,
        "level_label": "Subtopic",
        "has_notes": true
      },
      {
        "path": "UNITED NATIONS EDUCATIONAL, SCIENTIFIC AND CULTURAL ORGANIZATION (UNESCO) > Functions > Communication",
        "path_titles": [
          "UNITED NATIONS EDUCATIONAL, SCIENTIFIC AND CULTURAL ORGANIZATION (UNESCO)",
          "Functions",
          "Communication"
        ],
        "title": "Communication",
        "sequence_number": 3,
        "depth": 2,
        "level_label": "Subtopic",
        "has_notes": true
      },
      {
        "path": "UNITED NATIONS EDUCATIONAL, SCIENTIFIC AND CULTURAL ORGANIZATION (UNESCO) > Functions > Preservation of Cultural Heritage > WORLD HERITAGE LIST",
        "path_titles": [
          "UNITED NATIONS EDUCATIONAL, SCIENTIFIC AND CULTURAL ORGANIZATION (UNESCO)",
          "Functions",
          "Preservation of Cultural Heritage",
          "WORLD HERITAGE LIST"
        ],
        "title": "WORLD HERITAGE LIST",
        "sequence_number": 1,
        "depth": 3,
        "level_label": "Point",
        "has_notes": true
      },
      {
        "path": "UNITED NATIONS EDUCATIONAL, SCIENTIFIC AND CULTURAL ORGANIZATION (UNESCO) > Functions > Preservation of Cultural Heritage > MANUSCRIPTS",
        "path_titles": [
          "UNITED NATIONS EDUCATIONAL, SCIENTIFIC AND CULTURAL ORGANIZATION (UNESCO)",
          "Functions",
          "Preservation of Cultural Heritage",
          "MANUSCRIPTS"
        ],
        "title": "MANUSCRIPTS",
        "sequence_number": 2,
        "depth": 3,
        "level_label": "Point",
        "has_notes": true
      },
      {
        "path": "UNITED NATIONS EDUCATIONAL, SCIENTIFIC AND CULTURAL ORGANIZATION (UNESCO) > Functions > Preservation of Cultural Heritage > INTANGIBLE CULTURAL HERITAGE (ICH)",
        "path_titles": [
          "UNITED NATIONS EDUCATIONAL, SCIENTIFIC AND CULTURAL ORGANIZATION (UNESCO)",
          "Functions",
          "Preservation of Cultural Heritage",
          "INTANGIBLE CULTURAL HERITAGE (ICH)"
        ],
        "title": "INTANGIBLE CULTURAL HERITAGE (ICH)",
        "sequence_number": 3,
        "depth": 3,
        "level_label": "Point",
        "has_notes": true
      },
      {
        "path": "UNITED NATIONS EDUCATIONAL, SCIENTIFIC AND CULTURAL ORGANIZATION (UNESCO) > Functions > ART",
        "path_titles": [
          "UNITED NATIONS EDUCATIONAL, SCIENTIFIC AND CULTURAL ORGANIZATION (UNESCO)",
          "Functions",
          "ART"
        ],
        "title": "ART",
        "sequence_number": 5,
        "depth": 2,
        "level_label": "Subtopic",
        "has_notes": true
      },
      {
        "path": "UNITED NATIONS EDUCATIONAL, SCIENTIFIC AND CULTURAL ORGANIZATION (UNESCO) > Functions > FILMS",
        "path_titles": [
          "UNITED NATIONS EDUCATIONAL, SCIENTIFIC AND CULTURAL ORGANIZATION (UNESCO)",
          "Functions",
          "FILMS"
        ],
        "title": "FILMS",
        "sequence_number": 6,
        "depth": 2,
        "level_label": "Subtopic",
        "has_notes": true
      },
      {
        "path": "UNITED NATIONS EDUCATIONAL, SCIENTIFIC AND CULTURAL ORGANIZATION (UNESCO) > Functions > TRAVEL GRANTS",
        "path_titles": [
          "UNITED NATIONS EDUCATIONAL, SCIENTIFIC AND CULTURAL ORGANIZATION (UNESCO)",
          "Functions",
          "TRAVEL GRANTS"
        ],
        "title": "TRAVEL GRANTS",
        "sequence_number": 7,
        "depth": 2,
        "level_label": "Subtopic",
        "has_notes": true
      },
      {
        "path": "UNITED NATIONS EDUCATIONAL, SCIENTIFIC AND CULTURAL ORGANIZATION (UNESCO) > India's Association with UNESCO",
        "path_titles": [
          "UNITED NATIONS EDUCATIONAL, SCIENTIFIC AND CULTURAL ORGANIZATION (UNESCO)",
          "India's Association with UNESCO"
        ],
        "title": "India's Association with UNESCO",
        "sequence_number": 3,
        "depth": 1,
        "level_label": "Topic",
        "has_notes": true
      }
    ],
    "stray_leaves": []
  }
}