{
  "syllabus_leaves": [
    {
      "path": "Jainism and Buddhism > Causes for their rise in the 6th century B.C.",
      "path_titles": [
        "Jainism and Buddhism",
        "Causes for their rise in the 6th century B.C."
      ],
      "title": "Causes for their rise in the 6th century B.C.",
      "sequence_number": 1,
      "depth": 1,
      "level_label": "Topic",
      "has_notes": true
    },
    {
      "path": "Jainism and Buddhism > Doctrines",
      "path_titles": [
        "Jainism and Buddhism",
        "Doctrines"
      ],
      "title": "Doctrines",
      "sequence_number": 2,
      "depth": 1,
      "level_label": "Topic",
      "has_notes": false
    },
    {
      "path": "SOURCES > (i) Angas",
      "path_titles": [
        "SOURCES",
        "(i) Angas"
      ],
      "title": "(i) Angas",
      "sequence_number": 1,
      "depth": 1,
      "level_label": "Topic",
      "has_notes": true
    },
    {
      "path": "SOURCES > (ii) Tripitikas > The Vinaya Pitaka",
      "path_titles": [
        "SOURCES",
        "(ii) Tripitikas",
        "The Vinaya Pitaka"
      ],
      "title": "The Vinaya Pitaka",
      "sequence_number": 1,
      "depth": 2,
      "level_label": "Subtopic",
      "has_notes": true
    },
    {
      "path": "SOURCES > (ii) Tripitikas > The Sutta Pitaka",
      "path_titles": [
        "SOURCES",
        "(ii) Tripitikas",
        "The Sutta Pitaka"
      ],
      "title": "The Sutta Pitaka",
      "sequence_number": 2,
      "depth": 2,
      "level_label": "Subtopic",
      "has_notes": true
    },
    {
      "path": "SOURCES > (ii) Tripitikas > The Abhidhamma Pitaka",
      "path_titles": [
        "SOURCES",
        "(ii) Tripitikas",
        "The Abhidhamma Pitaka"
      ],
      "title": "The Abhidhamma Pitaka",
      "sequence_number": 3,
      "depth": 2,
      "level_label": "Subtopic",
      "has_notes": true
    },
    {
      "path": "SOURCES > (iii) Jatakas",
      "path_titles": [
        "SOURCES",
        "(iii) Jatakas"
      ],
      "title": "(iii) Jatakas",
      "sequence_number": 3,
      "depth": 1,
      "level_label": "Topic",
      "has_notes": true
    },
    {
      "path": "CAUSES FOR THE RISE OF JAINISM AND BUDDHISM > (i) Reaction against Ritualism",
      "path_titles": [
        "CAUSES FOR THE RISE OF JAINISM AND BUDDHISM",
        "(i) Reaction against Ritualism"
      ],
      "title": "(i) Reaction against Ritualism",
      "sequence_number": 1,
      "depth": 1,
      "level_label": "Topic",
      "has_notes": true
    },
    {
      "path": "CAUSES FOR THE RISE OF JAINISM AND BUDDHISM > (ii) Corruption in Religion",
      "path_titles": [
        "CAUSES FOR THE RISE OF JAINISM AND BUDDHISM",
        "(ii) Corruption in Religion"
      ],
      "title": "(ii) Corruption in Religion",
      "sequence_number": 2,
      "depth": 1,
      "level_label": "Topic",
      "has_notes": true
    },
    {
      "path": "CAUSES FOR THE RISE OF JAINISM AND BUDDHISM > (iii) Rigid Caste System",
      "path_titles": [
        "CAUSES FOR THE RISE OF JAINISM AND BUDDHISM",
        "(iii) Rigid Caste System"
      ],
      "title": "(iii) Rigid Caste System",
      "sequence_number": 3,
      "depth": 1,
      "level_label": "Topic",
      "has_notes": true
    },
    {
      "path": "CAUSES FOR THE RISE OF JAINISM AND BUDDHISM > (iv) Difficult Language",
      "path_titles": [
        "CAUSES FOR THE RISE OF JAINISM AND BUDDHISM",
        "(iv) Difficult Language"
      ],
      "title": "(iv) Difficult Language",
      "sequence_number": 4,
      "depth": 1,
      "level_label": "Topic",
      "has_notes": true
    },
    {
      "path": "CAUSES FOR THE RISE OF JAINISM AND BUDDHISM > (v) Political situation",
      "path_titles": [
        "CAUSES FOR THE RISE OF JAINISM AND BUDDHISM",
        "(v) Political situation"
      ],
      "title": "(v) Political situation",
      "sequence_number": 5,
      "depth": 1,
      "level_label": "Topic",
      "has_notes": true
    },
    {
      "path": "CAUSES FOR THE RISE OF JAINISM AND BUDDHISM > (vi) Agricultural Economy",
      "path_titles": [
        "CAUSES FOR THE RISE OF JAINISM AND BUDDHISM",
        "(vi) Agricultural Economy"
      ],
      "title": "(vi) Agricultural Economy",
      "sequence_number": 6,
      "depth": 1,
      "level_label": "Topic",
      "has_notes": true
    },
    {
      "path": "JAINISM > Vardhamana Mahavira",
      "path_titles": [
        "JAINISM",
        "Vardhamana Mahavira"
      ],
      "title": "Vardhamana Mahavira",
      "sequence_number": 1,
      "depth": 1,
      "level_label": "Topic",
      "has_notes": true
    },
    {
      "path": "JAINISM > MAIN TEACHINGS OF JAINISM > 1. The Five Vows > (i) Ahimsa: non-violence.",
      "path_titles": [
        "JAINISM",
        "MAIN TEACHINGS OF JAINISM",
        "1. The Five Vows",
        "(i) Ahimsa: non-violence."
      ],
      "title": "(i) Ahimsa: non-violence.",
      "sequence_number": 1,
      "depth": 3,
      "level_label": "Point",
      "has_notes": true
    },
    {
      "path": "JAINISM > MAIN TEACHINGS OF JAINISM > 1. The Five Vows > (ii) Achaurya or Asteya: not stealing.",
      "path_titles": [
        "JAINISM",
        "MAIN TEACHINGS OF JAINISM",
        "1. The Five Vows",
        "(ii) Achaurya or Asteya: not stealing."
      ],
      "title": "(ii) Achaurya or Asteya: not stealing.",
      "sequence_number": 2,
      "depth": 3,
      "level_label": "Point",
      "has_notes": true
    },
    {
      "path": "JAINISM > MAIN TEACHINGS OF JAINISM > 1. The Five Vows > (iii) Satya: not telling a lie.",
      "path_titles": [
        "JAINISM",
        "MAIN TEACHINGS OF JAINISM",
        "1. The Five Vows",
        "(iii) Satya: not telling a lie."
      ],
      "title": "(iii) Satya: not telling a lie.",
      "sequence_number": 3,
      "depth": 3,
      "level_label": "Point",
      "has_notes": true
    },
    {
      "path": "JAINISM > MAIN TEACHINGS OF JAINISM > 1. The Five Vows > (iv) Aparigraha: not possessing property.",
      "path_titles": [
        "JAINISM",
        "MAIN TEACHINGS OF JAINISM",
        "1. The Five Vows",
        "(iv) Aparigraha: not possessing property."
      ],
      "title": "(iv) Aparigraha: not possessing property.",
      "sequence_number": 4,
      "depth": 3,
      "level_label": "Point",
      "has_notes": true
    },
    {
      "path": "JAINISM > MAIN TEACHINGS OF JAINISM > 1. The Five Vows > (v) Brahmacharya: practising chastity.",
      "path_titles": [
        "JAINISM",
        "MAIN TEACHINGS OF JAINISM",
        "1. The Five Vows",
        "(v) Brahmacharya: practising chastity."
      ],
      "title": "(v) Brahmacharya: practising chastity.",
      "sequence_number": 5,
      "depth": 3,
      "level_label": "Point",
      "has_notes": true
    },
    {
      "path": "JAINISM > MAIN TEACHINGS OF JAINISM > 2. Nine Truths",
      "path_titles": [
        "JAINISM",
        "MAIN TEACHINGS OF JAINISM",
        "2. Nine Truths"
      ],
      "title": "2. Nine Truths",
      "sequence_number": 2,
      "depth": 2,
      "level_label": "Subtopic",
      "has_notes": true
    },
    {
      "path": "JAINISM > DOCTRINES OF JAINISM > (i) Tri-ratnas",
      "path_titles": [
        "JAINISM",
        "DOCTRINES OF JAINISM",
        "(i) Tri-ratnas"
      ],
      "title": "(i) Tri-ratnas",
      "sequence_number": 1,
      "depth": 2,
      "level_label": "Subtopic",
      "has_notes": true
    },
    {
      "path": "JAINISM > DOCTRINES OF JAINISM > (ii) Karma",
      "path_titles": [
        "JAINISM",
        "DOCTRINES OF JAINISM",
        "(ii) Karma"
      ],
      "title": "(ii) Karma",
      "sequence_number": 2,
      "depth": 2,
      "level_label": "Subtopic",
      "has_notes": true
    },
    {
      "path": "JAINISM > DOCTRINES OF JAINISM > (iii) Equality",
      "path_titles": [
        "JAINISM",
        "DOCTRINES OF JAINISM",
        "(iii) Equality"
      ],
      "title": "(iii) Equality",
      "sequence_number": 3,
      "depth": 2,
      "level_label": "Subtopic",
      "has_notes": true
    },
    {
      "path": "JAINISM > DOCTRINES OF JAINISM > (iv) Eternal soul",
      "path_titles": [
        "JAINISM",
        "DOCTRINES OF JAINISM",
        "(iv) Eternal soul"
      ],
      "title": "(iv) Eternal soul",
      "sequence_number": 4,
      "depth": 2,
      "level_label": "Subtopic",
      "has_notes": true
    },
    {
      "path": "JAINISM > DOCTRINES OF JAINISM > (v) Salvation",
      "path_titles": [
        "JAINISM",
        "DOCTRINES OF JAINISM",
        "(v) Salvation"
      ],
      "title": "(v) Salvation",
      "sequence_number": 5,
      "depth": 2,
      "level_label": "Subtopic",
      "has_notes": true
    },
    {
      "path": "JAINISM > DOCTRINES OF JAINISM > (vi) Belief in Penance",
      "path_titles": [
        "JAINISM",
        "DOCTRINES OF JAINISM",
        "(vi) Belief in Penance"
      ],
      "title": "(vi) Belief in Penance",
      "sequence_number": 6,
      "depth": 2,
      "level_label": "Subtopic",
      "has_notes": true
    },
    {
      "path": "JAINISM > SPREAD OF JAINISM",
      "path_titles": [
        "JAINISM",
        "SPREAD OF JAINISM"
      ],
      "title": "SPREAD OF JAINISM",
      "sequence_number": 4,
      "depth": 1,
      "level_label": "Topic",
      "has_notes": true
    },
    {
      "path": "JAINISM > CAUSES OF THE SPREAD OF JAINISM > (i) Local Dialect",
      "path_titles": [
        "JAINISM",
        "CAUSES OF THE SPREAD OF JAINISM",
        "(i) Local Dialect"
      ],
      "title": "(i) Local Dialect",
      "sequence_number": 1,
      "depth": 2,
      "level_label": "Subtopic",
      "has_notes": true
    },
    {
      "path": "JAINISM > CAUSES OF THE SPREAD OF JAINISM > (ii) Royal Patronage",
      "path_titles": [
        "JAINISM",
        "CAUSES OF THE SPREAD OF JAINISM",
        "(ii) Royal Patronage"
      ],
      "title": "(ii) Royal Patronage",
      "sequence_number": 2,
      "depth": 2,
      "level_label": "Subtopic",
      "has_notes": true
    },
    {
      "path": "JAINISM > CAUSES OF THE SPREAD OF JAINISM > (iii) Saints",
      "path_titles": [
        "JAINISM",
        "CAUSES OF THE SPREAD OF JAINISM",
        "(iii) Saints"
      ],
      "title": "(iii) Saints",
      "sequence_number": 3,
      "depth": 2,
      "level_label": "Subtopic",
      "has_notes": true
    },
    {
      "path": "JAINISM > CAUSES OF THE SPREAD OF JAINISM > (iv) Appeal to People",
      "path_titles": [
        "JAINISM",
        "CAUSES OF THE SPREAD OF JAINISM",
        "(iv) Appeal to People"
      ],
      "title": "(iv) Appeal to People",
      "sequence_number": 4,
      "depth": 2,
      "level_label": "Subtopic",
      "has_notes": true
    },
    {
      "path": "JAINISM > DIVISION INTO TWO SECTS > (a) Shvetambaras",
      "path_titles": [
        "JAINISM",
        "DIVISION INTO TWO SECTS",
        "(a) Shvetambaras"
      ],
      "title": "(a) Shvetambaras",
      "sequence_number": 1,
      "depth": 2,
      "level_label": "Subtopic",
      "has_notes": true
    },
    {
      "path": "JAINISM > DIVISION INTO TWO SECTS > (b) Digambaras",
      "path_titles": [
        "JAINISM",
        "DIVISION INTO TWO SECTS",
        "(b) Digambaras"
      ],
      "title": "(b) Digambaras",
      "sequence_number": 2,
      "depth": 2,
      "level_label": "Subtopic",
      "has_notes": true
    },
    {
      "path": "JAINISM > IMPACT OF JAINISM > (a) Political Impact",
      "path_titles": [
        "JAINISM",
        "IMPACT OF JAINISM",
        "(a) Political Impact"
      ],
      "title": "(a) Political Impact",
      "sequence_number": 1,
      "depth": 2,
      "level_label": "Subtopic",
      "has_notes": true
    },
    {
      "path": "JAINISM > IMPACT OF JAINISM > (b) Social and Religious Impact",
      "path_titles": [
        "JAINISM",
        "IMPACT OF JAINISM",
        "(b) Social and Religious Impact"
      ],
      "title": "(b) Social and Religious Impact",
      "sequence_number": 2,
      "depth": 2,
      "level_label": "Subtopic",
      "has_notes": true
    },
    {
      "path": "JAINISM > IMPACT OF JAINISM > (c) Language and Literature",
      "path_titles": [
        "JAINISM",
        "IMPACT OF JAINISM",
        "(c) Language and Literature"
      ],
      "title": "(c) Language and Literature",
      "sequence_number": 3,
      "depth": 2,
      "level_label": "Subtopic",
      "has_notes": true
    },
    {
      "path": "JAINISM > IMPACT OF JAINISM > (d) Art and Architecture",
      "path_titles": [
        "JAINISM",
        "IMPACT OF JAINISM",
        "(d) Art and Architecture"
      ],
      "title": "(d) Art and Architecture",
      "sequence_number": 4,
      "depth": 2,
      "level_label": "Subtopic",
      "has_notes": true
    },
    {
      "path": "JAINISM > DECLINE OF JAINISM > (i) Jainism preached rigid austerity.",
      "path_titles": [
        "JAINISM",
        "DECLINE OF JAINISM",
        "(i) Jainism preached rigid austerity."
      ],
      "title": "(i) Jainism preached rigid austerity.",
      "sequence_number": 1,
      "depth": 2,
      "level_label": "Subtopic",
      "has_notes": true
    },
    {
      "path": "JAINISM > DECLINE OF JAINISM > (ii) The religion did not spread to foreign countries.",
      "path_titles": [
        "JAINISM",
        "DECLINE OF JAINISM",
        "(ii) The religion did not spread to foreign countries."
      ],
      "title": "(ii) The religion did not spread to foreign countries.",
      "sequence_number": 2,
      "depth": 2,
      "level_label": "Subtopic",
      "has_notes": true
    },
    {
      "path": "JAINISM > DECLINE OF JAINISM > (iii) Jainism did not get royal patronage from contemporary rulers.",
      "path_titles": [
        "JAINISM",
        "DECLINE OF JAINISM",
        "(iii) Jainism did not get royal patronage from contemporary rulers."
      ],
      "title": "(iii) Jainism did not get royal patronage from contemporary rulers.",
      "sequence_number": 3,
      "depth": 2,
      "level_label": "Subtopic",
      "has_notes": true
    },
    {
      "path": "JAINISM > DECLINE OF JAINISM > (iv) Though Jainism advocated equality of men",
      "path_titles": [
        "JAINISM",
        "DECLINE OF JAINISM",
        "(iv) Though Jainism advocated equality of men"
      ],
      "title": "(iv) Though Jainism advocated equality of men",
      "sequence_number": 4,
      "depth": 2,
      "level_label": "Subtopic",
      "has_notes": true
    },
    {
      "path": "JAINISM > DECLINE OF JAINISM > (v) During the Gupta period and in later years, Hinduism once again became popular.",
      "path_titles": [
        "JAINISM",
        "DECLINE OF JAINISM",
        "(v) During the Gupta period and in later years, Hinduism once again became popular."
      ],
      "title": "(v) During the Gupta period and in later years, Hinduism once again became popular.",
      "sequence_number": 5,
      "depth": 2,
      "level_label": "Subtopic",
      "has_notes": true
    },
    {
      "path": "BUDDHISM > GAUTAMA BUDDHA",
      "path_titles": [
        "BUDDHISM",
        "GAUTAMA BUDDHA"
      ],
      "title": "GAUTAMA BUDDHA",
      "sequence_number": 1,
      "depth": 1,
      "level_label": "Topic",
      "has_notes": true
    },
    {
      "path": "BUDDHISM > ENLIGHTENMENT",
      "path_titles": [
        "BUDDHISM",
        "ENLIGHTENMENT"
      ],
      "title": "ENLIGHTENMENT",
      "sequence_number": 2,
      "depth": 1,
      "level_label": "Topic",
      "has_notes": true
    },
    {
      "path": "BUDDHISM > TEACHINGS OF BUDDHISM > Four Noble Truths",
      "path_titles": [
        "BUDDHISM",
        "TEACHINGS OF BUDDHISM",
        "Four Noble Truths"
      ],
      "title": "Four Noble Truths",
      "sequence_number": 1,
      "depth": 2,
      "level_label": "Subtopic",
      "has_notes": true
    },
    {
      "path": "BUDDHISM > TEACHINGS OF BUDDHISM > Eightfold Path",
      "path_titles": [
        "BUDDHISM",
        "TEACHINGS OF BUDDHISM",
        "Eightfold Path"
      ],
      "title": "Eightfold Path",
      "sequence_number": 2,
      "depth": 2,
      "level_label": "Subtopic",
      "has_notes": true
    },
    {
      "path": "BUDDHISM > TEACHINGS OF BUDDHISM > Attitude towards God",
      "path_titles": [
        "BUDDHISM",
        "TEACHINGS OF BUDDHISM",
        "Attitude towards God"
      ],
      "title": "Attitude towards God",
      "sequence_number": 3,
      "depth": 2,
      "level_label": "Subtopic",
      "has_notes": true
    },
    {
      "path": "BUDDHISM > TEACHINGS OF BUDDHISM > CODE OF CONDUCT",
      "path_titles": [
        "BUDDHISM",
        "TEACHINGS OF BUDDHISM",
        "CODE OF CONDUCT"
      ],
      "title": "CODE OF CONDUCT",
      "sequence_number": 4,
      "depth": 2,
      "level_label": "Subtopic",
      "has_notes": true
    },
    {
      "path": "BUDDHISM > TEACHINGS OF BUDDHISM > Karma",
      "path_titles": [
        "BUDDHISM",
        "TEACHINGS OF BUDDHISM",
        "Karma"
      ],
      "title": "Karma",
      "sequence_number": 5,
      "depth": 2,
      "level_label": "Subtopic",
      "has_notes": true
    },
    {
      "path": "BUDDHISM > TEACHINGS OF BUDDHISM > Stress on Morality",
      "path_titles": [
        "BUDDHISM",
        "TEACHINGS OF BUDDHISM",
        "Stress on Morality"
      ],
      "title": "Stress on Morality",
      "sequence_number": 6,
      "depth": 2,
      "level_label": "Subtopic",
      "has_notes": true
    },
    {
      "path": "BUDDHISM > TEACHINGS OF BUDDHISM > Nirvana",
      "path_titles": [
        "BUDDHISM",
        "TEACHINGS OF BUDDHISM",
        "Nirvana"
      ],
      "title": "Nirvana",
      "sequence_number": 7,
      "depth": 2,
      "level_label": "Subtopic",
      "has_notes": true
    },
    {
      "path": "BUDDHISM > TEACHINGS OF BUDDHISM > Universal Brotherhood",
      "path_titles": [
        "BUDDHISM",
        "TEACHINGS OF BUDDHISM",
        "Universal Brotherhood"
      ],
      "title": "Universal Brotherhood",
      "sequence_number": 8,
      "depth": 2,
      "level_label": "Subtopic",
      "has_notes": true
    },
    {
      "path": "BUDDHISM > TEACHINGS OF BUDDHISM > No Faith in Rituals and Sacrifices",
      "path_titles": [
        "BUDDHISM",
        "TEACHINGS OF BUDDHISM",
        "No Faith in Rituals and Sacrifices"
      ],
      "title": "No Faith in Rituals and Sacrifices",
      "sequence_number": 9,
      "depth": 2,
      "level_label": "Subtopic",
      "has_notes": true
    },
    {
      "path": "BUDDHISM > TEACHINGS OF BUDDHISM > Ahimsa",
      "path_titles": [
        "BUDDHISM",
        "TEACHINGS OF BUDDHISM",
        "Ahimsa"
      ],
      "title": "Ahimsa",
      "sequence_number": 10,
      "depth": 2,
      "level_label": "Subtopic",
      "has_notes": true
    },
    {
      "path": "BUDDHISM > ORGANISATION > 1. Membership",
      "path_titles": [
        "BUDDHISM",
        "ORGANISATION",
        "1. Membership"
      ],
      "title": "1. Membership",
      "sequence_number": 1,
      "depth": 2,
      "level_label": "Subtopic",
      "has_notes": true
    },
    {
      "path": "BUDDHISM > ORGANISATION > 2. Ten Commandments",
      "path_titles": [
        "BUDDHISM",
        "ORGANISATION",
        "2. Ten Commandments"
      ],
      "title": "2. Ten Commandments",
      "sequence_number": 2,
      "depth": 2,
      "level_label": "Subtopic",
      "has_notes": true
    },
    {
      "path": "BUDDHISM > ORGANISATION > 3. Viharas",
      "path_titles": [
        "BUDDHISM",
        "ORGANISATION",
        "3. Viharas"
      ],
      "title": "3. Viharas",
      "sequence_number": 3,
      "depth": 2,
      "level_label": "Subtopic",
      "has_notes": true
    },
    {
      "path": "BUDDHISM > SECTS OF BUDDHISM > Hinayana",
      "path_titles": [
        "BUDDHISM",
        "SECTS OF BUDDHISM",
        "Hinayana"
      ],
      "title": "Hinayana",
      "sequence_number": 1,
      "depth": 2,
      "level_label": "Subtopic",
      "has_notes": true
    },
    {
      "path": "BUDDHISM > SECTS OF BUDDHISM > Mahayana",
      "path_titles": [
        "BUDDHISM",
        "SECTS OF BUDDHISM",
        "Mahayana"
      ],
      "title": "Mahayana",
      "sequence_number": 2,
      "depth": 2,
      "level_label": "Subtopic",
      "has_notes": true
    },
    {
      "path": "BUDDHISM > IMPACT OF BUDDHISM > (i) Ahimsa",
      "path_titles": [
        "BUDDHISM",
        "IMPACT OF BUDDHISM",
        "(i) Ahimsa"
      ],
      "title": "(i) Ahimsa",
      "sequence_number": 1,
      "depth": 2,
      "level_label": "Subtopic",
      "has_notes": true
    },
    {
      "path": "BUDDHISM > IMPACT OF BUDDHISM > (ii) Influence on Religious Life",
      "path_titles": [
        "BUDDHISM",
        "IMPACT OF BUDDHISM",
        "(ii) Influence on Religious Life"
      ],
      "title": "(ii) Influence on Religious Life",
      "sequence_number": 2,
      "depth": 2,
      "level_label": "Subtopic",
      "has_notes": true
    },
    {
      "path": "BUDDHISM > IMPACT OF BUDDHISM > (iii) Influence on Social Life",
      "path_titles": [
        "BUDDHISM",
        "IMPACT OF BUDDHISM",
        "(iii) Influence on Social Life"
      ],
      "title": "(iii) Influence on Social Life",
      "sequence_number": 3,
      "depth": 2,
      "level_label": "Subtopic",
      "has_notes": true
    },
    {
      "path": "BUDDHISM > IMPACT OF BUDDHISM > (iv) Political Impact",
      "path_titles": [
        "BUDDHISM",
        "IMPACT OF BUDDHISM",
        "(iv) Political Impact"
      ],
      "title": "(iv) Political Impact",
      "sequence_number": 4,
      "depth": 2,
      "level_label": "Subtopic",
      "has_notes": true
    },
    {
      "path": "BUDDHISM > IMPACT OF BUDDHISM > (v) Cultural Impact",
      "path_titles": [
        "BUDDHISM",
        "IMPACT OF BUDDHISM",
        "(v) Cultural Impact"
      ],
      "title": "(v) Cultural Impact",
      "sequence_number": 5,
      "depth": 2,
      "level_label": "Subtopic",
      "has_notes": true
    },
    {
      "path": "BUDDHISM > IMPACT OF BUDDHISM > (vi) Language and Literature",
      "path_titles": [
        "BUDDHISM",
        "IMPACT OF BUDDHISM",
        "(vi) Language and Literature"
      ],
      "title": "(vi) Language and Literature",
      "sequence_number": 6,
      "depth": 2,
      "level_label": "Subtopic",
      "has_notes": true
    },
    {
      "path": "BUDDHISM > IMPACT OF BUDDHISM > (vii) Art and Architecture",
      "path_titles": [
        "BUDDHISM",
        "IMPACT OF BUDDHISM",
        "(vii) Art and Architecture"
      ],
      "title": "(vii) Art and Architecture",
      "sequence_number": 7,
      "depth": 2,
      "level_label": "Subtopic",
      "has_notes": true
    },
    {
      "path": "BUDDHISM > DECLINE OF BUDDHISM > (i) Split in Buddhism",
      "path_titles": [
        "BUDDHISM",
        "DECLINE OF BUDDHISM",
        "(i) Split in Buddhism"
      ],
      "title": "(i) Split in Buddhism",
      "sequence_number": 1,
      "depth": 2,
      "level_label": "Subtopic",
      "has_notes": true
    },
    {
      "path": "BUDDHISM > DECLINE OF BUDDHISM > (ii) Language",
      "path_titles": [
        "BUDDHISM",
        "DECLINE OF BUDDHISM",
        "(ii) Language"
      ],
      "title": "(ii) Language",
      "sequence_number": 2,
      "depth": 2,
      "level_label": "Subtopic",
      "has_notes": true
    },
    {
      "path": "BUDDHISM > DECLINE OF BUDDHISM > (iii) Corruption in Sangha",
      "path_titles": [
        "BUDDHISM",
        "DECLINE OF BUDDHISM",
        "(iii) Corruption in Sangha"
      ],
      "title": "(iii) Corruption in Sangha",
      "sequence_number": 3,
      "depth": 2,
      "level_label": "Subtopic",
      "has_notes": true
    },
    {
      "path": "BUDDHISM > DECLINE OF BUDDHISM > (iv) Reforms in Hinduism",
      "path_titles": [
        "BUDDHISM",
        "DECLINE OF BUDDHISM",
        "(iv) Reforms in Hinduism"
      ],
      "title": "(iv) Reforms in Hinduism",
      "sequence_number": 4,
      "depth": 2,
      "level_label": "Subtopic",
      "has_notes": true
    },
    {
      "path": "BUDDHISM > DECLINE OF BUDDHISM > (v) Invasions",
      "path_titles": [
        "BUDDHISM",
        "DECLINE OF BUDDHISM",
        "(v) Invasions"
      ],
      "title": "(v) Invasions",
      "sequence_number": 5,
      "depth": 2,
      "level_label": "Subtopic",
      "has_notes": true
    },
    {
      "path": "BUDDHISM > DECLINE OF BUDDHISM > (vi) End of Royal Patronage",
      "path_titles": [
        "BUDDHISM",
        "DECLINE OF BUDDHISM",
        "(vi) End of Royal Patronage"
      ],
      "title": "(vi) End of Royal Patronage",
      "sequence_number": 6,
      "depth": 2,
      "level_label": "Subtopic",
      "has_notes": true
    },
    {
      "path": "JAINISM AND BUDDHISM COMPARED",
      "path_titles": [
        "JAINISM AND BUDDHISM COMPARED"
      ],
      "title": "JAINISM AND BUDDHISM COMPARED",
      "sequence_number": 6,
      "depth": 0,
      "level_label": "Section",
      "has_notes": false
    }
  ],
  "stray_leaves": [
    {
      "title": "The Great Renunciation",
      "insert_after_index": 55,
      "micro_topics": [],
      "has_notes": true
    },
    {
      "title": "Dharmachakrapravartana",
      "insert_after_index": 56,
      "micro_topics": [],
      "has_notes": true
    },
    {
      "title": "SIMILARITIES BETWEEN JAINISM AND BUDDHISM",
      "insert_after_index": 90,
      "micro_topics": [],
      "has_notes": true
    },
    {
      "title": "Dissimilarities",
      "insert_after_index": 90,
      "micro_topics": [],
      "has_notes": true
    }
  ]
}