{
  "syllabus_leaves": [
    {
      "path": "SYLLABUS > Medieval India (C) The Mughal Empire",
      "path_titles": [
        "SYLLABUS",
        "Medieval India (C) The Mughal Empire"
      ],
      "title": "Medieval India (C) The Mughal Empire",
      "sequence_number": 1,
      "depth": 1,
      "level_label": "Topic",
      "has_notes": true
    },
    {
      "path": "SYLLABUS > Sources: Ain-i-Akbari, Taj Mahal, Jama Masjid and Red Fort.",
      "path_titles": [
        "SYLLABUS",
        "Sources: Ain-i-Akbari, Taj Mahal, Jama Masjid and Red Fort."
      ],
      "title": "Sources: Ain-i-Akbari, Taj Mahal, Jama Masjid and Red Fort.",
      "sequence_number": 2,
      "depth": 1,
      "level_label": "Topic",
      "has_notes": true
    },
    {
      "path": "SYLLABUS > Political history and administration (Babur, Akbar and Aurangzeb).",
      "path_titles": [
        "SYLLABUS",
        "Political history and administration (Babur, Akbar and Aurangzeb)."
      ],
      "title": "Political history and administration (Babur, Akbar and Aurangzeb).",
      "sequence_number": 3,
      "depth": 1,
      "level_label": "Topic",
      "has_notes": false
    },
    {
      "path": "SOURCES > Ain-i-Akbari",
      "path_titles": [
        "SOURCES",
        "Ain-i-Akbari"
      ],
      "title": "Ain-i-Akbari",
      "sequence_number": 1,
      "depth": 1,
      "level_label": "Topic",
      "has_notes": true
    },
    {
      "path": "SOURCES > The Taj Mahal, Agra",
      "path_titles": [
        "SOURCES",
        "The Taj Mahal, Agra"
      ],
      "title": "The Taj Mahal, Agra",
      "sequence_number": 2,
      "depth": 1,
      "level_label": "Topic",
      "has_notes": true
    },
    {
      "path": "SOURCES > The Jama Masjid",
      "path_titles": [
        "SOURCES",
        "The Jama Masjid"
      ],
      "title": "The Jama Masjid",
      "sequence_number": 3,
      "depth": 1,
      "level_label": "Topic",
      "has_notes": true
    },
    {
      "path": "SOURCES > The Red Fort, Delhi",
      "path_titles": [
        "SOURCES",
        "The Red Fort, Delhi"
      ],
      "title": "The Red Fort, Delhi",
      "sequence_number": 4,
      "depth": 1,
      "level_label": "Topic",
      "has_notes": true
    },
    {
      "path": "MUGHAL DYNASTY > BABUR",
      "path_titles": [
        "MUGHAL DYNASTY",
        "BABUR"
      ],
      "title": "BABUR",
      "sequence_number": 1,
      "depth": 1,
      "level_label": "Topic",
      "has_notes": true
    },
    {
      "path": "MUGHAL DYNASTY > AKBAR",
      "path_titles": [
        "MUGHAL DYNASTY",
        "AKBAR"
      ],
      "title": "AKBAR",
      "sequence_number": 2,
      "depth": 1,
      "level_label": "Topic",
      "has_notes": true
    },
    {
      "path": "MUGHAL DYNASTY > Akbar's Rajput Policy",
      "path_titles": [
        "MUGHAL DYNASTY",
        "Akbar's Rajput Policy"
      ],
      "title": "Akbar's Rajput Policy",
      "sequence_number": 3,
      "depth": 1,
      "level_label": "Topic",
      "has_notes": true
    },
    {
      "path": "MUGHAL DYNASTY > Steps Towards Integration",
      "path_titles": [
        "MUGHAL DYNASTY",
        "Steps Towards Integration"
      ],
      "title": "Steps Towards Integration",
      "sequence_number": 4,
      "depth": 1,
      "level_label": "Topic",
      "has_notes": true
    },
    {
      "path": "MUGHAL DYNASTY > SOCIAL AND EDUCATIONAL REFORMS",
      "path_titles": [
        "MUGHAL DYNASTY",
        "SOCIAL AND EDUCATIONAL REFORMS"
      ],
      "title": "SOCIAL AND EDUCATIONAL REFORMS",
      "sequence_number": 5,
      "depth": 1,
      "level_label": "Topic",
      "has_notes": true
    },
    {
      "path": "MUGHAL DYNASTY > AURANGZEB",
      "path_titles": [
        "MUGHAL DYNASTY",
        "AURANGZEB"
      ],
      "title": "AURANGZEB",
      "sequence_number": 6,
      "depth": 1,
      "level_label": "Topic",
      "has_notes": true
    },
    {
      "path": "ADMINISTRATIVE SYSTEM OF THE MUGHALS > Monarch",
      "path_titles": [
        "ADMINISTRATIVE SYSTEM OF THE MUGHALS",
        "Monarch"
      ],
      "title": "Monarch",
      "sequence_number": 1,
      "depth": 1,
      "level_label": "Topic",
      "has_notes": true
    },
    {
      "path": "ADMINISTRATIVE SYSTEM OF THE MUGHALS > Ministers",
      "path_titles": [
        "ADMINISTRATIVE SYSTEM OF THE MUGHALS",
        "Ministers"
      ],
      "title": "Ministers",
      "sequence_number": 2,
      "depth": 1,
      "level_label": "Topic",
      "has_notes": true
    },
    {
      "path": "ADMINISTRATIVE SYSTEM OF THE MUGHALS > Judiciary",
      "path_titles": [
        "ADMINISTRATIVE SYSTEM OF THE MUGHALS",
        "Judiciary"
      ],
      "title": "Judiciary",
      "sequence_number": 3,
      "depth": 1,
      "level_label": "Topic",
      "has_notes": true
    },
    {
      "path": "ADMINISTRATIVE SYSTEM OF THE MUGHALS > Provincial Government",
      "path_titles": [
        "ADMINISTRATIVE SYSTEM OF THE MUGHALS",
        "Provincial Government"
      ],
      "title": "Provincial Government",
      "sequence_number": 4,
      "depth": 1,
      "level_label": "Topic",
      "has_notes": true
    },
    {
      "path": "ADMINISTRATIVE SYSTEM OF THE MUGHALS > Mansabdari System",
      "path_titles": [
        "ADMINISTRATIVE SYSTEM OF THE MUGHALS",
        "Mansabdari System"
      ],
      "title": "Mansabdari System",
      "sequence_number": 5,
      "depth": 1,
      "level_label": "Topic",
      "has_notes": true
    },
    {
      "path": "ADMINISTRATIVE SYSTEM OF THE MUGHALS > Land Revenue System",
      "path_titles": [
        "ADMINISTRATIVE SYSTEM OF THE MUGHALS",
        "Land Revenue System"
      ],
      "title": "Land Revenue System",
      "sequence_number": 6,
      "depth": 1,
      "level_label": "Topic",
      "has_notes": true
    },
    {
      "path": "TIMELINE",
      "path_titles": [
        "TIMELINE"
      ],
      "title": "TIMELINE",
      "sequence_number": 5,
      "depth": 0,
      "level_label": "Section",
      "has_notes": true
    },
    {
      "path": "EXERCISES",
      "path_titles": [
        "EXERCISES"
      ],
      "title": "EXERCISES",
      "sequence_number": 6,
      "depth": 0,
      "level_label": "Section",
      "has_notes": false
    }
  ],
  "stray_leaves": []
}