{
  "syllabus_leaves": [
    {
      "path": "CAUSES OF PARTITION OF BENGAL > Bengal was the nerve centre of Indian nationalism at that time.",
      "path_titles": [
        "CAUSES OF PARTITION OF BENGAL",
        "Bengal was the nerve centre of Indian nationalism at that time."
      ],
      "title": "Bengal was the nerve centre of Indian nationalism at that time.",
      "sequence_number": 1,
      "depth": 1,
      "level_label": "Topic",
      "has_notes": true
    },
    {
      "path": "CAUSES OF PARTITION OF BENGAL > The Partition of the state was intended to curb Bengali influence.",
      "path_titles": [
        "CAUSES OF PARTITION OF BENGAL",
        "The Partition of the state was intended to curb Bengali influence."
      ],
      "title": "The Partition of the state was intended to curb Bengali influence.",
      "sequence_number": 2,
      "depth": 1,
      "level_label": "Topic",
      "has_notes": true
    },
    {
      "path": "CAUSES OF PARTITION OF BENGAL > The Partition was meant to foster division on the basis of religion.",
      "path_titles": [
        "CAUSES OF PARTITION OF BENGAL",
        "The Partition was meant to foster division on the basis of religion."
      ],
      "title": "The Partition was meant to foster division on the basis of religion.",
      "sequence_number": 3,
      "depth": 1,
      "level_label": "Topic",
      "has_notes": true
    },
    {
      "path": "THE ANTI-PARTITION MOVEMENT",
      "path_titles": [
        "THE ANTI-PARTITION MOVEMENT"
      ],
      "title": "THE ANTI-PARTITION MOVEMENT",
      "sequence_number": 2,
      "depth": 0,
      "level_label": "Section",
      "has_notes": true
    },
    {
      "path": "People's Reaction > The Partition came into effect on October 16, 1905.",
      "path_titles": [
        "People's Reaction",
        "The Partition came into effect on October 16, 1905."
      ],
      "title": "The Partition came into effect on October 16, 1905.",
      "sequence_number": 1,
      "depth": 1,
      "level_label": "Topic",
      "has_notes": true
    },
    {
      "path": "People's Reaction > The streets of Kolkata were full of the cries of 'Bande Mataram'",
      "path_titles": [
        "People's Reaction",
        "The streets of Kolkata were full of the cries of 'Bande Mataram'"
      ],
      "title": "The streets of Kolkata were full of the cries of 'Bande Mataram'",
      "sequence_number": 2,
      "depth": 1,
      "level_label": "Topic",
      "has_notes": true
    },
    {
      "path": "People's Reaction > Rabindranath Tagore composed the patriotic song, ‘Amar Sonar Bangla'",
      "path_titles": [
        "People's Reaction",
        "Rabindranath Tagore composed the patriotic song, ‘Amar Sonar Bangla'"
      ],
      "title": "Rabindranath Tagore composed the patriotic song, ‘Amar Sonar Bangla'",
      "sequence_number": 3,
      "depth": 1,
      "level_label": "Topic",
      "has_notes": true
    },
    {
      "path": "People's Reaction > The ceremony of Raksha Bandhan was celebrated in a new way.",
      "path_titles": [
        "People's Reaction",
        "The ceremony of Raksha Bandhan was celebrated in a new way."
      ],
      "title": "The ceremony of Raksha Bandhan was celebrated in a new way.",
      "sequence_number": 4,
      "depth": 1,
      "level_label": "Topic",
      "has_notes": true
    },
    {
      "path": "Impact of the Anti-Partition Movement > The Partition of Bengal along with the Anti-Partition Movement accelerated the Nationalist Movement",
      "path_titles": [
        "Impact of the Anti-Partition Movement",
        "The Partition of Bengal along with the Anti-Partition Movement accelerated the Nationalist Movement"
      ],
      "title": "The Partition of Bengal along with the Anti-Partition Movement accelerated the Nationalist Movement",
      "sequence_number": 1,
      "depth": 1,
      "level_label": "Topic",
      "has_notes": true
    },
    {
      "path": "Impact of the Anti-Partition Movement > The ideas of Swadeshi and Boycott, born of the popular feelings in 1905, took shape",
      "path_titles": [
        "Impact of the Anti-Partition Movement",
        "The ideas of Swadeshi and Boycott, born of the popular feelings in 1905, took shape"
      ],
      "title": "The ideas of Swadeshi and Boycott, born of the popular feelings in 1905, took shape",
      "sequence_number": 2,
      "depth": 1,
      "level_label": "Topic",
      "has_notes": true
    },
    {
      "path": "Impact of the Anti-Partition Movement > The Swadeshi Movement not only played an important role in the growth of nationalism and patriotism among the masses",
      "path_titles": [
        "Impact of the Anti-Partition Movement",
        "The Swadeshi Movement not only played an important role in the growth of nationalism and patriotism among the masses"
      ],
      "title": "The Swadeshi Movement not only played an important role in the growth of nationalism and patriotism among the masses",
      "sequence_number": 3,
      "depth": 1,
      "level_label": "Topic",
      "has_notes": true
    },
    {
      "path": "Impact of the Anti-Partition Movement > A number of indigenous industries like soap and matchstick factories, textile mills, tanneries, banks, insurance companies and so on started growing",
      "path_titles": [
        "Impact of the Anti-Partition Movement",
        "A number of indigenous industries like soap and matchstick factories, textile mills, tanneries, banks, insurance companies and so on started growing"
      ],
      "title": "A number of indigenous industries like soap and matchstick factories, textile mills, tanneries, banks, insurance companies and so on started growing",
      "sequence_number": 4,
      "depth": 1,
      "level_label": "Topic",
      "has_notes": true
    },
    {
      "path": "Impact of the Anti-Partition Movement > The Partition of Bengal left a lasting legacy of communal distrust and violence.",
      "path_titles": [
        "Impact of the Anti-Partition Movement",
        "The Partition of Bengal left a lasting legacy of communal distrust and violence."
      ],
      "title": "The Partition of Bengal left a lasting legacy of communal distrust and violence.",
      "sequence_number": 5,
      "depth": 1,
      "level_label": "Topic",
      "has_notes": true
    },
    {
      "path": "Impact of the Anti-Partition Movement > The people lost their faith in the fair play and justice of the British.",
      "path_titles": [
        "Impact of the Anti-Partition Movement",
        "The people lost their faith in the fair play and justice of the British."
      ],
      "title": "The people lost their faith in the fair play and justice of the British.",
      "sequence_number": 6,
      "depth": 1,
      "level_label": "Topic",
      "has_notes": true
    },
    {
      "path": "Impact of the Anti-Partition Movement > The Anti-Partition agitation backfired the plans of Lord Curzon.",
      "path_titles": [
        "Impact of the Anti-Partition Movement",
        "The Anti-Partition agitation backfired the plans of Lord Curzon."
      ],
      "title": "The Anti-Partition agitation backfired the plans of Lord Curzon.",
      "sequence_number": 7,
      "depth": 1,
      "level_label": "Topic",
      "has_notes": true
    },
    {
      "path": "SURAT SPLIT OF 1907",
      "path_titles": [
        "SURAT SPLIT OF 1907"
      ],
      "title": "SURAT SPLIT OF 1907",
      "sequence_number": 5,
      "depth": 0,
      "level_label": "Section",
      "has_notes": true
    },
    {
      "path": "THE ASSERTIVE NATIONALISTS",
      "path_titles": [
        "THE ASSERTIVE NATIONALISTS"
      ],
      "title": "THE ASSERTIVE NATIONALISTS",
      "sequence_number": 6,
      "depth": 0,
      "level_label": "Section",
      "has_notes": true
    },
    {
      "path": "Causes for the Rise of Assertive Nationalism > Recognition of the True Nature of the British Rule:",
      "path_titles": [
        "Causes for the Rise of Assertive Nationalism",
        "Recognition of the True Nature of the British Rule:"
      ],
      "title": "Recognition of the True Nature of the British Rule:",
      "sequence_number": 1,
      "depth": 1,
      "level_label": "Topic",
      "has_notes": true
    },
    {
      "path": "Causes for the Rise of Assertive Nationalism > Failure of the Early Nationalists:",
      "path_titles": [
        "Causes for the Rise of Assertive Nationalism",
        "Failure of the Early Nationalists:"
      ],
      "title": "Failure of the Early Nationalists:",
      "sequence_number": 2,
      "depth": 1,
      "level_label": "Topic",
      "has_notes": true
    },
    {
      "path": "Causes for the Rise of Assertive Nationalism > Worsening Economic Conditions:",
      "path_titles": [
        "Causes for the Rise of Assertive Nationalism",
        "Worsening Economic Conditions:"
      ],
      "title": "Worsening Economic Conditions:",
      "sequence_number": 3,
      "depth": 1,
      "level_label": "Topic",
      "has_notes": true
    },
    {
      "path": "Causes for the Rise of Assertive Nationalism > Growing Consciousness Among Indians:",
      "path_titles": [
        "Causes for the Rise of Assertive Nationalism",
        "Growing Consciousness Among Indians:"
      ],
      "title": "Growing Consciousness Among Indians:",
      "sequence_number": 4,
      "depth": 1,
      "level_label": "Topic",
      "has_notes": true
    },
    {
      "path": "Causes for the Rise of Assertive Nationalism > Need for Mass Action:",
      "path_titles": [
        "Causes for the Rise of Assertive Nationalism",
        "Need for Mass Action:"
      ],
      "title": "Need for Mass Action:",
      "sequence_number": 5,
      "depth": 1,
      "level_label": "Topic",
      "has_notes": true
    },
    {
      "path": "Causes for the Rise of Assertive Nationalism > Influence of International Events:",
      "path_titles": [
        "Causes for the Rise of Assertive Nationalism",
        "Influence of International Events:"
      ],
      "title": "Influence of International Events:",
      "sequence_number": 6,
      "depth": 1,
      "level_label": "Topic",
      "has_notes": true
    },
    {
      "path": "Causes for the Rise of Assertive Nationalism > Growth of Education and Unemployment:",
      "path_titles": [
        "Causes for the Rise of Assertive Nationalism",
        "Growth of Education and Unemployment:"
      ],
      "title": "Growth of Education and Unemployment:",
      "sequence_number": 7,
      "depth": 1,
      "level_label": "Topic",
      "has_notes": true
    },
    {
      "path": "Causes for the Rise of Assertive Nationalism > Ill-treatment of Indians Abroad:",
      "path_titles": [
        "Causes for the Rise of Assertive Nationalism",
        "Ill-treatment of Indians Abroad:"
      ],
      "title": "Ill-treatment of Indians Abroad:",
      "sequence_number": 8,
      "depth": 1,
      "level_label": "Topic",
      "has_notes": true
    },
    {
      "path": "Causes for the Rise of Assertive Nationalism > Existence of a Nationalist School of Thought:",
      "path_titles": [
        "Causes for the Rise of Assertive Nationalism",
        "Existence of a Nationalist School of Thought:"
      ],
      "title": "Existence of a Nationalist School of Thought:",
      "sequence_number": 9,
      "depth": 1,
      "level_label": "Topic",
      "has_notes": true
    },
    {
      "path": "Causes for the Rise of Assertive Nationalism > Repressive Policies of Lord Curzon:",
      "path_titles": [
        "Causes for the Rise of Assertive Nationalism",
        "Repressive Policies of Lord Curzon:"
      ],
      "title": "Repressive Policies of Lord Curzon:",
      "sequence_number": 10,
      "depth": 1,
      "level_label": "Topic",
      "has_notes": true
    },
    {
      "path": "Causes for the Rise of Assertive Nationalism > Partition of Bengal:",
      "path_titles": [
        "Causes for the Rise of Assertive Nationalism",
        "Partition of Bengal:"
      ],
      "title": "Partition of Bengal:",
      "sequence_number": 11,
      "depth": 1,
      "level_label": "Topic",
      "has_notes": true
    },
    {
      "path": "Main Objective of Assertive Nationalists",
      "path_titles": [
        "Main Objective of Assertive Nationalists"
      ],
      "title": "Main Objective of Assertive Nationalists",
      "sequence_number": 8,
      "depth": 0,
      "level_label": "Section",
      "has_notes": true
    },
    {
      "path": "Methods of Assertive Nationalists > Swadeshi:",
      "path_titles": [
        "Methods of Assertive Nationalists",
        "Swadeshi:"
      ],
      "title": "Swadeshi:",
      "sequence_number": 1,
      "depth": 1,
      "level_label": "Topic",
      "has_notes": true
    },
    {
      "path": "Methods of Assertive Nationalists > Boycott:",
      "path_titles": [
        "Methods of Assertive Nationalists",
        "Boycott:"
      ],
      "title": "Boycott:",
      "sequence_number": 2,
      "depth": 1,
      "level_label": "Topic",
      "has_notes": true
    },
    {
      "path": "Methods of Assertive Nationalists > National Education:",
      "path_titles": [
        "Methods of Assertive Nationalists",
        "National Education:"
      ],
      "title": "National Education:",
      "sequence_number": 3,
      "depth": 1,
      "level_label": "Topic",
      "has_notes": true
    },
    {
      "path": "Methods of Assertive Nationalists > Passive Resistance:",
      "path_titles": [
        "Methods of Assertive Nationalists",
        "Passive Resistance:"
      ],
      "title": "Passive Resistance:",
      "sequence_number": 4,
      "depth": 1,
      "level_label": "Topic",
      "has_notes": true
    },
    {
      "path": "ACHIEVEMENTS OF ASSERTIVE NATIONALISTS",
      "path_titles": [
        "ACHIEVEMENTS OF ASSERTIVE NATIONALISTS"
      ],
      "title": "ACHIEVEMENTS OF ASSERTIVE NATIONALISTS",
      "sequence_number": 10,
      "depth": 0,
      "level_label": "Section",
      "has_notes": true
    },
    {
      "path": "Home Rule Movement",
      "path_titles": [
        "Home Rule Movement"
      ],
      "title": "Home Rule Movement",
      "sequence_number": 11,
      "depth": 0,
      "level_label": "Section",
      "has_notes": true
    },
    {
      "path": "LEADERS OF ASSERTIVE NATIONALISM > Bal Gangadhar Tilak (1856-1920)",
      "path_titles": [
        "LEADERS OF ASSERTIVE NATIONALISM",
        "Bal Gangadhar Tilak (1856-1920)"
      ],
      "title": "Bal Gangadhar Tilak (1856-1920)",
      "sequence_number": 1,
      "depth": 1,
      "level_label": "Topic",
      "has_notes": true
    },
    {
      "path": "LEADERS OF ASSERTIVE NATIONALISM > Bipin Chandra Pal (1858-1932)",
      "path_titles": [
        "LEADERS OF ASSERTIVE NATIONALISM",
        "Bipin Chandra Pal (1858-1932)"
      ],
      "title": "Bipin Chandra Pal (1858-1932)",
      "sequence_number": 2,
      "depth": 1,
      "level_label": "Topic",
      "has_notes": true
    },
    {
      "path": "LEADERS OF ASSERTIVE NATIONALISM > Lala Lajpat Rai (1865-1928)",
      "path_titles": [
        "LEADERS OF ASSERTIVE NATIONALISM",
        "Lala Lajpat Rai (1865-1928)"
      ],
      "title": "Lala Lajpat Rai (1865-1928)",
      "sequence_number": 3,
      "depth": 1,
      "level_label": "Topic",
      "has_notes": true
    }
  ],
  "stray_leaves": [
    {
      "title": "The Repressive Measures of the Government",
      "insert_after_index": 37,
      "micro_topics": [],
      "has_notes": true
    }
  ]
}