{
  "syllabus_leaves": [
    {
      "path": "SINGLE CITIZENSHIP",
      "path_titles": [
        "SINGLE CITIZENSHIP"
      ],
      "title": "SINGLE CITIZENSHIP",
      "sequence_number": 1,
      "depth": 0,
      "level_label": "Section",
      "has_notes": true
    },
    {
      "path": "UNIVERSAL ADULT FRANCHISE",
      "path_titles": [
        "UNIVERSAL ADULT FRANCHISE"
      ],
      "title": "UNIVERSAL ADULT FRANCHISE",
      "sequence_number": 2,
      "depth": 0,
      "level_label": "Section",
      "has_notes": true
    },
    {
      "path": "FUNDAMENTAL RIGHTS > 1. The Right to Equality-Articles 14 to 18 > (a) Equality before Law: Article-14.",
      "path_titles": [
        "FUNDAMENTAL RIGHTS",
        "1. The Right to Equality-Articles 14 to 18",
        "(a) Equality before Law: Article-14."
      ],
      "title": "(a) Equality before Law: Article-14.",
      "sequence_number": 1,
      "depth": 2,
      "level_label": "Subtopic",
      "has_notes": true
    },
    {
      "path": "FUNDAMENTAL RIGHTS > 1. The Right to Equality-Articles 14 to 18 > Article-15:",
      "path_titles": [
        "FUNDAMENTAL RIGHTS",
        "1. The Right to Equality-Articles 14 to 18",
        "Article-15:"
      ],
      "title": "Article-15:",
      "sequence_number": 2,
      "depth": 2,
      "level_label": "Subtopic",
      "has_notes": true
    },
    {
      "path": "FUNDAMENTAL RIGHTS > 1. The Right to Equality-Articles 14 to 18 > (b) Equality of Opportunity: Article-16",
      "path_titles": [
        "FUNDAMENTAL RIGHTS",
        "1. The Right to Equality-Articles 14 to 18",
        "(b) Equality of Opportunity: Article-16"
      ],
      "title": "(b) Equality of Opportunity: Article-16",
      "sequence_number": 3,
      "depth": 2,
      "level_label": "Subtopic",
      "has_notes": true
    },
    {
      "path": "FUNDAMENTAL RIGHTS > 1. The Right to Equality-Articles 14 to 18 > (c) Abolition of Untouchability: Article-17",
      "path_titles": [
        "FUNDAMENTAL RIGHTS",
        "1. The Right to Equality-Articles 14 to 18",
        "(c) Abolition of Untouchability: Article-17"
      ],
      "title": "(c) Abolition of Untouchability: Article-17",
      "sequence_number": 4,
      "depth": 2,
      "level_label": "Subtopic",
      "has_notes": true
    },
    {
      "path": "FUNDAMENTAL RIGHTS > 1. The Right to Equality-Articles 14 to 18 > (d) Abolition of Titles: Article-18",
      "path_titles": [
        "FUNDAMENTAL RIGHTS",
        "1. The Right to Equality-Articles 14 to 18",
        "(d) Abolition of Titles: Article-18"
      ],
      "title": "(d) Abolition of Titles: Article-18",
      "sequence_number": 5,
      "depth": 2,
      "level_label": "Subtopic",
      "has_notes": true
    },
    {
      "path": "FUNDAMENTAL RIGHTS > 2. Right to Freedom-Articles 19 to 22 > (a) Under Article-19, the Constitution guarantees six basic freedoms to its Citizens, viz. > (i) Freedom of speech and expression.",
      "path_titles": [
        "FUNDAMENTAL RIGHTS",
        "2. Right to Freedom-Articles 19 to 22",
        "(a) Under Article-19, the Constitution guarantees six basic freedoms to its Citizens, viz.",
        "(i) Freedom of speech and expression."
      ],
      "title": "(i) Freedom of speech and expression.",
      "sequence_number": 1,
      "depth": 3,
      "level_label": "Point",
      "has_notes": true
    },
    {
      "path": "FUNDAMENTAL RIGHTS > 2. Right to Freedom-Articles 19 to 22 > (a) Under Article-19, the Constitution guarantees six basic freedoms to its Citizens, viz. > (ii) Freedom to assemble peacefully without arms.",
      "path_titles": [
        "FUNDAMENTAL RIGHTS",
        "2. Right to Freedom-Articles 19 to 22",
        "(a) Under Article-19, the Constitution guarantees six basic freedoms to its Citizens, viz.",
        "(ii) Freedom to assemble peacefully without arms."
      ],
      "title": "(ii) Freedom to assemble peacefully without arms.",
      "sequence_number": 2,
      "depth": 3,
      "level_label": "Point",
      "has_notes": false
    },
    {
      "path": "FUNDAMENTAL RIGHTS > 2. Right to Freedom-Articles 19 to 22 > (a) Under Article-19, the Constitution guarantees six basic freedoms to its Citizens, viz. > (iii) Freedom to form associations and unions.",
      "path_titles": [
        "FUNDAMENTAL RIGHTS",
        "2. Right to Freedom-Articles 19 to 22",
        "(a) Under Article-19, the Constitution guarantees six basic freedoms to its Citizens, viz.",
        "(iii) Freedom to form associations and unions."
      ],
      "title": "(iii) Freedom to form associations and unions.",
      "sequence_number": 3,
      "depth": 3,
      "level_label": "Point",
      "has_notes": false
    },
    {
      "path": "FUNDAMENTAL RIGHTS > 2. Right to Freedom-Articles 19 to 22 > (a) Under Article-19, the Constitution guarantees six basic freedoms to its Citizens, viz. > (iv) Freedom to move freely throughout India.",
      "path_titles": [
        "FUNDAMENTAL RIGHTS",
        "2. Right to Freedom-Articles 19 to 22",
        "(a) Under Article-19, the Constitution guarantees six basic freedoms to its Citizens, viz.",
        "(iv) Freedom to move freely throughout India."
      ],
      "title": "(iv) Freedom to move freely throughout India.",
      "sequence_number": 4,
      "depth": 3,
      "level_label": "Point",
      "has_notes": false
    },
    {
      "path": "FUNDAMENTAL RIGHTS > 2. Right to Freedom-Articles 19 to 22 > (a) Under Article-19, the Constitution guarantees six basic freedoms to its Citizens, viz. > (v) Freedom to reside and settle in any part of India.",
      "path_titles": [
        "FUNDAMENTAL RIGHTS",
        "2. Right to Freedom-Articles 19 to 22",
        "(a) Under Article-19, the Constitution guarantees six basic freedoms to its Citizens, viz.",
        "(v) Freedom to reside and settle in any part of India."
      ],
      "title": "(v) Freedom to reside and settle in any part of India.",
      "sequence_number": 5,
      "depth": 3,
      "level_label": "Point",
      "has_notes": true
    },
    {
      "path": "FUNDAMENTAL RIGHTS > 2. Right to Freedom-Articles 19 to 22 > (a) Under Article-19, the Constitution guarantees six basic freedoms to its Citizens, viz. > (vi) Freedom to practise any profession, trade or business.",
      "path_titles": [
        "FUNDAMENTAL RIGHTS",
        "2. Right to Freedom-Articles 19 to 22",
        "(a) Under Article-19, the Constitution guarantees six basic freedoms to its Citizens, viz.",
        "(vi) Freedom to practise any profession, trade or business."
      ],
      "title": "(vi) Freedom to practise any profession, trade or business.",
      "sequence_number": 6,
      "depth": 3,
      "level_label": "Point",
      "has_notes": true
    },
    {
      "path": "FUNDAMENTAL RIGHTS > 2. Right to Freedom-Articles 19 to 22 > RIGHT TO INFORMATION",
      "path_titles": [
        "FUNDAMENTAL RIGHTS",
        "2. Right to Freedom-Articles 19 to 22",
        "RIGHT TO INFORMATION"
      ],
      "title": "RIGHT TO INFORMATION",
      "sequence_number": 2,
      "depth": 2,
      "level_label": "Subtopic",
      "has_notes": true
    },
    {
      "path": "FUNDAMENTAL RIGHTS > 2. Right to Freedom-Articles 19 to 22 > Limitations > (i) Emergency:",
      "path_titles": [
        "FUNDAMENTAL RIGHTS",
        "2. Right to Freedom-Articles 19 to 22",
        "Limitations",
        "(i) Emergency:"
      ],
      "title": "(i) Emergency:",
      "sequence_number": 1,
      "depth": 3,
      "level_label": "Point",
      "has_notes": true
    },
    {
      "path": "FUNDAMENTAL RIGHTS > 2. Right to Freedom-Articles 19 to 22 > Limitations > (ii) Not Absolute:",
      "path_titles": [
        "FUNDAMENTAL RIGHTS",
        "2. Right to Freedom-Articles 19 to 22",
        "Limitations",
        "(ii) Not Absolute:"
      ],
      "title": "(ii) Not Absolute:",
      "sequence_number": 2,
      "depth": 3,
      "level_label": "Point",
      "has_notes": true
    },
    {
      "path": "FUNDAMENTAL RIGHTS > 2. Right to Freedom-Articles 19 to 22 > Limitations > (iii) Laws of Parliament:",
      "path_titles": [
        "FUNDAMENTAL RIGHTS",
        "2. Right to Freedom-Articles 19 to 22",
        "Limitations",
        "(iii) Laws of Parliament:"
      ],
      "title": "(iii) Laws of Parliament:",
      "sequence_number": 3,
      "depth": 3,
      "level_label": "Point",
      "has_notes": true
    },
    {
      "path": "FUNDAMENTAL RIGHTS > 2. Right to Freedom-Articles 19 to 22 > Limitations > (b) Protection in Respect of Conviction for Offences: > (i) Against greater penalty than what is prescribed under the law is prohibited.",
      "path_titles": [
        "FUNDAMENTAL RIGHTS",
        "2. Right to Freedom-Articles 19 to 22",
        "Limitations",
        "(b) Protection in Respect of Conviction for Offences:",
        "(i) Against greater penalty than what is prescribed under the law is prohibited."
      ],
      "title": "(i) Against greater penalty than what is prescribed under the law is prohibited.",
      "sequence_number": 1,
      "depth": 4,
      "level_label": "Sub-point",
      "has_notes": true
    },
    {
      "path": "FUNDAMENTAL RIGHTS > 2. Right to Freedom-Articles 19 to 22 > Limitations > (b) Protection in Respect of Conviction for Offences: > (ii) No one can be punished or prosecuted for the same offence twice.",
      "path_titles": [
        "FUNDAMENTAL RIGHTS",
        "2. Right to Freedom-Articles 19 to 22",
        "Limitations",
        "(b) Protection in Respect of Conviction for Offences:",
        "(ii) No one can be punished or prosecuted for the same offence twice."
      ],
      "title": "(ii) No one can be punished or prosecuted for the same offence twice.",
      "sequence_number": 2,
      "depth": 4,
      "level_label": "Sub-point",
      "has_notes": true
    },
    {
      "path": "FUNDAMENTAL RIGHTS > 2. Right to Freedom-Articles 19 to 22 > Limitations > (b) Protection in Respect of Conviction for Offences: > (iii) A person cannot be compelled to be a witness in the case where he himself is accused of the offence.",
      "path_titles": [
        "FUNDAMENTAL RIGHTS",
        "2. Right to Freedom-Articles 19 to 22",
        "Limitations",
        "(b) Protection in Respect of Conviction for Offences:",
        "(iii) A person cannot be compelled to be a witness in the case where he himself is accused of the offence."
      ],
      "title": "(iii) A person cannot be compelled to be a witness in the case where he himself is accused of the offence.",
      "sequence_number": 3,
      "depth": 4,
      "level_label": "Sub-point",
      "has_notes": true
    },
    {
      "path": "FUNDAMENTAL RIGHTS > 2. Right to Freedom-Articles 19 to 22 > Limitations > (c) Protection of Life and Personal Liberty:",
      "path_titles": [
        "FUNDAMENTAL RIGHTS",
        "2. Right to Freedom-Articles 19 to 22",
        "Limitations",
        "(c) Protection of Life and Personal Liberty:"
      ],
      "title": "(c) Protection of Life and Personal Liberty:",
      "sequence_number": 5,
      "depth": 3,
      "level_label": "Point",
      "has_notes": true
    },
    {
      "path": "FUNDAMENTAL RIGHTS > 2. Right to Freedom-Articles 19 to 22 > Limitations > (d) Protection Against Arrest and Detention: > (i) Ordinary Circumstances: > (a) To be informed of his/her offence.",
      "path_titles": [
        "FUNDAMENTAL RIGHTS",
        "2. Right to Freedom-Articles 19 to 22",
        "Limitations",
        "(d) Protection Against Arrest and Detention:",
        "(i) Ordinary Circumstances:",
        "(a) To be informed of his/her offence."
      ],
      "title": "(a) To be informed of his/her offence.",
      "sequence_number": 1,
      "depth": 5,
      "level_label": "Sub-point",
      "has_notes": false
    },
    {
      "path": "FUNDAMENTAL RIGHTS > 2. Right to Freedom-Articles 19 to 22 > Limitations > (d) Protection Against Arrest and Detention: > (i) Ordinary Circumstances: > (b) To be presented before a magistrate within 24 hours from the time of arrest.",
      "path_titles": [
        "FUNDAMENTAL RIGHTS",
        "2. Right to Freedom-Articles 19 to 22",
        "Limitations",
        "(d) Protection Against Arrest and Detention:",
        "(i) Ordinary Circumstances:",
        "(b) To be presented before a magistrate within 24 hours from the time of arrest."
      ],
      "title": "(b) To be presented before a magistrate within 24 hours from the time of arrest.",
      "sequence_number": 2,
      "depth": 5,
      "level_label": "Sub-point",
      "has_notes": true
    },
    {
      "path": "FUNDAMENTAL RIGHTS > 2. Right to Freedom-Articles 19 to 22 > Limitations > (d) Protection Against Arrest and Detention: > (i) Ordinary Circumstances: > (c) The right to consult a lawyer and prepare for defence at the trial.",
      "path_titles": [
        "FUNDAMENTAL RIGHTS",
        "2. Right to Freedom-Articles 19 to 22",
        "Limitations",
        "(d) Protection Against Arrest and Detention:",
        "(i) Ordinary Circumstances:",
        "(c) The right to consult a lawyer and prepare for defence at the trial."
      ],
      "title": "(c) The right to consult a lawyer and prepare for defence at the trial.",
      "sequence_number": 3,
      "depth": 5,
      "level_label": "Sub-point",
      "has_notes": true
    },
    {
      "path": "FUNDAMENTAL RIGHTS > 2. Right to Freedom-Articles 19 to 22 > Limitations > (d) Protection Against Arrest and Detention: > (ii) Preventive Detention:",
      "path_titles": [
        "FUNDAMENTAL RIGHTS",
        "2. Right to Freedom-Articles 19 to 22",
        "Limitations",
        "(d) Protection Against Arrest and Detention:",
        "(ii) Preventive Detention:"
      ],
      "title": "(ii) Preventive Detention:",
      "sequence_number": 2,
      "depth": 4,
      "level_label": "Sub-point",
      "has_notes": true
    },
    {
      "path": "FUNDAMENTAL RIGHTS > 3. Right Against Exploitation-Articles 23 and 24 > (i) Article 23-(a)",
      "path_titles": [
        "FUNDAMENTAL RIGHTS",
        "3. Right Against Exploitation-Articles 23 and 24",
        "(i) Article 23-(a)"
      ],
      "title": "(i) Article 23-(a)",
      "sequence_number": 1,
      "depth": 2,
      "level_label": "Subtopic",
      "has_notes": true
    },
    {
      "path": "FUNDAMENTAL RIGHTS > 3. Right Against Exploitation-Articles 23 and 24 > (ii) Article 24",
      "path_titles": [
        "FUNDAMENTAL RIGHTS",
        "3. Right Against Exploitation-Articles 23 and 24",
        "(ii) Article 24"
      ],
      "title": "(ii) Article 24",
      "sequence_number": 2,
      "depth": 2,
      "level_label": "Subtopic",
      "has_notes": true
    },
    {
      "path": "FUNDAMENTAL RIGHTS > 4. Right to Freedom of Religion",
      "path_titles": [
        "FUNDAMENTAL RIGHTS",
        "4. Right to Freedom of Religion"
      ],
      "title": "4. Right to Freedom of Religion",
      "sequence_number": 4,
      "depth": 1,
      "level_label": "Topic",
      "has_notes": true
    },
    {
      "path": "FUNDAMENTAL RIGHTS > 5. Cultural and Educational Rights",
      "path_titles": [
        "FUNDAMENTAL RIGHTS",
        "5. Cultural and Educational Rights"
      ],
      "title": "5. Cultural and Educational Rights",
      "sequence_number": 5,
      "depth": 1,
      "level_label": "Topic",
      "has_notes": true
    },
    {
      "path": "FUNDAMENTAL RIGHTS > 6. Right to Constitutional Remedies Article 32 > IMPORTANT WRITS > (i) Habeas Corpus:",
      "path_titles": [
        "FUNDAMENTAL RIGHTS",
        "6. Right to Constitutional Remedies Article 32",
        "IMPORTANT WRITS",
        "(i) Habeas Corpus:"
      ],
      "title": "(i) Habeas Corpus:",
      "sequence_number": 1,
      "depth": 3,
      "level_label": "Point",
      "has_notes": true
    },
    {
      "path": "FUNDAMENTAL RIGHTS > 6. Right to Constitutional Remedies Article 32 > IMPORTANT WRITS > (ii) Mandamus:",
      "path_titles": [
        "FUNDAMENTAL RIGHTS",
        "6. Right to Constitutional Remedies Article 32",
        "IMPORTANT WRITS",
        "(ii) Mandamus:"
      ],
      "title": "(ii) Mandamus:",
      "sequence_number": 2,
      "depth": 3,
      "level_label": "Point",
      "has_notes": true
    },
    {
      "path": "FUNDAMENTAL RIGHTS > 6. Right to Constitutional Remedies Article 32 > IMPORTANT WRITS > (iii) Writ of Prohibition:",
      "path_titles": [
        "FUNDAMENTAL RIGHTS",
        "6. Right to Constitutional Remedies Article 32",
        "IMPORTANT WRITS",
        "(iii) Writ of Prohibition:"
      ],
      "title": "(iii) Writ of Prohibition:",
      "sequence_number": 3,
      "depth": 3,
      "level_label": "Point",
      "has_notes": true
    },
    {
      "path": "FUNDAMENTAL RIGHTS > 6. Right to Constitutional Remedies Article 32 > IMPORTANT WRITS > (iv) Writ of Certiorari:",
      "path_titles": [
        "FUNDAMENTAL RIGHTS",
        "6. Right to Constitutional Remedies Article 32",
        "IMPORTANT WRITS",
        "(iv) Writ of Certiorari:"
      ],
      "title": "(iv) Writ of Certiorari:",
      "sequence_number": 4,
      "depth": 3,
      "level_label": "Point",
      "has_notes": true
    },
    {
      "path": "FUNDAMENTAL RIGHTS > 6. Right to Constitutional Remedies Article 32 > IMPORTANT WRITS > (v) Quo-warranto:",
      "path_titles": [
        "FUNDAMENTAL RIGHTS",
        "6. Right to Constitutional Remedies Article 32",
        "IMPORTANT WRITS",
        "(v) Quo-warranto:"
      ],
      "title": "(v) Quo-warranto:",
      "sequence_number": 5,
      "depth": 3,
      "level_label": "Point",
      "has_notes": true
    },
    {
      "path": "FUNDAMENTAL RIGHTS > 7. Right to Education",
      "path_titles": [
        "FUNDAMENTAL RIGHTS",
        "7. Right to Education"
      ],
      "title": "7. Right to Education",
      "sequence_number": 7,
      "depth": 1,
      "level_label": "Topic",
      "has_notes": true
    },
    {
      "path": "CHECK ON ARBITRARY ACTIONS OF THE STATE",
      "path_titles": [
        "CHECK ON ARBITRARY ACTIONS OF THE STATE"
      ],
      "title": "CHECK ON ARBITRARY ACTIONS OF THE STATE",
      "sequence_number": 4,
      "depth": 0,
      "level_label": "Section",
      "has_notes": true
    },
    {
      "path": "RESTRICTIONS IMPOSED",
      "path_titles": [
        "RESTRICTIONS IMPOSED"
      ],
      "title": "RESTRICTIONS IMPOSED",
      "sequence_number": 5,
      "depth": 0,
      "level_label": "Section",
      "has_notes": true
    },
    {
      "path": "SUSPENSION OF FUNDAMENTAL RIGHTS",
      "path_titles": [
        "SUSPENSION OF FUNDAMENTAL RIGHTS"
      ],
      "title": "SUSPENSION OF FUNDAMENTAL RIGHTS",
      "sequence_number": 6,
      "depth": 0,
      "level_label": "Section",
      "has_notes": true
    },
    {
      "path": "FUNDAMENTAL DUTIES",
      "path_titles": [
        "FUNDAMENTAL DUTIES"
      ],
      "title": "FUNDAMENTAL DUTIES",
      "sequence_number": 7,
      "depth": 0,
      "level_label": "Section",
      "has_notes": true
    },
    {
      "path": "KINDS OF DUTIES",
      "path_titles": [
        "KINDS OF DUTIES"
      ],
      "title": "KINDS OF DUTIES",
      "sequence_number": 8,
      "depth": 0,
      "level_label": "Section",
      "has_notes": true
    },
    {
      "path": "IMPORTANCE OF FUNDAMENTAL DUTIES",
      "path_titles": [
        "IMPORTANCE OF FUNDAMENTAL DUTIES"
      ],
      "title": "IMPORTANCE OF FUNDAMENTAL DUTIES",
      "sequence_number": 9,
      "depth": 0,
      "level_label": "Section",
      "has_notes": true
    }
  ],
  "stray_leaves": [
    {
      "title": "Supreme Court Declares Right to Privacy - A Fundamental Right",
      "insert_after_index": 17,
      "micro_topics": [
        "(a) Right to Privacy - A Fundamental Right",
        "(b) Not an Absolute Right - It is Subjected to Reasonable Restrictions",
        "What Privacy includes"
      ],
      "has_notes": true
    },
    {
      "title": "LIMITATIONS",
      "insert_after_index": 32,
      "micro_topics": [
        "(i) Public interest:",
        "(ii) Power of the Parliament:"
      ],
      "has_notes": true
    },
    {
      "title": "RIGHT TO PROPERTY",
      "insert_after_index": 45,
      "micro_topics": [],
      "has_notes": true
    }
  ]
}