{
  "board": "ICSE",
  "grade": 9,
  "subject": "HistoryCivics",
  "book_slug": "TotalHistoryCivics_MorningStar_DollyESequeira",
  "book_meta": {
    "book_name": "Total History & Civics",
    "publication": "Morning Star",
    "author": "Dolly E. Sequeira"
  },
  "chapter_sequence_number": 3,
  "chapter_title": "Salient Features of the Constitution - II",
  "discipline": "civics",
  "reconciliation": {
    "outline": [
      "Salient Features of the Constitution—II",
      "MEANING OF THE DIRECTIVE PRINCIPLES",
      "Sources of Directive Principles",
      "IMPORTANCE OF DIRECTIVE PRINCIPLES",
      "WELFARE STATE",
      "SOCIAL EQUALITY AND JUSTICE",
      "ECONOMIC WELFARE",
      "Women Reservation Bill (Nari Shakti Vandan Adhiniyam)",
      "POLITICAL, ADMINISTRATIVE AND LEGAL MATTERS",
      "FOREIGN POLICY"
    ],
    "in_syllabus_only": [],
    "in_pdf_only": [
      {
        "title": "Difference Between Directive Principles and Fundamental Rights",
        "insert_after_index": 19,
        "micro_topics": []
      }
    ],
    "additional_sections": [
      {
        "title": "Difference Between Directive Principles and Fundamental Rights",
        "content_md": "| Directive Principles | Fundamental Rights |\n| :--- | :--- |\n| 1. They are provided in Part-IV of the Constitution. | 1. These are provided in Part-III of the Constitution. |\n| 2. These are not justiciable or enforceable by any court of law. | 2. These are justiciable. The citizens can seek protection from a High Court or Supreme Court in case of infringement. |\n| 3. They are meant for the government to create certain privileges for the citizens. | 3. They are privileges in existence for the citizens to enjoy. |\n| 4. They are mere directions to the State to attain certain set objectives. | 4. They are a certain kind of restriction on the State. |\n| 5. These aim to establish a Welfare State. | 5. These aim to establish political democracy. |\n| 6. Their scope is wider as they deal with wide range of subjects including international peace and security. | 6. Their scope is limited as they are concerned with individual's rights. |"
      }
    ]
  },
  "nodes": [
    {
      "title": "Salient Features of the Constitution-II",
      "sequence_number": 1,
      "depth": 0,
      "level_label": "Section",
      "children": [
        {
          "title": "Directive Principles of State Policy (meaning), Welfare State.",
          "sequence_number": 1,
          "depth": 1,
          "level_label": "Topic",
          "children": [],
          "content_blocks": [
            {
              "content_md": "### MEANING OF THE DIRECTIVE PRINCIPLES\n\nThe **Directive Principles** are the guidelines to be followed by the government in the governance of the country. **Part IV of the Constitution** has the Directive Principles of State Policy under **Articles 36 to 51**. The Directive Principles are not a substitute for laws of the country. They are called '**Directive Principles**' because the government has to take them into consideration while making laws. These principles contain lofty ideas, deep human thought, belief and knowledge. These principles are not found in any other Constitution of the world except those of India and Ireland."
            },
            {
              "content_md": "### WELFARE STATE\n\nA **Welfare State** is a state which seeks to ensure the **maximum happiness of maximum number of people** living within its territory. The Constitution of India seeks to establish India as a **Welfare State**. Although the words \"Welfare State\" are not specifically mentioned in the Constitution, the aims and objectives of a **Welfare State** are clearly pointed out in the **Directive Principles of State Policy**. These Directives emphasise that the goal of the Indian Polity is a **Welfare State**, where the State has a positive duty to ensure to its citizens **social and economic justice** and **dignity to the individual**. Both the Union and the State governments, have over the past six decades taken steps to implement Directive principles, which aim at establishing **social and economic democracy**, the basic goal of a **Welfare State**."
            }
          ]
        }
      ],
      "content_blocks": []
    },
    {
      "title": "MEANING OF THE DIRECTIVE PRINCIPLES",
      "sequence_number": 2,
      "depth": 0,
      "level_label": "Section",
      "children": [],
      "content_blocks": [
        {
          "content_md": "The **Directive Principles** are the guidelines to be followed by the government in the governance of the country. **Part IV of the Constitution** has the **Directive Principles of State Policy** under **Articles 36 to 51**. The Directive Principles are not a substitute for laws of the country. They are called 'Directive Principles' because the government has to take them into consideration while making laws. These principles contain lofty ideas, deep human thought, belief and knowledge. These principles are not found in any other Constitution of the world except those of India and Ireland."
        }
      ]
    },
    {
      "title": "Sources of Directive Principles",
      "sequence_number": 3,
      "depth": 0,
      "level_label": "Section",
      "children": [
        {
          "title": "The Constitution of the Irish Republic",
          "sequence_number": 1,
          "depth": 1,
          "level_label": "Topic",
          "children": [],
          "content_blocks": [
            {
              "content_md": ""
            }
          ]
        },
        {
          "title": "The Declaration of the Rights of Man and Citizens of revolutionary France.",
          "sequence_number": 2,
          "depth": 1,
          "level_label": "Topic",
          "children": [],
          "content_blocks": [
            {
              "content_md": "At the time of drafting the **Constitution**, its framers were inspired by five important sources. One of these was the **Declaration of the Rights of Man and Citizens of revolutionary France**."
            }
          ]
        },
        {
          "title": "The ideas of Mahatma Gandhi.",
          "sequence_number": 3,
          "depth": 1,
          "level_label": "Topic",
          "children": [],
          "content_blocks": [
            {
              "content_md": "The fact that the **Directive Principles** also contain **Gandhian Principles** is sufficient proof that ideas of **Mahatma Gandhi** had influenced the framers of the **Constitution**."
            }
          ]
        },
        {
          "title": "The Charter of Human Rights framed by the United Nations.",
          "sequence_number": 4,
          "depth": 1,
          "level_label": "Topic",
          "children": [],
          "content_blocks": [
            {
              "content_md": ""
            }
          ]
        },
        {
          "title": "The Universal Declaration of Human Rights was adopted by the United Nations when the Constituent Assembly was deliberating over the Indian Constitution.",
          "sequence_number": 5,
          "depth": 1,
          "level_label": "Topic",
          "children": [],
          "content_blocks": [
            {
              "content_md": "The **Universal Declaration of Human Rights** was adopted by the **United Nations** when the **Constituent Assembly** was deliberating over the **Indian Constitution**."
            }
          ]
        }
      ],
      "content_blocks": []
    },
    {
      "title": "IMPORTANCE OF DIRECTIVE PRINCIPLES",
      "sequence_number": 4,
      "depth": 0,
      "level_label": "Section",
      "children": [
        {
          "title": "1.",
          "sequence_number": 1,
          "depth": 1,
          "level_label": "Topic",
          "children": [],
          "content_blocks": [
            {
              "content_md": ""
            }
          ]
        },
        {
          "title": "2.",
          "sequence_number": 2,
          "depth": 1,
          "level_label": "Topic",
          "children": [],
          "content_blocks": [
            {
              "content_md": "Like in the case of Fundamental Rights there is a difference of opinion regarding the importance of the **Directive Principles of State Policy**. The main difference of opinion surrounds their **non-justiciable** nature. **Fundamental Rights** are **justiciable**. That is to say, citizens can move the court to get their rights. But **Directive Principles** are not justiciable. Despite these limitations, the Directive Principles are very important. This importance stems from the following:"
            },
            {
              "content_md": "1. **Directive Principles** are in the nature of a **pledge made by the framers of the Constitution** to the people of India. They provide a **framework, political, social and economic programme** for a modern democratic State.\n2. The **Directive Principles** give **guidelines to the governments to make laws and draft their policies** according to these fundamental principles, which summarise the objectives of our Constitution. They provide an **element of permanence in a democracy**.\n3. They provide a **measure to judge a government's performance**.\n4. The **Directive Principles** direct the government to move towards the **goal of a Welfare State**. They reflect the ideas of **justice, liberty, equality and fraternity** mentioned in the Preamble.\n5. They **enlighten and educate the people** of what they can expect from the politicians whom they vote to power.\n6. They provide a **direction to Courts** in respect of safeguarding the rights of the citizens.\n7. Since **public opinion backs the Directive Principles**, the goal of establishing **social and economic order** is clearly laid out before the government.\n8. The **42nd Amendment Act, 1976** provides that if a law is made to give effect to any of the Directive Principles it will not be declared unconstitutional even if it takes away any of the rights under **Articles 14, 19 and 31**. This provision is of great importance for the implementation of the Directive Principles. It also makes it clear that in case of any conflict between the Directive Principles and Fundamental Rights, the **former shall prevail**. This is because the welfare of the people as a whole is of paramount importance over that of an individual."
            },
            {
              "content_md": "However, the **Directive Principles are not enforceable by any court of law** in the country. This in effect means that the citizens cannot move the courts of law if the government fails to implement these directives. But on **moral grounds** both the government and the courts have to take cognizance of these directives."
            }
          ]
        },
        {
          "title": "3.",
          "sequence_number": 3,
          "depth": 1,
          "level_label": "Topic",
          "children": [],
          "content_blocks": [
            {
              "content_md": "Like in the case of **Fundamental Rights** there is a difference of opinion regarding the importance of the **Directive Principles of State Policy**. The main difference of opinion surrounds their **non-justiciable nature**. (**Fundamental Rights** are **justiciable**. That is to say, citizens can move the court to get their rights.) But **Directive Principles** are **not justiciable**. Despite these limitations, the **Directive Principles** are very important. This importance stems from the following:\n\n1.  **Directive Principles** are in the nature of a **pledge** made by the framers of the Constitution to the people of India. They provide a framework, political, social and economic programme for a modern democratic State.\n2.  The **Directive Principles** give **guidelines** to the governments to make laws and draft their policies according to these fundamental principles, which summarise the objectives of our Constitution. They provide an element of **permanence in a democracy**.\n3.  They provide a **measure to judge a government's performance**.\n4.  The **Directive Principles** direct the government to move towards the goal of a **Welfare State**. They reflect the ideas of **justice, liberty, equality and fraternity** mentioned in the Preamble.\n5.  They enlighten and educate the people of what they can expect from the politicians whom they vote to power.\n6.  They provide a **direction to Courts** in respect of safeguarding the rights of the citizens.\n7.  Since **public opinion** backs the **Directive Principles**, the goal of establishing social and economic order is clearly laid out before the government.\n8.  The **42nd Amendment Act, 1976** provides that if a law is made to give effect to any of the **Directive Principles** it will not be declared unconstitutional even if it takes away any of the rights under **Articles 14, 19 and 31**. This provision is of great importance for the implementation of the **Directive Principles**. It also makes it clear that in case of any conflict between the **Directive Principles** and **Fundamental Rights**, the former shall prevail. This is because the welfare of the people as a whole is of paramount importance over that of an individual.\n\nHowever, the **Directive Principles** are **not enforceable by any court of law** in the country. This in effect means that the citizens cannot move the courts of law if the government fails to implement these directives. But on moral grounds both the government and the courts have to take cognizance of these directives."
            }
          ]
        },
        {
          "title": "4.",
          "sequence_number": 4,
          "depth": 1,
          "level_label": "Topic",
          "children": [],
          "content_blocks": [
            {
              "content_md": "### WELFARE STATE\n\nA **Welfare State** is a state which seeks to ensure the **maximum happiness of maximum number of people** living within its territory. The Constitution of India seeks to establish India as a Welfare State. Although the words \"Welfare State\" are not specifically mentioned in the Constitution, the aims and objectives of a Welfare State are clearly pointed out in the **Directive Principles of State Policy**. These Directives emphasise that the goal of the Indian Polity is a Welfare State, where the State has a positive duty to ensure to its citizens **social and economic justice** and **dignity to the individual**. Both the Union and the State governments, have over the past six decades taken steps to implement Directive principles, which aim at establishing **social and economic democracy**, the basic goal of a Welfare State."
            }
          ]
        },
        {
          "title": "5.",
          "sequence_number": 5,
          "depth": 1,
          "level_label": "Topic",
          "children": [],
          "content_blocks": [
            {
              "content_md": ""
            }
          ]
        },
        {
          "title": "6.",
          "sequence_number": 6,
          "depth": 1,
          "level_label": "Topic",
          "children": [],
          "content_blocks": [
            {
              "content_md": ""
            }
          ]
        },
        {
          "title": "7.",
          "sequence_number": 7,
          "depth": 1,
          "level_label": "Topic",
          "children": [],
          "content_blocks": [
            {
              "content_md": "Since **public opinion** backs the **Directive Principles**, the goal of establishing **social and economic order** is clearly laid out before the government."
            }
          ]
        },
        {
          "title": "8.",
          "sequence_number": 8,
          "depth": 1,
          "level_label": "Topic",
          "children": [],
          "content_blocks": [
            {
              "content_md": "8. The **42nd Amendment Act, 1976** provides that if a law is made to give effect to any of the **Directive Principles** it will not be declared unconstitutional even if it takes away any of the rights under **Articles 14, 19 and 31**. This provision is of great importance for the implementation of the Directive Principles. It also makes it clear that in case of any conflict between the Directive Principles and **Fundamental Rights**, the former shall prevail. This is because the welfare of the people as a whole is of paramount importance over that of an individual.\n\nHowever, the **Directive Principles** are not enforceable by any court of law in the country. This in effect means that the citizens cannot move the courts of law if the government fails to implement these directives. But on moral grounds both the government and the courts have to take cognizance of these directives."
            }
          ]
        }
      ],
      "content_blocks": []
    },
    {
      "title": "WELFARE STATE",
      "sequence_number": 5,
      "depth": 0,
      "level_label": "Section",
      "children": [],
      "content_blocks": [
        {
          "content_md": "A **Welfare State** is a state which seeks to ensure the **maximum happiness of maximum number of people** living within its territory. The Constitution of India seeks to establish India as a **Welfare State**. Although the words \"Welfare State\" are not specifically mentioned in the Constitution, the aims and objectives of a **Welfare State** are clearly pointed out in the **Directive Principles of State Policy**. These Directives emphasise that the goal of the Indian Polity is a **Welfare State**, where the State has a positive duty to ensure to its citizens **social and economic justice** and **dignity to the individual**. Both the Union and the State governments, have over the past six decades taken steps to implement Directive principles, which aim at establishing **social and economic democracy**, the basic goal of a **Welfare State**."
        }
      ]
    },
    {
      "title": "SOCIAL EQUALITY AND JUSTICE",
      "sequence_number": 6,
      "depth": 0,
      "level_label": "Section",
      "children": [
        {
          "title": "1.",
          "sequence_number": 1,
          "depth": 1,
          "level_label": "Topic",
          "children": [],
          "content_blocks": [
            {
              "content_md": ""
            }
          ]
        },
        {
          "title": "2.",
          "sequence_number": 2,
          "depth": 1,
          "level_label": "Topic",
          "children": [],
          "content_blocks": [
            {
              "content_md": "### IMPORTANCE OF DIRECTIVE PRINCIPLES\n\nLike in the case of Fundamental Rights, there is a difference of opinion regarding the importance of the Directive Principles of State Policy. The main difference of opinion surrounds their **non-justiciable nature**. (Fundamental Rights are justiciable. That is to say, citizens can move the court to get their rights). But **Directive Principles are not justiciable**. Despite these limitations, the Directive Principles are very important. This importance stems from the following:\n\n1.  Directive Principles are in the nature of a **pledge made by the framers of the Constitution** to the people of India. They provide a framework, political, social and economic programme for a modern democratic State.\n2.  The Directive Principles give **guidelines to the governments** to make laws and draft their policies according to these fundamental principles, which summarise the objectives of our Constitution. They provide an element of **permanence in a democracy**.\n3.  They provide a **measure to judge a government's performance**.\n4.  The Directive Principles direct the government to move towards the goal of a **Welfare State**. They reflect the ideas of justice, liberty, equality and fraternity mentioned in the Preamble.\n5.  They **enlighten and educate the people** of what they can expect from the politicians whom they vote to power.\n6.  They provide a **direction to Courts** in respect of safeguarding the rights of the citizens.\n7.  Since **public opinion backs the Directive Principles**, the goal of establishing social and economic order is clearly laid out before the government.\n8.  The **42nd Amendment Act, 1976** provides that if a law is made to give effect to any of the Directive Principles it will not be declared unconstitutional even if it takes away any of the rights under Articles 14, 19 and 31. This provision is of great importance for the implementation of the Directive Principles. It also makes it clear that in case of any conflict between the Directive Principles and Fundamental Rights, the former shall prevail. This is because the welfare of the people as a whole is of paramount importance over that of an individual.\n\nHowever, the **Directive Principles are not enforceable by any court of law** in the country. This in effect means that the citizens cannot move the courts of law if the government fails to implement these directives. But on moral grounds, both the government and the courts have to take cognizance of these directives."
            }
          ]
        },
        {
          "title": "3.",
          "sequence_number": 3,
          "depth": 1,
          "level_label": "Topic",
          "children": [],
          "content_blocks": [
            {
              "content_md": "Like in the case of Fundamental Rights, there is a difference of opinion regarding the importance of the **Directive Principles of State Policy**. The main difference of opinion surrounds their **non-justiciable nature**. (**Fundamental Rights** are **justiciable**. That is to say, citizens can move the court to get their rights.) But **Directive Principles** are not justiciable. Despite these limitations, the Directive Principles are very important. This importance stems from the following:"
            },
            {
              "content_md": "1. **Directive Principles** are in the nature of a **pledge made by the framers of the Constitution** to the people of India. They provide a framework, political, social and economic programme for a modern democratic State.\n2. The **Directive Principles** give guidelines to the governments to make laws and draft their policies according to these fundamental principles, which summarise the objectives of our Constitution. They provide an element of permanence in a democracy.\n3. They provide a measure to judge a government's performance.\n4. The **Directive Principles** direct the government to move towards the goal of a **Welfare State**. They reflect the ideas of justice, liberty, equality and fraternity mentioned in the Preamble.\n5. They enlighten and educate the people of what they can expect from the politicians whom they vote to power.\n6. They provide a direction to Courts in respect of safeguarding the rights of the citizens.\n7. Since public opinion backs the **Directive Principles**, the goal of establishing social and economic order is clearly laid out before the government.\n8. The **42nd Amendment Act, 1976** provides that if a law is made to give effect to any of the **Directive Principles** it will not be declared unconstitutional even if it takes away any of the rights under **Articles 14, 19 and 31**. This provision is of great importance for the implementation of the **Directive Principles**. It also makes it clear that in case of any conflict between the **Directive Principles** and **Fundamental Rights**, the former shall prevail. This is because the welfare of the people as a whole is of paramount importance over that of an individual."
            },
            {
              "content_md": "However, the **Directive Principles** are not enforceable by any court of law in the country. This in effect means that the citizens cannot move the courts of law if the government fails to implement these directives. But on moral grounds both the government and the courts have to take cognizance of these directives."
            }
          ]
        },
        {
          "title": "4.",
          "sequence_number": 4,
          "depth": 1,
          "level_label": "Topic",
          "children": [
            {
              "title": "People who have an annual income of less than Rs. 8 lakhs, or",
              "sequence_number": 1,
              "depth": 2,
              "level_label": "Subtopic",
              "children": [],
              "content_blocks": [
                {
                  "content_md": "*   People who have an **annual income** of less than **Rs. 8 lakhs**, or"
                }
              ]
            },
            {
              "title": "People who own less than five acres of farm land, or",
              "sequence_number": 2,
              "depth": 2,
              "level_label": "Subtopic",
              "children": [],
              "content_blocks": [
                {
                  "content_md": ""
                }
              ]
            },
            {
              "title": "People who have a house lesser than 1,000 sq feet in a town (or 100 sq yard in a notified municipal area).",
              "sequence_number": 3,
              "depth": 2,
              "level_label": "Subtopic",
              "children": [],
              "content_blocks": [
                {
                  "content_md": ""
                }
              ]
            }
          ],
          "content_blocks": []
        },
        {
          "title": "ECONOMIC WELFARE",
          "sequence_number": 5,
          "depth": 1,
          "level_label": "Topic",
          "children": [
            {
              "title": "(a) The Government has abolished the Zamindari System and introduced the land reform programme to do away with the old feudal socio-economic structure of rural India.",
              "sequence_number": 1,
              "depth": 2,
              "level_label": "Subtopic",
              "children": [],
              "content_blocks": [
                {
                  "content_md": "The Government has abolished the **Zamindari System** and introduced the **land reform programme** to do away with the old **feudal socio-economic structure** of rural India."
                }
              ]
            },
            {
              "title": "(b) Right to Fair Compensation and Transparency in Land Acquisition, Rehabilitation and Resettlement Bill, 2013",
              "sequence_number": 2,
              "depth": 2,
              "level_label": "Subtopic",
              "children": [],
              "content_blocks": [
                {
                  "content_md": "The **Right to Fair Compensation and Transparency in Land Acquisition, Rehabilitation and Resettlement Bill, 2013** was passed by the Parliament in **September 2013**. This Act came into force from **January 1, 2014**. The Act aims to establish the law on **land acquisition**, as well as the **rehabilitation and resettlement** of those directly affected by the land acquisition in India. The Act provides for **fair compensation** to those whose land is taken away, **transparency** in the process of acquisition of land to set up factories or buildings, infrastructural projects and assures **rehabilitation** of those affected. The Act has replaced the **Land Acquisition Act, 1894**, a nearly 120-year-old law enacted during British rule."
                }
              ]
            },
            {
              "title": "(c) Nationalisation of banks, insurance companies and some key industries",
              "sequence_number": 3,
              "depth": 2,
              "level_label": "Subtopic",
              "children": [],
              "content_blocks": [
                {
                  "content_md": "**Nationalisation of banks, insurance companies and some key industries** have been done to ensure that the **ownership of the material resources of the community** are so distributed so as to obtain **best service of common good**."
                }
              ]
            },
            {
              "title": "(d) In order to ensure just payment to workers and equal pay for equal work",
              "sequence_number": 4,
              "depth": 2,
              "level_label": "Subtopic",
              "children": [],
              "content_blocks": [
                {
                  "content_md": "In order to ensure just payment to workers and **equal pay for equal work**, the payment of wages is governed by the Government which has enacted legislation to the effect that the payment be made according to the **Minimum Wages Act 1948**, as amended from time to time."
                }
              ]
            },
            {
              "title": "(e) Ayushman Bharat Yojana",
              "sequence_number": 5,
              "depth": 2,
              "level_label": "Subtopic",
              "children": [],
              "content_blocks": [
                {
                  "content_md": "**Ayushman Bharat Yojana** is a **centrally sponsored health scheme** launched in **2018**. It is an umbrella of two major health initiatives, namely, **Health and Wellness Centres** and **National Health Protection Scheme (NHPS)**. The scheme will cover **10 crore poor and vulnerable families**, providing coverage up to **5 lakh rupees per family per year** for **secondary and tertiary care hospitalisation**. Benefits of the scheme are **portable** across the country and a beneficiary covered under the scheme will be allowed to take **cashless benefits** from any public or private empanelled hospitals across the country.\n\n[Image: Ayushman Bharat Yojana]"
                }
              ]
            },
            {
              "title": "(f) Pradhan Mantri Samaan Nidhi Yojana",
              "sequence_number": 6,
              "depth": 2,
              "level_label": "Subtopic",
              "children": [],
              "content_blocks": [
                {
                  "content_md": "Under the **Pradhan Mantri Samaan Nidhi Yojana**, **small and marginalised farmers (SMFs)** are given **Rs. 6000 per year** in three installments of **Rs. 2000** each, which is transferred directly to the bank accounts of beneficiaries through the **direct benefit transfer (DBT) scheme**. The scheme aims to help SMFs in procuring various inputs to ensure proper crop health and appropriate yields and thereby augment their income. The scheme will also help protect the farmers from falling in the clutches of money lenders."
                }
              ]
            },
            {
              "title": "(g) Pradhan Mantri Ujjwala Yojana",
              "sequence_number": 7,
              "depth": 2,
              "level_label": "Subtopic",
              "children": [],
              "content_blocks": [
                {
                  "content_md": "Under this scheme, five crore **LPG connections** are to be provided to **Below Poverty Line (BPL) households**. The scheme provides a financial support of **Rs. 1600** for each LPG connection to the BPL households. Providing LPG connections to BPL households will ensure **universal coverage of cooking gas** in the country. Besides, this scheme will **empower women**, **protect their health** and **reduce drudgery** and the time spent on cooking.\n\n[Image: Ujjwala Yojana]"
                }
              ]
            },
            {
              "title": "(h) Pradhan Mantri Gramin Awaas Yojana (Housing for All)",
              "sequence_number": 8,
              "depth": 2,
              "level_label": "Subtopic",
              "children": [],
              "content_blocks": [
                {
                  "content_md": "Under the **Pradhan Mantri Gramin Awaas Yojana (Housing for All)**, financial assistance is provided for the construction of a **pucca house** to all houseless households and those who are living in dilapidated houses. \n\n*   The **cost of assistance** is shared between the **Central and State Governments** in the ratio of **60:40** in plain areas and **90:10** for North East and hilly areas.\n*   The assistance given to each beneficiary in the scheme is **₹ 1,20,000** in plain areas and **₹ 1,30,000** in hilly states/difficult areas/Integrated Action Plan (IAP) for selected Tribal and Backward districts.\n*   The beneficiary is entitled to **90 days of unskilled labour from MNREGA** and can avail a loan of up to **₹ 70,000** for the construction of the house.\n*   These houses will be equipped with facilities such as a toilet, LPG connection, electricity connection, and drinking water."
                }
              ]
            },
            {
              "title": "(i) The Pradhan Mantri Fasal Bima Yojana (PMFBY)",
              "sequence_number": 9,
              "depth": 2,
              "level_label": "Subtopic",
              "children": [],
              "content_blocks": [
                {
                  "content_md": "The **Pradhan Mantri Fasal Bima Yojana (PMFBY)** was launched on **January 13, 2016**."
                },
                {
                  "content_md": "[Image: Pradhan Mantri Fasal Bima Yojana]"
                },
                {
                  "content_md": "Under this scheme, farmers will have to pay a uniform premium:\n*   **two per cent** for all **kharif crops**\n*   **1.5 per cent** for all **rabi crops**\n*   **5 per cent** for annual **commercial and horticultural crops**\n\nThe remaining share of the premium will be borne equally by the **Centre** and the respective **State governments**."
                },
                {
                  "content_md": "Under **PMFBY**, there is no upper limit on government subsidy and even if the balance premium is 90 per cent, it will be borne by the government. The scheme also provides **farm level assessment for localised calamities** including **hailstorms**, **unseasonal rains**, **landslides** and **inundation**."
                }
              ]
            },
            {
              "title": "(j) A social upliftment scheme, called the 'Jan Dhan Yojana'",
              "sequence_number": 10,
              "depth": 2,
              "level_label": "Subtopic",
              "children": [],
              "content_blocks": [
                {
                  "content_md": "A social upliftment scheme, called the **'Jan Dhan Yojana'**, was announced by the Prime Minister, **Narendra Modi** on **August 15, 2014**. Under the scheme, bank accounts have been opened for the poor. Each account has a life insurance cover of **Rs. 30,000**, adding to the **one lakh accidental insurance** benefit already available under the account. The account is accompanied with a **RuPay-enabled debit card**. This scheme is aimed at improving the lives of millions of India's poor by bringing them into the **financial mainstream** and freeing them from the clutches of money lenders, while giving them the benefit of insurance cover."
                },
                {
                  "content_md": "[Image: Jan Dhan Yojana]"
                }
              ]
            },
            {
              "title": "(k) The Government has launched various programmes/such as Integrated Rural Development Programme (IRDP) and Rural Landless Employment Guarantee Programme (RLEGP)",
              "sequence_number": 11,
              "depth": 2,
              "level_label": "Subtopic",
              "children": [],
              "content_blocks": [
                {
                  "content_md": "The Government has launched various programmes such as **Integrated Rural Development Programme (IRDP)** and **Rural Landless Employment Guarantee Programme (RLEGP)** to help the poor. The **Mahatma Gandhi National Rural Employment Guarantee Act, 2005** seeks to provide **100 days of guaranteed wage employment** to rural households."
                }
              ]
            }
          ],
          "content_blocks": []
        },
        {
          "title": "Women Reservation Bill (Nari Shakti Vandan Adhiniyam)",
          "sequence_number": 6,
          "depth": 1,
          "level_label": "Topic",
          "children": [],
          "content_blocks": [
            {
              "content_md": "The **Women Reservation Bill**, also known as the **Nari Shakti Vandan Adhiniyam** was passed by Parliament on **September 21, 2023** and became an Act after receiving the President's assent on **September 28, 2023**. The Act seeks to provide **33 per cent reservation** to women in the **Lok Sabha** and **State Assemblies**. The reservation for women will continue for **15 years** and the Parliament can later extend the benefit period. This Act is an attempt to bring **gender parity** into the political domain by encouraging more women to voice their opinion and play an active role in politics."
            }
          ]
        },
        {
          "title": "POLITICAL, ADMINISTRATIVE AND LEGAL MATTERS",
          "sequence_number": 7,
          "depth": 1,
          "level_label": "Topic",
          "children": [
            {
              "title": "(a) Panchayati Raj has been established in the remotest villages",
              "sequence_number": 1,
              "depth": 2,
              "level_label": "Subtopic",
              "children": [],
              "content_blocks": [
                {
                  "content_md": "**Panchayati Raj** has been established in the remotest villages to promote the idea of **local self-government**."
                }
              ]
            },
            {
              "title": "(b) In view of the constitutional directive, free legal aid has been provided to those people",
              "sequence_number": 2,
              "depth": 2,
              "level_label": "Subtopic",
              "children": [],
              "content_blocks": [
                {
                  "content_md": "In view of the **constitutional directive**, **free legal aid** has been provided to those people, who themselves cannot engage lawyers. This has been done to ensure **equal justice** to all."
                }
              ]
            },
            {
              "title": "(c) In order to check the misuse of power, there is now a complete separation of the judiciary from the executive.",
              "sequence_number": 3,
              "depth": 2,
              "level_label": "Subtopic",
              "children": [],
              "content_blocks": [
                {
                  "content_md": "In order to check the **misuse of power**, there is now a **complete separation of the judiciary from the executive**."
                }
              ]
            }
          ],
          "content_blocks": []
        },
        {
          "title": "FOREIGN POLICY",
          "sequence_number": 8,
          "depth": 1,
          "level_label": "Topic",
          "children": [
            {
              "title": "(a) In order to promote international peace and security India is opposed to colonialism and racialism",
              "sequence_number": 1,
              "depth": 2,
              "level_label": "Subtopic",
              "children": [],
              "content_blocks": [
                {
                  "content_md": "In order to promote **international peace and security**, India is opposed to **colonialism** and **racialism** and has helped many countries to win their freedom. India supported the cause of **South Africa** against **Apartheid**."
                }
              ]
            },
            {
              "title": "(b) India is law abiding; it respects international law.",
              "sequence_number": 2,
              "depth": 2,
              "level_label": "Subtopic",
              "children": [],
              "content_blocks": [
                {
                  "content_md": "India is law abiding; it respects **international law**. It has stood for the **settlement of international issues by mutual understanding**."
                }
              ]
            },
            {
              "title": "(c) India holds the policy of complete disarmament and has been firmly against all the attempts of some powerful countries for partial disarmament.",
              "sequence_number": 3,
              "depth": 2,
              "level_label": "Subtopic",
              "children": [],
              "content_blocks": [
                {
                  "content_md": "India holds the policy of **complete disarmament** and has been firmly against all the attempts of some powerful countries for **partial disarmament**."
                }
              ]
            }
          ],
          "content_blocks": []
        }
      ],
      "content_blocks": []
    }
  ],
  "additional_sections": [
    {
      "title": "Difference Between Directive Principles and Fundamental Rights",
      "content_md": "| Directive Principles | Fundamental Rights |\n| :--- | :--- |\n| 1. They are provided in Part-IV of the Constitution. | 1. These are provided in Part-III of the Constitution. |\n| 2. These are not justiciable or enforceable by any court of law. | 2. These are justiciable. The citizens can seek protection from a High Court or Supreme Court in case of infringement. |\n| 3. They are meant for the government to create certain privileges for the citizens. | 3. They are privileges in existence for the citizens to enjoy. |\n| 4. They are mere directions to the State to attain certain set objectives. | 4. They are a certain kind of restriction on the State. |\n| 5. These aim to establish a Welfare State. | 5. These aim to establish political democracy. |\n| 6. Their scope is wider as they deal with wide range of subjects including international peace and security. | 6. Their scope is limited as they are concerned with individual's rights. |"
    }
  ],
  "needs_review": [
    "The Constitution of the Irish Republic",
    "The Charter of Human Rights framed by the United Nations.",
    "1.",
    "5.",
    "6.",
    "1.",
    "People who own less than five acres of farm land, or",
    "People who have a house lesser than 1,000 sq feet in a town (or 100 sq yard in a notified municipal area)."
  ],
  "manifest": {
    "syllabus_leaves": [
      {
        "path": "Salient Features of the Constitution-II > Directive Principles of State Policy (meaning), Welfare State.",
        "path_titles": [
          "Salient Features of the Constitution-II",
          "Directive Principles of State Policy (meaning), Welfare State."
        ],
        "title": "Directive Principles of State Policy (meaning), Welfare State.",
        "sequence_number": 1,
        "depth": 1,
        "level_label": "Topic",
        "has_notes": true
      },
      {
        "path": "MEANING OF THE DIRECTIVE PRINCIPLES",
        "path_titles": [
          "MEANING OF THE DIRECTIVE PRINCIPLES"
        ],
        "title": "MEANING OF THE DIRECTIVE PRINCIPLES",
        "sequence_number": 2,
        "depth": 0,
        "level_label": "Section",
        "has_notes": true
      },
      {
        "path": "Sources of Directive Principles > The Constitution of the Irish Republic",
        "path_titles": [
          "Sources of Directive Principles",
          "The Constitution of the Irish Republic"
        ],
        "title": "The Constitution of the Irish Republic",
        "sequence_number": 1,
        "depth": 1,
        "level_label": "Topic",
        "has_notes": false
      },
      {
        "path": "Sources of Directive Principles > The Declaration of the Rights of Man and Citizens of revolutionary France.",
        "path_titles": [
          "Sources of Directive Principles",
          "The Declaration of the Rights of Man and Citizens of revolutionary France."
        ],
        "title": "The Declaration of the Rights of Man and Citizens of revolutionary France.",
        "sequence_number": 2,
        "depth": 1,
        "level_label": "Topic",
        "has_notes": true
      },
      {
        "path": "Sources of Directive Principles > The ideas of Mahatma Gandhi.",
        "path_titles": [
          "Sources of Directive Principles",
          "The ideas of Mahatma Gandhi."
        ],
        "title": "The ideas of Mahatma Gandhi.",
        "sequence_number": 3,
        "depth": 1,
        "level_label": "Topic",
        "has_notes": true
      },
      {
        "path": "Sources of Directive Principles > The Charter of Human Rights framed by the United Nations.",
        "path_titles": [
          "Sources of Directive Principles",
          "The Charter of Human Rights framed by the United Nations."
        ],
        "title": "The Charter of Human Rights framed by the United Nations.",
        "sequence_number": 4,
        "depth": 1,
        "level_label": "Topic",
        "has_notes": false
      },
      {
        "path": "Sources of Directive Principles > The Universal Declaration of Human Rights was adopted by the United Nations when the Constituent Assembly was deliberating over the Indian Constitution.",
        "path_titles": [
          "Sources of Directive Principles",
          "The Universal Declaration of Human Rights was adopted by the United Nations when the Constituent Assembly was deliberating over the Indian Constitution."
        ],
        "title": "The Universal Declaration of Human Rights was adopted by the United Nations when the Constituent Assembly was deliberating over the Indian Constitution.",
        "sequence_number": 5,
        "depth": 1,
        "level_label": "Topic",
        "has_notes": true
      },
      {
        "path": "IMPORTANCE OF DIRECTIVE PRINCIPLES > 1.",
        "path_titles": [
          "IMPORTANCE OF DIRECTIVE PRINCIPLES",
          "1."
        ],
        "title": "1.",
        "sequence_number": 1,
        "depth": 1,
        "level_label": "Topic",
        "has_notes": false
      },
      {
        "path": "IMPORTANCE OF DIRECTIVE PRINCIPLES > 2.",
        "path_titles": [
          "IMPORTANCE OF DIRECTIVE PRINCIPLES",
          "2."
        ],
        "title": "2.",
        "sequence_number": 2,
        "depth": 1,
        "level_label": "Topic",
        "has_notes": true
      },
      {
        "path": "IMPORTANCE OF DIRECTIVE PRINCIPLES > 3.",
        "path_titles": [
          "IMPORTANCE OF DIRECTIVE PRINCIPLES",
          "3."
        ],
        "title": "3.",
        "sequence_number": 3,
        "depth": 1,
        "level_label": "Topic",
        "has_notes": true
      },
      {
        "path": "IMPORTANCE OF DIRECTIVE PRINCIPLES > 4.",
        "path_titles": [
          "IMPORTANCE OF DIRECTIVE PRINCIPLES",
          "4."
        ],
        "title": "4.",
        "sequence_number": 4,
        "depth": 1,
        "level_label": "Topic",
        "has_notes": true
      },
      {
        "path": "IMPORTANCE OF DIRECTIVE PRINCIPLES > 5.",
        "path_titles": [
          "IMPORTANCE OF DIRECTIVE PRINCIPLES",
          "5."
        ],
        "title": "5.",
        "sequence_number": 5,
        "depth": 1,
        "level_label": "Topic",
        "has_notes": false
      },
      {
        "path": "IMPORTANCE OF DIRECTIVE PRINCIPLES > 6.",
        "path_titles": [
          "IMPORTANCE OF DIRECTIVE PRINCIPLES",
          "6."
        ],
        "title": "6.",
        "sequence_number": 6,
        "depth": 1,
        "level_label": "Topic",
        "has_notes": false
      },
      {
        "path": "IMPORTANCE OF DIRECTIVE PRINCIPLES > 7.",
        "path_titles": [
          "IMPORTANCE OF DIRECTIVE PRINCIPLES",
          "7."
        ],
        "title": "7.",
        "sequence_number": 7,
        "depth": 1,
        "level_label": "Topic",
        "has_notes": true
      },
      {
        "path": "IMPORTANCE OF DIRECTIVE PRINCIPLES > 8.",
        "path_titles": [
          "IMPORTANCE OF DIRECTIVE PRINCIPLES",
          "8."
        ],
        "title": "8.",
        "sequence_number": 8,
        "depth": 1,
        "level_label": "Topic",
        "has_notes": true
      },
      {
        "path": "WELFARE STATE",
        "path_titles": [
          "WELFARE STATE"
        ],
        "title": "WELFARE STATE",
        "sequence_number": 5,
        "depth": 0,
        "level_label": "Section",
        "has_notes": true
      },
      {
        "path": "SOCIAL EQUALITY AND JUSTICE > 1.",
        "path_titles": [
          "SOCIAL EQUALITY AND JUSTICE",
          "1."
        ],
        "title": "1.",
        "sequence_number": 1,
        "depth": 1,
        "level_label": "Topic",
        "has_notes": false
      },
      {
        "path": "SOCIAL EQUALITY AND JUSTICE > 2.",
        "path_titles": [
          "SOCIAL EQUALITY AND JUSTICE",
          "2."
        ],
        "title": "2.",
        "sequence_number": 2,
        "depth": 1,
        "level_label": "Topic",
        "has_notes": true
      },
      {
        "path": "SOCIAL EQUALITY AND JUSTICE > 3.",
        "path_titles": [
          "SOCIAL EQUALITY AND JUSTICE",
          "3."
        ],
        "title": "3.",
        "sequence_number": 3,
        "depth": 1,
        "level_label": "Topic",
        "has_notes": true
      },
      {
        "path": "SOCIAL EQUALITY AND JUSTICE > 4. > People who have an annual income of less than Rs. 8 lakhs, or",
        "path_titles": [
          "SOCIAL EQUALITY AND JUSTICE",
          "4.",
          "People who have an annual income of less than Rs. 8 lakhs, or"
        ],
        "title": "People who have an annual income of less than Rs. 8 lakhs, or",
        "sequence_number": 1,
        "depth": 2,
        "level_label": "Subtopic",
        "has_notes": true
      },
      {
        "path": "SOCIAL EQUALITY AND JUSTICE > 4. > People who own less than five acres of farm land, or",
        "path_titles": [
          "SOCIAL EQUALITY AND JUSTICE",
          "4.",
          "People who own less than five acres of farm land, or"
        ],
        "title": "People who own less than five acres of farm land, or",
        "sequence_number": 2,
        "depth": 2,
        "level_label": "Subtopic",
        "has_notes": false
      },
      {
        "path": "SOCIAL EQUALITY AND JUSTICE > 4. > People who have a house lesser than 1,000 sq feet in a town (or 100 sq yard in a notified municipal area).",
        "path_titles": [
          "SOCIAL EQUALITY AND JUSTICE",
          "4.",
          "People who have a house lesser than 1,000 sq feet in a town (or 100 sq yard in a notified municipal area)."
        ],
        "title": "People who have a house lesser than 1,000 sq feet in a town (or 100 sq yard in a notified municipal area).",
        "sequence_number": 3,
        "depth": 2,
        "level_label": "Subtopic",
        "has_notes": false
      },
      {
        "path": "SOCIAL EQUALITY AND JUSTICE > ECONOMIC WELFARE > (a) The Government has abolished the Zamindari System and introduced the land reform programme to do away with the old feudal socio-economic structure of rural India.",
        "path_titles": [
          "SOCIAL EQUALITY AND JUSTICE",
          "ECONOMIC WELFARE",
          "(a) The Government has abolished the Zamindari System and introduced the land reform programme to do away with the old feudal socio-economic structure of rural India."
        ],
        "title": "(a) The Government has abolished the Zamindari System and introduced the land reform programme to do away with the old feudal socio-economic structure of rural India.",
        "sequence_number": 1,
        "depth": 2,
        "level_label": "Subtopic",
        "has_notes": true
      },
      {
        "path": "SOCIAL EQUALITY AND JUSTICE > ECONOMIC WELFARE > (b) Right to Fair Compensation and Transparency in Land Acquisition, Rehabilitation and Resettlement Bill, 2013",
        "path_titles": [
          "SOCIAL EQUALITY AND JUSTICE",
          "ECONOMIC WELFARE",
          "(b) Right to Fair Compensation and Transparency in Land Acquisition, Rehabilitation and Resettlement Bill, 2013"
        ],
        "title": "(b) Right to Fair Compensation and Transparency in Land Acquisition, Rehabilitation and Resettlement Bill, 2013",
        "sequence_number": 2,
        "depth": 2,
        "level_label": "Subtopic",
        "has_notes": true
      },
      {
        "path": "SOCIAL EQUALITY AND JUSTICE > ECONOMIC WELFARE > (c) Nationalisation of banks, insurance companies and some key industries",
        "path_titles": [
          "SOCIAL EQUALITY AND JUSTICE",
          "ECONOMIC WELFARE",
          "(c) Nationalisation of banks, insurance companies and some key industries"
        ],
        "title": "(c) Nationalisation of banks, insurance companies and some key industries",
        "sequence_number": 3,
        "depth": 2,
        "level_label": "Subtopic",
        "has_notes": true
      },
      {
        "path": "SOCIAL EQUALITY AND JUSTICE > ECONOMIC WELFARE > (d) In order to ensure just payment to workers and equal pay for equal work",
        "path_titles": [
          "SOCIAL EQUALITY AND JUSTICE",
          "ECONOMIC WELFARE",
          "(d) In order to ensure just payment to workers and equal pay for equal work"
        ],
        "title": "(d) In order to ensure just payment to workers and equal pay for equal work",
        "sequence_number": 4,
        "depth": 2,
        "level_label": "Subtopic",
        "has_notes": true
      },
      {
        "path": "SOCIAL EQUALITY AND JUSTICE > ECONOMIC WELFARE > (e) Ayushman Bharat Yojana",
        "path_titles": [
          "SOCIAL EQUALITY AND JUSTICE",
          "ECONOMIC WELFARE",
          "(e) Ayushman Bharat Yojana"
        ],
        "title": "(e) Ayushman Bharat Yojana",
        "sequence_number": 5,
        "depth": 2,
        "level_label": "Subtopic",
        "has_notes": true
      },
      {
        "path": "SOCIAL EQUALITY AND JUSTICE > ECONOMIC WELFARE > (f) Pradhan Mantri Samaan Nidhi Yojana",
        "path_titles": [
          "SOCIAL EQUALITY AND JUSTICE",
          "ECONOMIC WELFARE",
          "(f) Pradhan Mantri Samaan Nidhi Yojana"
        ],
        "title": "(f) Pradhan Mantri Samaan Nidhi Yojana",
        "sequence_number": 6,
        "depth": 2,
        "level_label": "Subtopic",
        "has_notes": true
      },
      {
        "path": "SOCIAL EQUALITY AND JUSTICE > ECONOMIC WELFARE > (g) Pradhan Mantri Ujjwala Yojana",
        "path_titles": [
          "SOCIAL EQUALITY AND JUSTICE",
          "ECONOMIC WELFARE",
          "(g) Pradhan Mantri Ujjwala Yojana"
        ],
        "title": "(g) Pradhan Mantri Ujjwala Yojana",
        "sequence_number": 7,
        "depth": 2,
        "level_label": "Subtopic",
        "has_notes": true
      },
      {
        "path": "SOCIAL EQUALITY AND JUSTICE > ECONOMIC WELFARE > (h) Pradhan Mantri Gramin Awaas Yojana (Housing for All)",
        "path_titles": [
          "SOCIAL EQUALITY AND JUSTICE",
          "ECONOMIC WELFARE",
          "(h) Pradhan Mantri Gramin Awaas Yojana (Housing for All)"
        ],
        "title": "(h) Pradhan Mantri Gramin Awaas Yojana (Housing for All)",
        "sequence_number": 8,
        "depth": 2,
        "level_label": "Subtopic",
        "has_notes": true
      },
      {
        "path": "SOCIAL EQUALITY AND JUSTICE > ECONOMIC WELFARE > (i) The Pradhan Mantri Fasal Bima Yojana (PMFBY)",
        "path_titles": [
          "SOCIAL EQUALITY AND JUSTICE",
          "ECONOMIC WELFARE",
          "(i) The Pradhan Mantri Fasal Bima Yojana (PMFBY)"
        ],
        "title": "(i) The Pradhan Mantri Fasal Bima Yojana (PMFBY)",
        "sequence_number": 9,
        "depth": 2,
        "level_label": "Subtopic",
        "has_notes": true
      },
      {
        "path": "SOCIAL EQUALITY AND JUSTICE > ECONOMIC WELFARE > (j) A social upliftment scheme, called the 'Jan Dhan Yojana'",
        "path_titles": [
          "SOCIAL EQUALITY AND JUSTICE",
          "ECONOMIC WELFARE",
          "(j) A social upliftment scheme, called the 'Jan Dhan Yojana'"
        ],
        "title": "(j) A social upliftment scheme, called the 'Jan Dhan Yojana'",
        "sequence_number": 10,
        "depth": 2,
        "level_label": "Subtopic",
        "has_notes": true
      },
      {
        "path": "SOCIAL EQUALITY AND JUSTICE > ECONOMIC WELFARE > (k) The Government has launched various programmes/such as Integrated Rural Development Programme (IRDP) and Rural Landless Employment Guarantee Programme (RLEGP)",
        "path_titles": [
          "SOCIAL EQUALITY AND JUSTICE",
          "ECONOMIC WELFARE",
          "(k) The Government has launched various programmes/such as Integrated Rural Development Programme (IRDP) and Rural Landless Employment Guarantee Programme (RLEGP)"
        ],
        "title": "(k) The Government has launched various programmes/such as Integrated Rural Development Programme (IRDP) and Rural Landless Employment Guarantee Programme (RLEGP)",
        "sequence_number": 11,
        "depth": 2,
        "level_label": "Subtopic",
        "has_notes": true
      },
      {
        "path": "SOCIAL EQUALITY AND JUSTICE > Women Reservation Bill (Nari Shakti Vandan Adhiniyam)",
        "path_titles": [
          "SOCIAL EQUALITY AND JUSTICE",
          "Women Reservation Bill (Nari Shakti Vandan Adhiniyam)"
        ],
        "title": "Women Reservation Bill (Nari Shakti Vandan Adhiniyam)",
        "sequence_number": 6,
        "depth": 1,
        "level_label": "Topic",
        "has_notes": true
      },
      {
        "path": "SOCIAL EQUALITY AND JUSTICE > POLITICAL, ADMINISTRATIVE AND LEGAL MATTERS > (a) Panchayati Raj has been established in the remotest villages",
        "path_titles": [
          "SOCIAL EQUALITY AND JUSTICE",
          "POLITICAL, ADMINISTRATIVE AND LEGAL MATTERS",
          "(a) Panchayati Raj has been established in the remotest villages"
        ],
        "title": "(a) Panchayati Raj has been established in the remotest villages",
        "sequence_number": 1,
        "depth": 2,
        "level_label": "Subtopic",
        "has_notes": true
      },
      {
        "path": "SOCIAL EQUALITY AND JUSTICE > POLITICAL, ADMINISTRATIVE AND LEGAL MATTERS > (b) In view of the constitutional directive, free legal aid has been provided to those people",
        "path_titles": [
          "SOCIAL EQUALITY AND JUSTICE",
          "POLITICAL, ADMINISTRATIVE AND LEGAL MATTERS",
          "(b) In view of the constitutional directive, free legal aid has been provided to those people"
        ],
        "title": "(b) In view of the constitutional directive, free legal aid has been provided to those people",
        "sequence_number": 2,
        "depth": 2,
        "level_label": "Subtopic",
        "has_notes": true
      },
      {
        "path": "SOCIAL EQUALITY AND JUSTICE > POLITICAL, ADMINISTRATIVE AND LEGAL MATTERS > (c) In order to check the misuse of power, there is now a complete separation of the judiciary from the executive.",
        "path_titles": [
          "SOCIAL EQUALITY AND JUSTICE",
          "POLITICAL, ADMINISTRATIVE AND LEGAL MATTERS",
          "(c) In order to check the misuse of power, there is now a complete separation of the judiciary from the executive."
        ],
        "title": "(c) In order to check the misuse of power, there is now a complete separation of the judiciary from the executive.",
        "sequence_number": 3,
        "depth": 2,
        "level_label": "Subtopic",
        "has_notes": true
      },
      {
        "path": "SOCIAL EQUALITY AND JUSTICE > FOREIGN POLICY > (a) In order to promote international peace and security India is opposed to colonialism and racialism",
        "path_titles": [
          "SOCIAL EQUALITY AND JUSTICE",
          "FOREIGN POLICY",
          "(a) In order to promote international peace and security India is opposed to colonialism and racialism"
        ],
        "title": "(a) In order to promote international peace and security India is opposed to colonialism and racialism",
        "sequence_number": 1,
        "depth": 2,
        "level_label": "Subtopic",
        "has_notes": true
      },
      {
        "path": "SOCIAL EQUALITY AND JUSTICE > FOREIGN POLICY > (b) India is law abiding; it respects international law.",
        "path_titles": [
          "SOCIAL EQUALITY AND JUSTICE",
          "FOREIGN POLICY",
          "(b) India is law abiding; it respects international law."
        ],
        "title": "(b) India is law abiding; it respects international law.",
        "sequence_number": 2,
        "depth": 2,
        "level_label": "Subtopic",
        "has_notes": true
      },
      {
        "path": "SOCIAL EQUALITY AND JUSTICE > FOREIGN POLICY > (c) India holds the policy of complete disarmament and has been firmly against all the attempts of some powerful countries for partial disarmament.",
        "path_titles": [
          "SOCIAL EQUALITY AND JUSTICE",
          "FOREIGN POLICY",
          "(c) India holds the policy of complete disarmament and has been firmly against all the attempts of some powerful countries for partial disarmament."
        ],
        "title": "(c) India holds the policy of complete disarmament and has been firmly against all the attempts of some powerful countries for partial disarmament.",
        "sequence_number": 3,
        "depth": 2,
        "level_label": "Subtopic",
        "has_notes": true
      }
    ],
    "stray_leaves": [
      {
        "title": "Difference Between Directive Principles and Fundamental Rights",
        "insert_after_index": 19,
        "micro_topics": [],
        "has_notes": true
      }
    ]
  }
}