{
  "syllabus_leaves": [
    {
      "path": "Salient Features of the Constitution-II > Directive Principles of State Policy (meaning), Welfare State.",
      "path_titles": [
        "Salient Features of the Constitution-II",
        "Directive Principles of State Policy (meaning), Welfare State."
      ],
      "title": "Directive Principles of State Policy (meaning), Welfare State.",
      "sequence_number": 1,
      "depth": 1,
      "level_label": "Topic",
      "has_notes": true
    },
    {
      "path": "MEANING OF THE DIRECTIVE PRINCIPLES",
      "path_titles": [
        "MEANING OF THE DIRECTIVE PRINCIPLES"
      ],
      "title": "MEANING OF THE DIRECTIVE PRINCIPLES",
      "sequence_number": 2,
      "depth": 0,
      "level_label": "Section",
      "has_notes": true
    },
    {
      "path": "Sources of Directive Principles > The Constitution of the Irish Republic",
      "path_titles": [
        "Sources of Directive Principles",
        "The Constitution of the Irish Republic"
      ],
      "title": "The Constitution of the Irish Republic",
      "sequence_number": 1,
      "depth": 1,
      "level_label": "Topic",
      "has_notes": false
    },
    {
      "path": "Sources of Directive Principles > The Declaration of the Rights of Man and Citizens of revolutionary France.",
      "path_titles": [
        "Sources of Directive Principles",
        "The Declaration of the Rights of Man and Citizens of revolutionary France."
      ],
      "title": "The Declaration of the Rights of Man and Citizens of revolutionary France.",
      "sequence_number": 2,
      "depth": 1,
      "level_label": "Topic",
      "has_notes": true
    },
    {
      "path": "Sources of Directive Principles > The ideas of Mahatma Gandhi.",
      "path_titles": [
        "Sources of Directive Principles",
        "The ideas of Mahatma Gandhi."
      ],
      "title": "The ideas of Mahatma Gandhi.",
      "sequence_number": 3,
      "depth": 1,
      "level_label": "Topic",
      "has_notes": true
    },
    {
      "path": "Sources of Directive Principles > The Charter of Human Rights framed by the United Nations.",
      "path_titles": [
        "Sources of Directive Principles",
        "The Charter of Human Rights framed by the United Nations."
      ],
      "title": "The Charter of Human Rights framed by the United Nations.",
      "sequence_number": 4,
      "depth": 1,
      "level_label": "Topic",
      "has_notes": false
    },
    {
      "path": "Sources of Directive Principles > The Universal Declaration of Human Rights was adopted by the United Nations when the Constituent Assembly was deliberating over the Indian Constitution.",
      "path_titles": [
        "Sources of Directive Principles",
        "The Universal Declaration of Human Rights was adopted by the United Nations when the Constituent Assembly was deliberating over the Indian Constitution."
      ],
      "title": "The Universal Declaration of Human Rights was adopted by the United Nations when the Constituent Assembly was deliberating over the Indian Constitution.",
      "sequence_number": 5,
      "depth": 1,
      "level_label": "Topic",
      "has_notes": true
    },
    {
      "path": "IMPORTANCE OF DIRECTIVE PRINCIPLES > 1.",
      "path_titles": [
        "IMPORTANCE OF DIRECTIVE PRINCIPLES",
        "1."
      ],
      "title": "1.",
      "sequence_number": 1,
      "depth": 1,
      "level_label": "Topic",
      "has_notes": false
    },
    {
      "path": "IMPORTANCE OF DIRECTIVE PRINCIPLES > 2.",
      "path_titles": [
        "IMPORTANCE OF DIRECTIVE PRINCIPLES",
        "2."
      ],
      "title": "2.",
      "sequence_number": 2,
      "depth": 1,
      "level_label": "Topic",
      "has_notes": true
    },
    {
      "path": "IMPORTANCE OF DIRECTIVE PRINCIPLES > 3.",
      "path_titles": [
        "IMPORTANCE OF DIRECTIVE PRINCIPLES",
        "3."
      ],
      "title": "3.",
      "sequence_number": 3,
      "depth": 1,
      "level_label": "Topic",
      "has_notes": true
    },
    {
      "path": "IMPORTANCE OF DIRECTIVE PRINCIPLES > 4.",
      "path_titles": [
        "IMPORTANCE OF DIRECTIVE PRINCIPLES",
        "4."
      ],
      "title": "4.",
      "sequence_number": 4,
      "depth": 1,
      "level_label": "Topic",
      "has_notes": true
    },
    {
      "path": "IMPORTANCE OF DIRECTIVE PRINCIPLES > 5.",
      "path_titles": [
        "IMPORTANCE OF DIRECTIVE PRINCIPLES",
        "5."
      ],
      "title": "5.",
      "sequence_number": 5,
      "depth": 1,
      "level_label": "Topic",
      "has_notes": false
    },
    {
      "path": "IMPORTANCE OF DIRECTIVE PRINCIPLES > 6.",
      "path_titles": [
        "IMPORTANCE OF DIRECTIVE PRINCIPLES",
        "6."
      ],
      "title": "6.",
      "sequence_number": 6,
      "depth": 1,
      "level_label": "Topic",
      "has_notes": false
    },
    {
      "path": "IMPORTANCE OF DIRECTIVE PRINCIPLES > 7.",
      "path_titles": [
        "IMPORTANCE OF DIRECTIVE PRINCIPLES",
        "7."
      ],
      "title": "7.",
      "sequence_number": 7,
      "depth": 1,
      "level_label": "Topic",
      "has_notes": true
    },
    {
      "path": "IMPORTANCE OF DIRECTIVE PRINCIPLES > 8.",
      "path_titles": [
        "IMPORTANCE OF DIRECTIVE PRINCIPLES",
        "8."
      ],
      "title": "8.",
      "sequence_number": 8,
      "depth": 1,
      "level_label": "Topic",
      "has_notes": true
    },
    {
      "path": "WELFARE STATE",
      "path_titles": [
        "WELFARE STATE"
      ],
      "title": "WELFARE STATE",
      "sequence_number": 5,
      "depth": 0,
      "level_label": "Section",
      "has_notes": true
    },
    {
      "path": "SOCIAL EQUALITY AND JUSTICE > 1.",
      "path_titles": [
        "SOCIAL EQUALITY AND JUSTICE",
        "1."
      ],
      "title": "1.",
      "sequence_number": 1,
      "depth": 1,
      "level_label": "Topic",
      "has_notes": false
    },
    {
      "path": "SOCIAL EQUALITY AND JUSTICE > 2.",
      "path_titles": [
        "SOCIAL EQUALITY AND JUSTICE",
        "2."
      ],
      "title": "2.",
      "sequence_number": 2,
      "depth": 1,
      "level_label": "Topic",
      "has_notes": true
    },
    {
      "path": "SOCIAL EQUALITY AND JUSTICE > 3.",
      "path_titles": [
        "SOCIAL EQUALITY AND JUSTICE",
        "3."
      ],
      "title": "3.",
      "sequence_number": 3,
      "depth": 1,
      "level_label": "Topic",
      "has_notes": true
    },
    {
      "path": "SOCIAL EQUALITY AND JUSTICE > 4. > People who have an annual income of less than Rs. 8 lakhs, or",
      "path_titles": [
        "SOCIAL EQUALITY AND JUSTICE",
        "4.",
        "People who have an annual income of less than Rs. 8 lakhs, or"
      ],
      "title": "People who have an annual income of less than Rs. 8 lakhs, or",
      "sequence_number": 1,
      "depth": 2,
      "level_label": "Subtopic",
      "has_notes": true
    },
    {
      "path": "SOCIAL EQUALITY AND JUSTICE > 4. > People who own less than five acres of farm land, or",
      "path_titles": [
        "SOCIAL EQUALITY AND JUSTICE",
        "4.",
        "People who own less than five acres of farm land, or"
      ],
      "title": "People who own less than five acres of farm land, or",
      "sequence_number": 2,
      "depth": 2,
      "level_label": "Subtopic",
      "has_notes": false
    },
    {
      "path": "SOCIAL EQUALITY AND JUSTICE > 4. > People who have a house lesser than 1,000 sq feet in a town (or 100 sq yard in a notified municipal area).",
      "path_titles": [
        "SOCIAL EQUALITY AND JUSTICE",
        "4.",
        "People who have a house lesser than 1,000 sq feet in a town (or 100 sq yard in a notified municipal area)."
      ],
      "title": "People who have a house lesser than 1,000 sq feet in a town (or 100 sq yard in a notified municipal area).",
      "sequence_number": 3,
      "depth": 2,
      "level_label": "Subtopic",
      "has_notes": false
    },
    {
      "path": "SOCIAL EQUALITY AND JUSTICE > ECONOMIC WELFARE > (a) The Government has abolished the Zamindari System and introduced the land reform programme to do away with the old feudal socio-economic structure of rural India.",
      "path_titles": [
        "SOCIAL EQUALITY AND JUSTICE",
        "ECONOMIC WELFARE",
        "(a) The Government has abolished the Zamindari System and introduced the land reform programme to do away with the old feudal socio-economic structure of rural India."
      ],
      "title": "(a) The Government has abolished the Zamindari System and introduced the land reform programme to do away with the old feudal socio-economic structure of rural India.",
      "sequence_number": 1,
      "depth": 2,
      "level_label": "Subtopic",
      "has_notes": true
    },
    {
      "path": "SOCIAL EQUALITY AND JUSTICE > ECONOMIC WELFARE > (b) Right to Fair Compensation and Transparency in Land Acquisition, Rehabilitation and Resettlement Bill, 2013",
      "path_titles": [
        "SOCIAL EQUALITY AND JUSTICE",
        "ECONOMIC WELFARE",
        "(b) Right to Fair Compensation and Transparency in Land Acquisition, Rehabilitation and Resettlement Bill, 2013"
      ],
      "title": "(b) Right to Fair Compensation and Transparency in Land Acquisition, Rehabilitation and Resettlement Bill, 2013",
      "sequence_number": 2,
      "depth": 2,
      "level_label": "Subtopic",
      "has_notes": true
    },
    {
      "path": "SOCIAL EQUALITY AND JUSTICE > ECONOMIC WELFARE > (c) Nationalisation of banks, insurance companies and some key industries",
      "path_titles": [
        "SOCIAL EQUALITY AND JUSTICE",
        "ECONOMIC WELFARE",
        "(c) Nationalisation of banks, insurance companies and some key industries"
      ],
      "title": "(c) Nationalisation of banks, insurance companies and some key industries",
      "sequence_number": 3,
      "depth": 2,
      "level_label": "Subtopic",
      "has_notes": true
    },
    {
      "path": "SOCIAL EQUALITY AND JUSTICE > ECONOMIC WELFARE > (d) In order to ensure just payment to workers and equal pay for equal work",
      "path_titles": [
        "SOCIAL EQUALITY AND JUSTICE",
        "ECONOMIC WELFARE",
        "(d) In order to ensure just payment to workers and equal pay for equal work"
      ],
      "title": "(d) In order to ensure just payment to workers and equal pay for equal work",
      "sequence_number": 4,
      "depth": 2,
      "level_label": "Subtopic",
      "has_notes": true
    },
    {
      "path": "SOCIAL EQUALITY AND JUSTICE > ECONOMIC WELFARE > (e) Ayushman Bharat Yojana",
      "path_titles": [
        "SOCIAL EQUALITY AND JUSTICE",
        "ECONOMIC WELFARE",
        "(e) Ayushman Bharat Yojana"
      ],
      "title": "(e) Ayushman Bharat Yojana",
      "sequence_number": 5,
      "depth": 2,
      "level_label": "Subtopic",
      "has_notes": true
    },
    {
      "path": "SOCIAL EQUALITY AND JUSTICE > ECONOMIC WELFARE > (f) Pradhan Mantri Samaan Nidhi Yojana",
      "path_titles": [
        "SOCIAL EQUALITY AND JUSTICE",
        "ECONOMIC WELFARE",
        "(f) Pradhan Mantri Samaan Nidhi Yojana"
      ],
      "title": "(f) Pradhan Mantri Samaan Nidhi Yojana",
      "sequence_number": 6,
      "depth": 2,
      "level_label": "Subtopic",
      "has_notes": true
    },
    {
      "path": "SOCIAL EQUALITY AND JUSTICE > ECONOMIC WELFARE > (g) Pradhan Mantri Ujjwala Yojana",
      "path_titles": [
        "SOCIAL EQUALITY AND JUSTICE",
        "ECONOMIC WELFARE",
        "(g) Pradhan Mantri Ujjwala Yojana"
      ],
      "title": "(g) Pradhan Mantri Ujjwala Yojana",
      "sequence_number": 7,
      "depth": 2,
      "level_label": "Subtopic",
      "has_notes": true
    },
    {
      "path": "SOCIAL EQUALITY AND JUSTICE > ECONOMIC WELFARE > (h) Pradhan Mantri Gramin Awaas Yojana (Housing for All)",
      "path_titles": [
        "SOCIAL EQUALITY AND JUSTICE",
        "ECONOMIC WELFARE",
        "(h) Pradhan Mantri Gramin Awaas Yojana (Housing for All)"
      ],
      "title": "(h) Pradhan Mantri Gramin Awaas Yojana (Housing for All)",
      "sequence_number": 8,
      "depth": 2,
      "level_label": "Subtopic",
      "has_notes": true
    },
    {
      "path": "SOCIAL EQUALITY AND JUSTICE > ECONOMIC WELFARE > (i) The Pradhan Mantri Fasal Bima Yojana (PMFBY)",
      "path_titles": [
        "SOCIAL EQUALITY AND JUSTICE",
        "ECONOMIC WELFARE",
        "(i) The Pradhan Mantri Fasal Bima Yojana (PMFBY)"
      ],
      "title": "(i) The Pradhan Mantri Fasal Bima Yojana (PMFBY)",
      "sequence_number": 9,
      "depth": 2,
      "level_label": "Subtopic",
      "has_notes": true
    },
    {
      "path": "SOCIAL EQUALITY AND JUSTICE > ECONOMIC WELFARE > (j) A social upliftment scheme, called the 'Jan Dhan Yojana'",
      "path_titles": [
        "SOCIAL EQUALITY AND JUSTICE",
        "ECONOMIC WELFARE",
        "(j) A social upliftment scheme, called the 'Jan Dhan Yojana'"
      ],
      "title": "(j) A social upliftment scheme, called the 'Jan Dhan Yojana'",
      "sequence_number": 10,
      "depth": 2,
      "level_label": "Subtopic",
      "has_notes": true
    },
    {
      "path": "SOCIAL EQUALITY AND JUSTICE > ECONOMIC WELFARE > (k) The Government has launched various programmes/such as Integrated Rural Development Programme (IRDP) and Rural Landless Employment Guarantee Programme (RLEGP)",
      "path_titles": [
        "SOCIAL EQUALITY AND JUSTICE",
        "ECONOMIC WELFARE",
        "(k) The Government has launched various programmes/such as Integrated Rural Development Programme (IRDP) and Rural Landless Employment Guarantee Programme (RLEGP)"
      ],
      "title": "(k) The Government has launched various programmes/such as Integrated Rural Development Programme (IRDP) and Rural Landless Employment Guarantee Programme (RLEGP)",
      "sequence_number": 11,
      "depth": 2,
      "level_label": "Subtopic",
      "has_notes": true
    },
    {
      "path": "SOCIAL EQUALITY AND JUSTICE > Women Reservation Bill (Nari Shakti Vandan Adhiniyam)",
      "path_titles": [
        "SOCIAL EQUALITY AND JUSTICE",
        "Women Reservation Bill (Nari Shakti Vandan Adhiniyam)"
      ],
      "title": "Women Reservation Bill (Nari Shakti Vandan Adhiniyam)",
      "sequence_number": 6,
      "depth": 1,
      "level_label": "Topic",
      "has_notes": true
    },
    {
      "path": "SOCIAL EQUALITY AND JUSTICE > POLITICAL, ADMINISTRATIVE AND LEGAL MATTERS > (a) Panchayati Raj has been established in the remotest villages",
      "path_titles": [
        "SOCIAL EQUALITY AND JUSTICE",
        "POLITICAL, ADMINISTRATIVE AND LEGAL MATTERS",
        "(a) Panchayati Raj has been established in the remotest villages"
      ],
      "title": "(a) Panchayati Raj has been established in the remotest villages",
      "sequence_number": 1,
      "depth": 2,
      "level_label": "Subtopic",
      "has_notes": true
    },
    {
      "path": "SOCIAL EQUALITY AND JUSTICE > POLITICAL, ADMINISTRATIVE AND LEGAL MATTERS > (b) In view of the constitutional directive, free legal aid has been provided to those people",
      "path_titles": [
        "SOCIAL EQUALITY AND JUSTICE",
        "POLITICAL, ADMINISTRATIVE AND LEGAL MATTERS",
        "(b) In view of the constitutional directive, free legal aid has been provided to those people"
      ],
      "title": "(b) In view of the constitutional directive, free legal aid has been provided to those people",
      "sequence_number": 2,
      "depth": 2,
      "level_label": "Subtopic",
      "has_notes": true
    },
    {
      "path": "SOCIAL EQUALITY AND JUSTICE > POLITICAL, ADMINISTRATIVE AND LEGAL MATTERS > (c) In order to check the misuse of power, there is now a complete separation of the judiciary from the executive.",
      "path_titles": [
        "SOCIAL EQUALITY AND JUSTICE",
        "POLITICAL, ADMINISTRATIVE AND LEGAL MATTERS",
        "(c) In order to check the misuse of power, there is now a complete separation of the judiciary from the executive."
      ],
      "title": "(c) In order to check the misuse of power, there is now a complete separation of the judiciary from the executive.",
      "sequence_number": 3,
      "depth": 2,
      "level_label": "Subtopic",
      "has_notes": true
    },
    {
      "path": "SOCIAL EQUALITY AND JUSTICE > FOREIGN POLICY > (a) In order to promote international peace and security India is opposed to colonialism and racialism",
      "path_titles": [
        "SOCIAL EQUALITY AND JUSTICE",
        "FOREIGN POLICY",
        "(a) In order to promote international peace and security India is opposed to colonialism and racialism"
      ],
      "title": "(a) In order to promote international peace and security India is opposed to colonialism and racialism",
      "sequence_number": 1,
      "depth": 2,
      "level_label": "Subtopic",
      "has_notes": true
    },
    {
      "path": "SOCIAL EQUALITY AND JUSTICE > FOREIGN POLICY > (b) India is law abiding; it respects international law.",
      "path_titles": [
        "SOCIAL EQUALITY AND JUSTICE",
        "FOREIGN POLICY",
        "(b) India is law abiding; it respects international law."
      ],
      "title": "(b) India is law abiding; it respects international law.",
      "sequence_number": 2,
      "depth": 2,
      "level_label": "Subtopic",
      "has_notes": true
    },
    {
      "path": "SOCIAL EQUALITY AND JUSTICE > FOREIGN POLICY > (c) India holds the policy of complete disarmament and has been firmly against all the attempts of some powerful countries for partial disarmament.",
      "path_titles": [
        "SOCIAL EQUALITY AND JUSTICE",
        "FOREIGN POLICY",
        "(c) India holds the policy of complete disarmament and has been firmly against all the attempts of some powerful countries for partial disarmament."
      ],
      "title": "(c) India holds the policy of complete disarmament and has been firmly against all the attempts of some powerful countries for partial disarmament.",
      "sequence_number": 3,
      "depth": 2,
      "level_label": "Subtopic",
      "has_notes": true
    }
  ],
  "stray_leaves": [
    {
      "title": "Difference Between Directive Principles and Fundamental Rights",
      "insert_after_index": 19,
      "micro_topics": [],
      "has_notes": true
    }
  ]
}