{
  "syllabus_leaves": [
    {
      "path": "SYLLABUS > The Harappan Civilisation",
      "path_titles": [
        "SYLLABUS",
        "The Harappan Civilisation"
      ],
      "title": "The Harappan Civilisation",
      "sequence_number": 1,
      "depth": 1,
      "level_label": "Topic",
      "has_notes": true
    },
    {
      "path": "SYLLABUS > Sources > Great Bath",
      "path_titles": [
        "SYLLABUS",
        "Sources",
        "Great Bath"
      ],
      "title": "Great Bath",
      "sequence_number": 1,
      "depth": 2,
      "level_label": "Subtopic",
      "has_notes": true
    },
    {
      "path": "SYLLABUS > Sources > Citadel",
      "path_titles": [
        "SYLLABUS",
        "Sources",
        "Citadel"
      ],
      "title": "Citadel",
      "sequence_number": 2,
      "depth": 2,
      "level_label": "Subtopic",
      "has_notes": true
    },
    {
      "path": "SYLLABUS > Sources > seals",
      "path_titles": [
        "SYLLABUS",
        "Sources",
        "seals"
      ],
      "title": "seals",
      "sequence_number": 3,
      "depth": 2,
      "level_label": "Subtopic",
      "has_notes": true
    },
    {
      "path": "SYLLABUS > Sources > bearded man",
      "path_titles": [
        "SYLLABUS",
        "Sources",
        "bearded man"
      ],
      "title": "bearded man",
      "sequence_number": 4,
      "depth": 2,
      "level_label": "Subtopic",
      "has_notes": true
    },
    {
      "path": "SYLLABUS > Sources > dancing girl",
      "path_titles": [
        "SYLLABUS",
        "Sources",
        "dancing girl"
      ],
      "title": "dancing girl",
      "sequence_number": 5,
      "depth": 2,
      "level_label": "Subtopic",
      "has_notes": true
    },
    {
      "path": "SYLLABUS > Sources > dockyard",
      "path_titles": [
        "SYLLABUS",
        "Sources",
        "dockyard"
      ],
      "title": "dockyard",
      "sequence_number": 6,
      "depth": 2,
      "level_label": "Subtopic",
      "has_notes": true
    },
    {
      "path": "SYLLABUS > Sources > script",
      "path_titles": [
        "SYLLABUS",
        "Sources",
        "script"
      ],
      "title": "script",
      "sequence_number": 7,
      "depth": 2,
      "level_label": "Subtopic",
      "has_notes": true
    },
    {
      "path": "SYLLABUS > Origin, extent, urban planning, trade, art & craft, and its decline",
      "path_titles": [
        "SYLLABUS",
        "Origin, extent, urban planning, trade, art & craft, and its decline"
      ],
      "title": "Origin, extent, urban planning, trade, art & craft, and its decline",
      "sequence_number": 3,
      "depth": 1,
      "level_label": "Topic",
      "has_notes": false
    },
    {
      "path": "BRONZE AGE CIVILISATIONS",
      "path_titles": [
        "BRONZE AGE CIVILISATIONS"
      ],
      "title": "BRONZE AGE CIVILISATIONS",
      "sequence_number": 2,
      "depth": 0,
      "level_label": "Section",
      "has_notes": true
    },
    {
      "path": "THE HARAPPAN CIVILISATION",
      "path_titles": [
        "THE HARAPPAN CIVILISATION"
      ],
      "title": "THE HARAPPAN CIVILISATION",
      "sequence_number": 3,
      "depth": 0,
      "level_label": "Section",
      "has_notes": true
    },
    {
      "path": "SOURCES > 1. The Great Bath",
      "path_titles": [
        "SOURCES",
        "1. The Great Bath"
      ],
      "title": "1. The Great Bath",
      "sequence_number": 1,
      "depth": 1,
      "level_label": "Topic",
      "has_notes": true
    },
    {
      "path": "SOURCES > 2. The Citadel",
      "path_titles": [
        "SOURCES",
        "2. The Citadel"
      ],
      "title": "2. The Citadel",
      "sequence_number": 2,
      "depth": 1,
      "level_label": "Topic",
      "has_notes": true
    },
    {
      "path": "SOURCES > 3. Seals",
      "path_titles": [
        "SOURCES",
        "3. Seals"
      ],
      "title": "3. Seals",
      "sequence_number": 3,
      "depth": 1,
      "level_label": "Topic",
      "has_notes": true
    },
    {
      "path": "SOURCES > 4. Bearded Man",
      "path_titles": [
        "SOURCES",
        "4. Bearded Man"
      ],
      "title": "4. Bearded Man",
      "sequence_number": 4,
      "depth": 1,
      "level_label": "Topic",
      "has_notes": true
    },
    {
      "path": "SOURCES > 5. Dancing Girl",
      "path_titles": [
        "SOURCES",
        "5. Dancing Girl"
      ],
      "title": "5. Dancing Girl",
      "sequence_number": 5,
      "depth": 1,
      "level_label": "Topic",
      "has_notes": true
    },
    {
      "path": "SOURCES > 6. Dockyard",
      "path_titles": [
        "SOURCES",
        "6. Dockyard"
      ],
      "title": "6. Dockyard",
      "sequence_number": 6,
      "depth": 1,
      "level_label": "Topic",
      "has_notes": true
    },
    {
      "path": "SOURCES > 7. Script",
      "path_titles": [
        "SOURCES",
        "7. Script"
      ],
      "title": "7. Script",
      "sequence_number": 7,
      "depth": 1,
      "level_label": "Topic",
      "has_notes": true
    },
    {
      "path": "ORIGIN OF THE CIVILISATION > Foreign Origin",
      "path_titles": [
        "ORIGIN OF THE CIVILISATION",
        "Foreign Origin"
      ],
      "title": "Foreign Origin",
      "sequence_number": 1,
      "depth": 1,
      "level_label": "Topic",
      "has_notes": true
    },
    {
      "path": "ORIGIN OF THE CIVILISATION > Indigenous Origin",
      "path_titles": [
        "ORIGIN OF THE CIVILISATION",
        "Indigenous Origin"
      ],
      "title": "Indigenous Origin",
      "sequence_number": 2,
      "depth": 1,
      "level_label": "Topic",
      "has_notes": true
    },
    {
      "path": "URBAN PLANNING > HARAPPAN CITIES",
      "path_titles": [
        "URBAN PLANNING",
        "HARAPPAN CITIES"
      ],
      "title": "HARAPPAN CITIES",
      "sequence_number": 1,
      "depth": 1,
      "level_label": "Topic",
      "has_notes": true
    },
    {
      "path": "URBAN PLANNING > COMMON ELEMENTS BETWEEN MOHENJO-DARO AND HARAPPA",
      "path_titles": [
        "URBAN PLANNING",
        "COMMON ELEMENTS BETWEEN MOHENJO-DARO AND HARAPPA"
      ],
      "title": "COMMON ELEMENTS BETWEEN MOHENJO-DARO AND HARAPPA",
      "sequence_number": 2,
      "depth": 1,
      "level_label": "Topic",
      "has_notes": true
    },
    {
      "path": "URBAN PLANNING > FEATURES OF URBAN PLANNING",
      "path_titles": [
        "URBAN PLANNING",
        "FEATURES OF URBAN PLANNING"
      ],
      "title": "FEATURES OF URBAN PLANNING",
      "sequence_number": 3,
      "depth": 1,
      "level_label": "Topic",
      "has_notes": true
    },
    {
      "path": "HOUSES",
      "path_titles": [
        "HOUSES"
      ],
      "title": "HOUSES",
      "sequence_number": 7,
      "depth": 0,
      "level_label": "Section",
      "has_notes": true
    },
    {
      "path": "MONUMENTAL ARCHITECTURE > (a) The Great Bath",
      "path_titles": [
        "MONUMENTAL ARCHITECTURE",
        "(a) The Great Bath"
      ],
      "title": "(a) The Great Bath",
      "sequence_number": 1,
      "depth": 1,
      "level_label": "Topic",
      "has_notes": true
    },
    {
      "path": "MONUMENTAL ARCHITECTURE > (b) Granaries",
      "path_titles": [
        "MONUMENTAL ARCHITECTURE",
        "(b) Granaries"
      ],
      "title": "(b) Granaries",
      "sequence_number": 2,
      "depth": 1,
      "level_label": "Topic",
      "has_notes": true
    },
    {
      "path": "TRADE > Internal Trade",
      "path_titles": [
        "TRADE",
        "Internal Trade"
      ],
      "title": "Internal Trade",
      "sequence_number": 1,
      "depth": 1,
      "level_label": "Topic",
      "has_notes": true
    },
    {
      "path": "TRADE > External Trade",
      "path_titles": [
        "TRADE",
        "External Trade"
      ],
      "title": "External Trade",
      "sequence_number": 2,
      "depth": 1,
      "level_label": "Topic",
      "has_notes": true
    },
    {
      "path": "ART AND CRAFT",
      "path_titles": [
        "ART AND CRAFT"
      ],
      "title": "ART AND CRAFT",
      "sequence_number": 10,
      "depth": 0,
      "level_label": "Section",
      "has_notes": true
    },
    {
      "path": "DECLINE OF THE CIVILISATION > (a) Floods and Earthquakes",
      "path_titles": [
        "DECLINE OF THE CIVILISATION",
        "(a) Floods and Earthquakes"
      ],
      "title": "(a) Floods and Earthquakes",
      "sequence_number": 1,
      "depth": 1,
      "level_label": "Topic",
      "has_notes": true
    },
    {
      "path": "DECLINE OF THE CIVILISATION > (b) Increased Aridity",
      "path_titles": [
        "DECLINE OF THE CIVILISATION",
        "(b) Increased Aridity"
      ],
      "title": "(b) Increased Aridity",
      "sequence_number": 2,
      "depth": 1,
      "level_label": "Topic",
      "has_notes": true
    },
    {
      "path": "DECLINE OF THE CIVILISATION > (c) Deforestation",
      "path_titles": [
        "DECLINE OF THE CIVILISATION",
        "(c) Deforestation"
      ],
      "title": "(c) Deforestation",
      "sequence_number": 3,
      "depth": 1,
      "level_label": "Topic",
      "has_notes": true
    },
    {
      "path": "DECLINE OF THE CIVILISATION > (d) Attack",
      "path_titles": [
        "DECLINE OF THE CIVILISATION",
        "(d) Attack"
      ],
      "title": "(d) Attack",
      "sequence_number": 4,
      "depth": 1,
      "level_label": "Topic",
      "has_notes": true
    },
    {
      "path": "HERITAGE",
      "path_titles": [
        "HERITAGE"
      ],
      "title": "HERITAGE",
      "sequence_number": 12,
      "depth": 0,
      "level_label": "Section",
      "has_notes": true
    },
    {
      "path": "EXERCISES > I. Multiple-Choice Questions",
      "path_titles": [
        "EXERCISES",
        "I. Multiple-Choice Questions"
      ],
      "title": "I. Multiple-Choice Questions",
      "sequence_number": 1,
      "depth": 1,
      "level_label": "Topic",
      "has_notes": false
    },
    {
      "path": "EXERCISES > II. Short Answer Questions",
      "path_titles": [
        "EXERCISES",
        "II. Short Answer Questions"
      ],
      "title": "II. Short Answer Questions",
      "sequence_number": 2,
      "depth": 1,
      "level_label": "Topic",
      "has_notes": false
    },
    {
      "path": "EXERCISES > III. Structured Questions",
      "path_titles": [
        "EXERCISES",
        "III. Structured Questions"
      ],
      "title": "III. Structured Questions",
      "sequence_number": 3,
      "depth": 1,
      "level_label": "Topic",
      "has_notes": false
    },
    {
      "path": "EXERCISES > IV. Thinking Skills",
      "path_titles": [
        "EXERCISES",
        "IV. Thinking Skills"
      ],
      "title": "IV. Thinking Skills",
      "sequence_number": 4,
      "depth": 1,
      "level_label": "Topic",
      "has_notes": false
    }
  ],
  "stray_leaves": [
    {
      "title": "BRONZE AGE CIVILISATIONS",
      "insert_after_index": 0,
      "micro_topics": [],
      "has_notes": true
    },
    {
      "title": "EXTENT OF THE CIVILISATION",
      "insert_after_index": 10,
      "micro_topics": [],
      "has_notes": true
    },
    {
      "title": "HOUSES",
      "insert_after_index": 10,
      "micro_topics": [],
      "has_notes": true
    },
    {
      "title": "MONUMENTAL ARCHITECTURE",
      "insert_after_index": 10,
      "micro_topics": [
        "(a) The Great Bath",
        "(b) Granaries"
      ],
      "has_notes": true
    },
    {
      "title": "HERITAGE",
      "insert_after_index": 10,
      "micro_topics": [],
      "has_notes": true
    }
  ]
}