{
  "syllabus_leaves": [
    {
      "path": "CAUSES OF THE REFORMATION > DISSATISFACTION WITH THE PRACTICES OF CATHOLIC CHURCH > Economic Factors",
      "path_titles": [
        "CAUSES OF THE REFORMATION",
        "DISSATISFACTION WITH THE PRACTICES OF CATHOLIC CHURCH",
        "Economic Factors"
      ],
      "title": "Economic Factors",
      "sequence_number": 1,
      "depth": 2,
      "level_label": "Subtopic",
      "has_notes": true
    },
    {
      "path": "CAUSES OF THE REFORMATION > DISSATISFACTION WITH THE PRACTICES OF CATHOLIC CHURCH > Corruption in the Church",
      "path_titles": [
        "CAUSES OF THE REFORMATION",
        "DISSATISFACTION WITH THE PRACTICES OF CATHOLIC CHURCH",
        "Corruption in the Church"
      ],
      "title": "Corruption in the Church",
      "sequence_number": 2,
      "depth": 2,
      "level_label": "Subtopic",
      "has_notes": true
    },
    {
      "path": "CAUSES OF THE REFORMATION > DISSATISFACTION WITH THE PRACTICES OF CATHOLIC CHURCH > Rulers' Resentment",
      "path_titles": [
        "CAUSES OF THE REFORMATION",
        "DISSATISFACTION WITH THE PRACTICES OF CATHOLIC CHURCH",
        "Rulers' Resentment"
      ],
      "title": "Rulers' Resentment",
      "sequence_number": 3,
      "depth": 2,
      "level_label": "Subtopic",
      "has_notes": true
    },
    {
      "path": "CAUSES OF THE REFORMATION > DISSATISFACTION WITH THE PRACTICES OF CATHOLIC CHURCH > Movements against the Church",
      "path_titles": [
        "CAUSES OF THE REFORMATION",
        "DISSATISFACTION WITH THE PRACTICES OF CATHOLIC CHURCH",
        "Movements against the Church"
      ],
      "title": "Movements against the Church",
      "sequence_number": 4,
      "depth": 2,
      "level_label": "Subtopic",
      "has_notes": true
    },
    {
      "path": "CAUSES OF THE REFORMATION > DISSATISFACTION WITH THE PRACTICES OF CATHOLIC CHURCH > Immediate Cause",
      "path_titles": [
        "CAUSES OF THE REFORMATION",
        "DISSATISFACTION WITH THE PRACTICES OF CATHOLIC CHURCH",
        "Immediate Cause"
      ],
      "title": "Immediate Cause",
      "sequence_number": 5,
      "depth": 2,
      "level_label": "Subtopic",
      "has_notes": true
    },
    {
      "path": "CAUSES OF THE REFORMATION > NEW LEARNING",
      "path_titles": [
        "CAUSES OF THE REFORMATION",
        "NEW LEARNING"
      ],
      "title": "NEW LEARNING",
      "sequence_number": 2,
      "depth": 1,
      "level_label": "Topic",
      "has_notes": true
    },
    {
      "path": "MARTIN LUTHER'S CONTRIBUTION",
      "path_titles": [
        "MARTIN LUTHER'S CONTRIBUTION"
      ],
      "title": "MARTIN LUTHER'S CONTRIBUTION",
      "sequence_number": 2,
      "depth": 0,
      "level_label": "Section",
      "has_notes": true
    },
    {
      "path": "COUNTER REFORMATION > The Council of Trent (1545–1563)",
      "path_titles": [
        "COUNTER REFORMATION",
        "The Council of Trent (1545–1563)"
      ],
      "title": "The Council of Trent (1545–1563)",
      "sequence_number": 1,
      "depth": 1,
      "level_label": "Topic",
      "has_notes": true
    },
    {
      "path": "COUNTER REFORMATION > Society of Jesus",
      "path_titles": [
        "COUNTER REFORMATION",
        "Society of Jesus"
      ],
      "title": "Society of Jesus",
      "sequence_number": 2,
      "depth": 1,
      "level_label": "Topic",
      "has_notes": true
    }
  ],
  "stray_leaves": []
}