{
  "syllabus_leaves": [
    {
      "path": "Local Self-Government-Rural",
      "path_titles": [
        "Local Self-Government-Rural"
      ],
      "title": "Local Self-Government-Rural",
      "sequence_number": 1,
      "depth": 0,
      "level_label": "Section",
      "has_notes": true
    },
    {
      "path": "MEANING OF LOCAL SELF-GOVERNMENT",
      "path_titles": [
        "MEANING OF LOCAL SELF-GOVERNMENT"
      ],
      "title": "MEANING OF LOCAL SELF-GOVERNMENT",
      "sequence_number": 2,
      "depth": 0,
      "level_label": "Section",
      "has_notes": true
    },
    {
      "path": "LOCAL GOVERNMENT AND LOCAL SELF-GOVERNMENT",
      "path_titles": [
        "LOCAL GOVERNMENT AND LOCAL SELF-GOVERNMENT"
      ],
      "title": "LOCAL GOVERNMENT AND LOCAL SELF-GOVERNMENT",
      "sequence_number": 3,
      "depth": 0,
      "level_label": "Section",
      "has_notes": true
    },
    {
      "path": "SIGNIFICANCE OF LOCAL SELF-GOVERNMENT > (i)",
      "path_titles": [
        "SIGNIFICANCE OF LOCAL SELF-GOVERNMENT",
        "(i)"
      ],
      "title": "(i)",
      "sequence_number": 1,
      "depth": 1,
      "level_label": "Topic",
      "has_notes": true
    },
    {
      "path": "SIGNIFICANCE OF LOCAL SELF-GOVERNMENT > (ii)",
      "path_titles": [
        "SIGNIFICANCE OF LOCAL SELF-GOVERNMENT",
        "(ii)"
      ],
      "title": "(ii)",
      "sequence_number": 2,
      "depth": 1,
      "level_label": "Topic",
      "has_notes": true
    },
    {
      "path": "SALIENT FEATURES OF THE CONSTITUTION (73RD AMENDMENT) ACT, 1992 > (i)",
      "path_titles": [
        "SALIENT FEATURES OF THE CONSTITUTION (73RD AMENDMENT) ACT, 1992",
        "(i)"
      ],
      "title": "(i)",
      "sequence_number": 1,
      "depth": 1,
      "level_label": "Topic",
      "has_notes": true
    },
    {
      "path": "SALIENT FEATURES OF THE CONSTITUTION (73RD AMENDMENT) ACT, 1992 > (ii)",
      "path_titles": [
        "SALIENT FEATURES OF THE CONSTITUTION (73RD AMENDMENT) ACT, 1992",
        "(ii)"
      ],
      "title": "(ii)",
      "sequence_number": 2,
      "depth": 1,
      "level_label": "Topic",
      "has_notes": true
    },
    {
      "path": "SALIENT FEATURES OF THE CONSTITUTION (73RD AMENDMENT) ACT, 1992 > (iii)",
      "path_titles": [
        "SALIENT FEATURES OF THE CONSTITUTION (73RD AMENDMENT) ACT, 1992",
        "(iii)"
      ],
      "title": "(iii)",
      "sequence_number": 3,
      "depth": 1,
      "level_label": "Topic",
      "has_notes": false
    },
    {
      "path": "SALIENT FEATURES OF THE CONSTITUTION (73RD AMENDMENT) ACT, 1992 > (iv)",
      "path_titles": [
        "SALIENT FEATURES OF THE CONSTITUTION (73RD AMENDMENT) ACT, 1992",
        "(iv)"
      ],
      "title": "(iv)",
      "sequence_number": 4,
      "depth": 1,
      "level_label": "Topic",
      "has_notes": true
    },
    {
      "path": "SALIENT FEATURES OF THE CONSTITUTION (73RD AMENDMENT) ACT, 1992 > (v)",
      "path_titles": [
        "SALIENT FEATURES OF THE CONSTITUTION (73RD AMENDMENT) ACT, 1992",
        "(v)"
      ],
      "title": "(v)",
      "sequence_number": 5,
      "depth": 1,
      "level_label": "Topic",
      "has_notes": true
    },
    {
      "path": "PANCHAYATI RAJ SYSTEM",
      "path_titles": [
        "PANCHAYATI RAJ SYSTEM"
      ],
      "title": "PANCHAYATI RAJ SYSTEM",
      "sequence_number": 6,
      "depth": 0,
      "level_label": "Section",
      "has_notes": false
    },
    {
      "path": "ORGANISATION OF PANCHAYATI RAJ INSTITUTION > (i) Gram Panchayats at village level.",
      "path_titles": [
        "ORGANISATION OF PANCHAYATI RAJ INSTITUTION",
        "(i) Gram Panchayats at village level."
      ],
      "title": "(i) Gram Panchayats at village level.",
      "sequence_number": 1,
      "depth": 1,
      "level_label": "Topic",
      "has_notes": true
    },
    {
      "path": "ORGANISATION OF PANCHAYATI RAJ INSTITUTION > (ii) Panchayat Samiti at block level or middle level.",
      "path_titles": [
        "ORGANISATION OF PANCHAYATI RAJ INSTITUTION",
        "(ii) Panchayat Samiti at block level or middle level."
      ],
      "title": "(ii) Panchayat Samiti at block level or middle level.",
      "sequence_number": 2,
      "depth": 1,
      "level_label": "Topic",
      "has_notes": true
    },
    {
      "path": "ORGANISATION OF PANCHAYATI RAJ INSTITUTION > (iii) Zila Parishad at District level.",
      "path_titles": [
        "ORGANISATION OF PANCHAYATI RAJ INSTITUTION",
        "(iii) Zila Parishad at District level."
      ],
      "title": "(iii) Zila Parishad at District level.",
      "sequence_number": 3,
      "depth": 1,
      "level_label": "Topic",
      "has_notes": true
    },
    {
      "path": "(a) Qualification for Election to Local Bodies > (i)",
      "path_titles": [
        "(a) Qualification for Election to Local Bodies",
        "(i)"
      ],
      "title": "(i)",
      "sequence_number": 1,
      "depth": 1,
      "level_label": "Topic",
      "has_notes": true
    },
    {
      "path": "(a) Qualification for Election to Local Bodies > (ii)",
      "path_titles": [
        "(a) Qualification for Election to Local Bodies",
        "(ii)"
      ],
      "title": "(ii)",
      "sequence_number": 2,
      "depth": 1,
      "level_label": "Topic",
      "has_notes": false
    },
    {
      "path": "(a) Qualification for Election to Local Bodies > (iii)",
      "path_titles": [
        "(a) Qualification for Election to Local Bodies",
        "(iii)"
      ],
      "title": "(iii)",
      "sequence_number": 3,
      "depth": 1,
      "level_label": "Topic",
      "has_notes": true
    },
    {
      "path": "(a) Qualification for Election to Local Bodies > (iv)",
      "path_titles": [
        "(a) Qualification for Election to Local Bodies",
        "(iv)"
      ],
      "title": "(iv)",
      "sequence_number": 4,
      "depth": 1,
      "level_label": "Topic",
      "has_notes": true
    },
    {
      "path": "(b) Term",
      "path_titles": [
        "(b) Term"
      ],
      "title": "(b) Term",
      "sequence_number": 9,
      "depth": 0,
      "level_label": "Section",
      "has_notes": true
    },
    {
      "path": "GRAM PANCHAYAT",
      "path_titles": [
        "GRAM PANCHAYAT"
      ],
      "title": "GRAM PANCHAYAT",
      "sequence_number": 10,
      "depth": 0,
      "level_label": "Section",
      "has_notes": true
    },
    {
      "path": "COMPOSITION > Sarpanch:",
      "path_titles": [
        "COMPOSITION",
        "Sarpanch:"
      ],
      "title": "Sarpanch:",
      "sequence_number": 1,
      "depth": 1,
      "level_label": "Topic",
      "has_notes": true
    },
    {
      "path": "COMPOSITION > Members:",
      "path_titles": [
        "COMPOSITION",
        "Members:"
      ],
      "title": "Members:",
      "sequence_number": 2,
      "depth": 1,
      "level_label": "Topic",
      "has_notes": true
    },
    {
      "path": "COMPOSITION > Office Bearers:",
      "path_titles": [
        "COMPOSITION",
        "Office Bearers:"
      ],
      "title": "Office Bearers:",
      "sequence_number": 3,
      "depth": 1,
      "level_label": "Topic",
      "has_notes": true
    },
    {
      "path": "FUNCTIONS > 1. Administrative Functions > (i)",
      "path_titles": [
        "FUNCTIONS",
        "1. Administrative Functions",
        "(i)"
      ],
      "title": "(i)",
      "sequence_number": 1,
      "depth": 2,
      "level_label": "Subtopic",
      "has_notes": true
    },
    {
      "path": "FUNCTIONS > 1. Administrative Functions > (ii)",
      "path_titles": [
        "FUNCTIONS",
        "1. Administrative Functions",
        "(ii)"
      ],
      "title": "(ii)",
      "sequence_number": 2,
      "depth": 2,
      "level_label": "Subtopic",
      "has_notes": true
    },
    {
      "path": "FUNCTIONS > 1. Administrative Functions > (iii)",
      "path_titles": [
        "FUNCTIONS",
        "1. Administrative Functions",
        "(iii)"
      ],
      "title": "(iii)",
      "sequence_number": 3,
      "depth": 2,
      "level_label": "Subtopic",
      "has_notes": true
    },
    {
      "path": "FUNCTIONS > 1. Administrative Functions > (iv)",
      "path_titles": [
        "FUNCTIONS",
        "1. Administrative Functions",
        "(iv)"
      ],
      "title": "(iv)",
      "sequence_number": 4,
      "depth": 2,
      "level_label": "Subtopic",
      "has_notes": true
    },
    {
      "path": "FUNCTIONS > 1. Administrative Functions > (v)",
      "path_titles": [
        "FUNCTIONS",
        "1. Administrative Functions",
        "(v)"
      ],
      "title": "(v)",
      "sequence_number": 5,
      "depth": 2,
      "level_label": "Subtopic",
      "has_notes": true
    },
    {
      "path": "FUNCTIONS > 1. Administrative Functions > (vi)",
      "path_titles": [
        "FUNCTIONS",
        "1. Administrative Functions",
        "(vi)"
      ],
      "title": "(vi)",
      "sequence_number": 6,
      "depth": 2,
      "level_label": "Subtopic",
      "has_notes": true
    },
    {
      "path": "FUNCTIONS > 1. Administrative Functions > (vii)",
      "path_titles": [
        "FUNCTIONS",
        "1. Administrative Functions",
        "(vii)"
      ],
      "title": "(vii)",
      "sequence_number": 7,
      "depth": 2,
      "level_label": "Subtopic",
      "has_notes": true
    },
    {
      "path": "FUNCTIONS > 2. Social and Economic Functions > (i)",
      "path_titles": [
        "FUNCTIONS",
        "2. Social and Economic Functions",
        "(i)"
      ],
      "title": "(i)",
      "sequence_number": 1,
      "depth": 2,
      "level_label": "Subtopic",
      "has_notes": true
    },
    {
      "path": "FUNCTIONS > 2. Social and Economic Functions > (ii)",
      "path_titles": [
        "FUNCTIONS",
        "2. Social and Economic Functions",
        "(ii)"
      ],
      "title": "(ii)",
      "sequence_number": 2,
      "depth": 2,
      "level_label": "Subtopic",
      "has_notes": true
    },
    {
      "path": "FUNCTIONS > 2. Social and Economic Functions > (iii)",
      "path_titles": [
        "FUNCTIONS",
        "2. Social and Economic Functions",
        "(iii)"
      ],
      "title": "(iii)",
      "sequence_number": 3,
      "depth": 2,
      "level_label": "Subtopic",
      "has_notes": true
    },
    {
      "path": "FUNCTIONS > 2. Social and Economic Functions > (iv)",
      "path_titles": [
        "FUNCTIONS",
        "2. Social and Economic Functions",
        "(iv)"
      ],
      "title": "(iv)",
      "sequence_number": 4,
      "depth": 2,
      "level_label": "Subtopic",
      "has_notes": true
    },
    {
      "path": "FUNCTIONS > 3. Judicial Functions",
      "path_titles": [
        "FUNCTIONS",
        "3. Judicial Functions"
      ],
      "title": "3. Judicial Functions",
      "sequence_number": 3,
      "depth": 1,
      "level_label": "Topic",
      "has_notes": true
    },
    {
      "path": "NYAYA PANCHAYATS > (i)",
      "path_titles": [
        "NYAYA PANCHAYATS",
        "(i)"
      ],
      "title": "(i)",
      "sequence_number": 1,
      "depth": 1,
      "level_label": "Topic",
      "has_notes": false
    },
    {
      "path": "NYAYA PANCHAYATS > (ii)",
      "path_titles": [
        "NYAYA PANCHAYATS",
        "(ii)"
      ],
      "title": "(ii)",
      "sequence_number": 2,
      "depth": 1,
      "level_label": "Topic",
      "has_notes": true
    },
    {
      "path": "NYAYA PANCHAYATS > (iii)",
      "path_titles": [
        "NYAYA PANCHAYATS",
        "(iii)"
      ],
      "title": "(iii)",
      "sequence_number": 3,
      "depth": 1,
      "level_label": "Topic",
      "has_notes": true
    },
    {
      "path": "NYAYA PANCHAYATS > (iv)",
      "path_titles": [
        "NYAYA PANCHAYATS",
        "(iv)"
      ],
      "title": "(iv)",
      "sequence_number": 4,
      "depth": 1,
      "level_label": "Topic",
      "has_notes": true
    },
    {
      "path": "NYAYA PANCHAYATS > (v)",
      "path_titles": [
        "NYAYA PANCHAYATS",
        "(v)"
      ],
      "title": "(v)",
      "sequence_number": 5,
      "depth": 1,
      "level_label": "Topic",
      "has_notes": true
    },
    {
      "path": "NYAYA PANCHAYATS > (vi)",
      "path_titles": [
        "NYAYA PANCHAYATS",
        "(vi)"
      ],
      "title": "(vi)",
      "sequence_number": 6,
      "depth": 1,
      "level_label": "Topic",
      "has_notes": true
    },
    {
      "path": "NYAYA PANCHAYATS > (vii)",
      "path_titles": [
        "NYAYA PANCHAYATS",
        "(vii)"
      ],
      "title": "(vii)",
      "sequence_number": 7,
      "depth": 1,
      "level_label": "Topic",
      "has_notes": true
    },
    {
      "path": "NYAYA PANCHAYATS > (viii)",
      "path_titles": [
        "NYAYA PANCHAYATS",
        "(viii)"
      ],
      "title": "(viii)",
      "sequence_number": 8,
      "depth": 1,
      "level_label": "Topic",
      "has_notes": true
    },
    {
      "path": "PANCHAYAT SAMITI (AT THE BLOCK LEVEL)",
      "path_titles": [
        "PANCHAYAT SAMITI (AT THE BLOCK LEVEL)"
      ],
      "title": "PANCHAYAT SAMITI (AT THE BLOCK LEVEL)",
      "sequence_number": 14,
      "depth": 0,
      "level_label": "Section",
      "has_notes": true
    },
    {
      "path": "Composition: > (i)",
      "path_titles": [
        "Composition:",
        "(i)"
      ],
      "title": "(i)",
      "sequence_number": 1,
      "depth": 1,
      "level_label": "Topic",
      "has_notes": true
    },
    {
      "path": "Composition: > (ii)",
      "path_titles": [
        "Composition:",
        "(ii)"
      ],
      "title": "(ii)",
      "sequence_number": 2,
      "depth": 1,
      "level_label": "Topic",
      "has_notes": true
    },
    {
      "path": "Composition: > (iii)",
      "path_titles": [
        "Composition:",
        "(iii)"
      ],
      "title": "(iii)",
      "sequence_number": 3,
      "depth": 1,
      "level_label": "Topic",
      "has_notes": true
    },
    {
      "path": "Composition: > (iv)",
      "path_titles": [
        "Composition:",
        "(iv)"
      ],
      "title": "(iv)",
      "sequence_number": 4,
      "depth": 1,
      "level_label": "Topic",
      "has_notes": true
    },
    {
      "path": "Composition: > (v)",
      "path_titles": [
        "Composition:",
        "(v)"
      ],
      "title": "(v)",
      "sequence_number": 5,
      "depth": 1,
      "level_label": "Topic",
      "has_notes": true
    },
    {
      "path": "Composition: > (vi)",
      "path_titles": [
        "Composition:",
        "(vi)"
      ],
      "title": "(vi)",
      "sequence_number": 6,
      "depth": 1,
      "level_label": "Topic",
      "has_notes": true
    },
    {
      "path": "Office Bearers > Chairperson",
      "path_titles": [
        "Office Bearers",
        "Chairperson"
      ],
      "title": "Chairperson",
      "sequence_number": 1,
      "depth": 1,
      "level_label": "Topic",
      "has_notes": true
    },
    {
      "path": "Office Bearers > Deputy Chairperson",
      "path_titles": [
        "Office Bearers",
        "Deputy Chairperson"
      ],
      "title": "Deputy Chairperson",
      "sequence_number": 2,
      "depth": 1,
      "level_label": "Topic",
      "has_notes": true
    },
    {
      "path": "Office Bearers > Secretary",
      "path_titles": [
        "Office Bearers",
        "Secretary"
      ],
      "title": "Secretary",
      "sequence_number": 3,
      "depth": 1,
      "level_label": "Topic",
      "has_notes": true
    },
    {
      "path": "FUNCTIONS > (i)",
      "path_titles": [
        "FUNCTIONS",
        "(i)"
      ],
      "title": "(i)",
      "sequence_number": 1,
      "depth": 1,
      "level_label": "Topic",
      "has_notes": true
    },
    {
      "path": "FUNCTIONS > (ii)",
      "path_titles": [
        "FUNCTIONS",
        "(ii)"
      ],
      "title": "(ii)",
      "sequence_number": 2,
      "depth": 1,
      "level_label": "Topic",
      "has_notes": true
    },
    {
      "path": "FUNCTIONS > (iii)",
      "path_titles": [
        "FUNCTIONS",
        "(iii)"
      ],
      "title": "(iii)",
      "sequence_number": 3,
      "depth": 1,
      "level_label": "Topic",
      "has_notes": true
    },
    {
      "path": "FUNCTIONS > (iv)",
      "path_titles": [
        "FUNCTIONS",
        "(iv)"
      ],
      "title": "(iv)",
      "sequence_number": 4,
      "depth": 1,
      "level_label": "Topic",
      "has_notes": true
    },
    {
      "path": "VOILA PARISHAD (AT DISTRICT LEVEL)",
      "path_titles": [
        "VOILA PARISHAD (AT DISTRICT LEVEL)"
      ],
      "title": "VOILA PARISHAD (AT DISTRICT LEVEL)",
      "sequence_number": 18,
      "depth": 0,
      "level_label": "Section",
      "has_notes": true
    },
    {
      "path": "COMPOSITION",
      "path_titles": [
        "COMPOSITION"
      ],
      "title": "COMPOSITION",
      "sequence_number": 19,
      "depth": 0,
      "level_label": "Section",
      "has_notes": true
    },
    {
      "path": "Office Bearers > Chairman:",
      "path_titles": [
        "Office Bearers",
        "Chairman:"
      ],
      "title": "Chairman:",
      "sequence_number": 1,
      "depth": 1,
      "level_label": "Topic",
      "has_notes": true
    },
    {
      "path": "Office Bearers > Deputy Chairperson:",
      "path_titles": [
        "Office Bearers",
        "Deputy Chairperson:"
      ],
      "title": "Deputy Chairperson:",
      "sequence_number": 2,
      "depth": 1,
      "level_label": "Topic",
      "has_notes": true
    },
    {
      "path": "Office Bearers > Secretary:",
      "path_titles": [
        "Office Bearers",
        "Secretary:"
      ],
      "title": "Secretary:",
      "sequence_number": 3,
      "depth": 1,
      "level_label": "Topic",
      "has_notes": true
    },
    {
      "path": "FUNCTIONS > (i)",
      "path_titles": [
        "FUNCTIONS",
        "(i)"
      ],
      "title": "(i)",
      "sequence_number": 1,
      "depth": 1,
      "level_label": "Topic",
      "has_notes": true
    },
    {
      "path": "FUNCTIONS > (ii)",
      "path_titles": [
        "FUNCTIONS",
        "(ii)"
      ],
      "title": "(ii)",
      "sequence_number": 2,
      "depth": 1,
      "level_label": "Topic",
      "has_notes": true
    },
    {
      "path": "FUNCTIONS > (iii)",
      "path_titles": [
        "FUNCTIONS",
        "(iii)"
      ],
      "title": "(iii)",
      "sequence_number": 3,
      "depth": 1,
      "level_label": "Topic",
      "has_notes": true
    },
    {
      "path": "FUNCTIONS > (iv)",
      "path_titles": [
        "FUNCTIONS",
        "(iv)"
      ],
      "title": "(iv)",
      "sequence_number": 4,
      "depth": 1,
      "level_label": "Topic",
      "has_notes": true
    },
    {
      "path": "FUNCTIONS > (v)",
      "path_titles": [
        "FUNCTIONS",
        "(v)"
      ],
      "title": "(v)",
      "sequence_number": 5,
      "depth": 1,
      "level_label": "Topic",
      "has_notes": true
    },
    {
      "path": "FUNCTIONS > (vi)",
      "path_titles": [
        "FUNCTIONS",
        "(vi)"
      ],
      "title": "(vi)",
      "sequence_number": 6,
      "depth": 1,
      "level_label": "Topic",
      "has_notes": true
    },
    {
      "path": "FUNCTIONS > (vii)",
      "path_titles": [
        "FUNCTIONS",
        "(vii)"
      ],
      "title": "(vii)",
      "sequence_number": 7,
      "depth": 1,
      "level_label": "Topic",
      "has_notes": true
    },
    {
      "path": "ACHIEVEMENTS OF THE PANCHAYATI RAJ SYSTEM",
      "path_titles": [
        "ACHIEVEMENTS OF THE PANCHAYATI RAJ SYSTEM"
      ],
      "title": "ACHIEVEMENTS OF THE PANCHAYATI RAJ SYSTEM",
      "sequence_number": 22,
      "depth": 0,
      "level_label": "Section",
      "has_notes": true
    }
  ],
  "stray_leaves": [
    {
      "title": "Structure of Village Panchayat, Panchayat Samiti and Zila Parishad",
      "insert_after_index": 83,
      "micro_topics": [],
      "has_notes": true
    }
  ]
}