{
  "syllabus_leaves": [
    {
      "path": "UNITED NATIONS CHILDREN'S FUND (UNICEF) > Headquarters",
      "path_titles": [
        "UNITED NATIONS CHILDREN'S FUND (UNICEF)",
        "Headquarters"
      ],
      "title": "Headquarters",
      "sequence_number": 1,
      "depth": 1,
      "level_label": "Topic",
      "has_notes": true
    },
    {
      "path": "UNITED NATIONS CHILDREN'S FUND (UNICEF) > Finance",
      "path_titles": [
        "UNITED NATIONS CHILDREN'S FUND (UNICEF)",
        "Finance"
      ],
      "title": "Finance",
      "sequence_number": 2,
      "depth": 1,
      "level_label": "Topic",
      "has_notes": true
    },
    {
      "path": "UNITED NATIONS CHILDREN'S FUND (UNICEF) > Objective",
      "path_titles": [
        "UNITED NATIONS CHILDREN'S FUND (UNICEF)",
        "Objective"
      ],
      "title": "Objective",
      "sequence_number": 3,
      "depth": 1,
      "level_label": "Topic",
      "has_notes": true
    },
    {
      "path": "UNITED NATIONS CHILDREN'S FUND (UNICEF) > Functions > UNICEF works for the protection of children in respect of their survival, health, and well-being.",
      "path_titles": [
        "UNITED NATIONS CHILDREN'S FUND (UNICEF)",
        "Functions",
        "UNICEF works for the protection of children in respect of their survival, health, and well-being."
      ],
      "title": "UNICEF works for the protection of children in respect of their survival, health, and well-being.",
      "sequence_number": 1,
      "depth": 2,
      "level_label": "Subtopic",
      "has_notes": true
    },
    {
      "path": "UNITED NATIONS CHILDREN'S FUND (UNICEF) > Functions > It provides funds for training personnel, including health and sanitation workers, teachers and nutritionists.",
      "path_titles": [
        "UNITED NATIONS CHILDREN'S FUND (UNICEF)",
        "Functions",
        "It provides funds for training personnel, including health and sanitation workers, teachers and nutritionists."
      ],
      "title": "It provides funds for training personnel, including health and sanitation workers, teachers and nutritionists.",
      "sequence_number": 2,
      "depth": 2,
      "level_label": "Subtopic",
      "has_notes": true
    },
    {
      "path": "UNITED NATIONS CHILDREN'S FUND (UNICEF) > Functions > It provides technical supplies, equipment and other aids, ranging from paper for textbooks, to equipment and medicines to health clinics, to pipes and pumps for bringing clean water to villages.",
      "path_titles": [
        "UNITED NATIONS CHILDREN'S FUND (UNICEF)",
        "Functions",
        "It provides technical supplies, equipment and other aids, ranging from paper for textbooks, to equipment and medicines to health clinics, to pipes and pumps for bringing clean water to villages."
      ],
      "title": "It provides technical supplies, equipment and other aids, ranging from paper for textbooks, to equipment and medicines to health clinics, to pipes and pumps for bringing clean water to villages.",
      "sequence_number": 3,
      "depth": 2,
      "level_label": "Subtopic",
      "has_notes": true
    },
    {
      "path": "UNITED NATIONS CHILDREN'S FUND (UNICEF) > Functions > It assists governments to plan, develop and extend community-based services in the fields of maternal and child health, nutrition, clean water and sanitation.",
      "path_titles": [
        "UNITED NATIONS CHILDREN'S FUND (UNICEF)",
        "Functions",
        "It assists governments to plan, develop and extend community-based services in the fields of maternal and child health, nutrition, clean water and sanitation."
      ],
      "title": "It assists governments to plan, develop and extend community-based services in the fields of maternal and child health, nutrition, clean water and sanitation.",
      "sequence_number": 4,
      "depth": 2,
      "level_label": "Subtopic",
      "has_notes": true
    },
    {
      "path": "UNITED NATIONS CHILDREN'S FUND (UNICEF) > Functions > It provides help to children and mothers in emergencies arising from natural calamities, civil strife and epidemics.",
      "path_titles": [
        "UNITED NATIONS CHILDREN'S FUND (UNICEF)",
        "Functions",
        "It provides help to children and mothers in emergencies arising from natural calamities, civil strife and epidemics."
      ],
      "title": "It provides help to children and mothers in emergencies arising from natural calamities, civil strife and epidemics.",
      "sequence_number": 5,
      "depth": 2,
      "level_label": "Subtopic",
      "has_notes": true
    },
    {
      "path": "UNITED NATIONS CHILDREN'S FUND (UNICEF) > Functions > It makes effort to prevent diseases like tuberculosis (T.B.), malaria, eye diseases, skin diseases, etc.",
      "path_titles": [
        "UNITED NATIONS CHILDREN'S FUND (UNICEF)",
        "Functions",
        "It makes effort to prevent diseases like tuberculosis (T.B.), malaria, eye diseases, skin diseases, etc."
      ],
      "title": "It makes effort to prevent diseases like tuberculosis (T.B.), malaria, eye diseases, skin diseases, etc.",
      "sequence_number": 6,
      "depth": 2,
      "level_label": "Subtopic",
      "has_notes": true
    },
    {
      "path": "UNITED NATIONS CHILDREN'S FUND (UNICEF) > Functions > UNICEF performs various other functions.",
      "path_titles": [
        "UNITED NATIONS CHILDREN'S FUND (UNICEF)",
        "Functions",
        "UNICEF performs various other functions."
      ],
      "title": "UNICEF performs various other functions.",
      "sequence_number": 7,
      "depth": 2,
      "level_label": "Subtopic",
      "has_notes": true
    },
    {
      "path": "UNITED NATIONS CHILDREN'S FUND (UNICEF) > UNICEF Programmes in India > The government of India has launched in collaboration with UNICEF - the National Mission on Immunisation, the National Mission for Drinking Water and the National Literacy Mission.",
      "path_titles": [
        "UNITED NATIONS CHILDREN'S FUND (UNICEF)",
        "UNICEF Programmes in India",
        "The government of India has launched in collaboration with UNICEF - the National Mission on Immunisation, the National Mission for Drinking Water and the National Literacy Mission."
      ],
      "title": "The government of India has launched in collaboration with UNICEF - the National Mission on Immunisation, the National Mission for Drinking Water and the National Literacy Mission.",
      "sequence_number": 1,
      "depth": 2,
      "level_label": "Subtopic",
      "has_notes": true
    },
    {
      "path": "UNITED NATIONS CHILDREN'S FUND (UNICEF) > UNICEF Programmes in India > Community Development Programme has been started in the rural areas of India with UNICEF's assistance, aimed at maternal and child health.",
      "path_titles": [
        "UNITED NATIONS CHILDREN'S FUND (UNICEF)",
        "UNICEF Programmes in India",
        "Community Development Programme has been started in the rural areas of India with UNICEF's assistance, aimed at maternal and child health."
      ],
      "title": "Community Development Programme has been started in the rural areas of India with UNICEF's assistance, aimed at maternal and child health.",
      "sequence_number": 2,
      "depth": 2,
      "level_label": "Subtopic",
      "has_notes": true
    },
    {
      "path": "UNITED NATIONS CHILDREN'S FUND (UNICEF) > UNICEF Programmes in India > The government's efforts to reduce infant and child mortality due to diarrhoeal diseases were supported by UNICEF for the production of Oral Rehydration Therapy (ORT).",
      "path_titles": [
        "UNITED NATIONS CHILDREN'S FUND (UNICEF)",
        "UNICEF Programmes in India",
        "The government's efforts to reduce infant and child mortality due to diarrhoeal diseases were supported by UNICEF for the production of Oral Rehydration Therapy (ORT)."
      ],
      "title": "The government's efforts to reduce infant and child mortality due to diarrhoeal diseases were supported by UNICEF for the production of Oral Rehydration Therapy (ORT).",
      "sequence_number": 3,
      "depth": 2,
      "level_label": "Subtopic",
      "has_notes": true
    },
    {
      "path": "UNITED NATIONS CHILDREN'S FUND (UNICEF) > UNICEF Programmes in India > UNICEF is a partner of the Indian government in the accelerated rural water supply programme.",
      "path_titles": [
        "UNITED NATIONS CHILDREN'S FUND (UNICEF)",
        "UNICEF Programmes in India",
        "UNICEF is a partner of the Indian government in the accelerated rural water supply programme."
      ],
      "title": "UNICEF is a partner of the Indian government in the accelerated rural water supply programme.",
      "sequence_number": 4,
      "depth": 2,
      "level_label": "Subtopic",
      "has_notes": true
    },
    {
      "path": "UNITED NATIONS CHILDREN'S FUND (UNICEF) > UNICEF Programmes in India > Since the 1990s, the government of India, UNICEF and other UN agencies have been working together for the promotion of iodised salt as the best way of preventing iodine deficiency disorders.",
      "path_titles": [
        "UNITED NATIONS CHILDREN'S FUND (UNICEF)",
        "UNICEF Programmes in India",
        "Since the 1990s, the government of India, UNICEF and other UN agencies have been working together for the promotion of iodised salt as the best way of preventing iodine deficiency disorders."
      ],
      "title": "Since the 1990s, the government of India, UNICEF and other UN agencies have been working together for the promotion of iodised salt as the best way of preventing iodine deficiency disorders.",
      "sequence_number": 5,
      "depth": 2,
      "level_label": "Subtopic",
      "has_notes": true
    },
    {
      "path": "UNITED NATIONS CHILDREN'S FUND (UNICEF) > UNICEF Programmes in India > UNICEF seeks to advance the fulfilment of the rights of all women and children in India to survival, development, participation and protection by reducing social inequalities based on gender, caste, ethnicity or region.",
      "path_titles": [
        "UNITED NATIONS CHILDREN'S FUND (UNICEF)",
        "UNICEF Programmes in India",
        "UNICEF seeks to advance the fulfilment of the rights of all women and children in India to survival, development, participation and protection by reducing social inequalities based on gender, caste, ethnicity or region."
      ],
      "title": "UNICEF seeks to advance the fulfilment of the rights of all women and children in India to survival, development, participation and protection by reducing social inequalities based on gender, caste, ethnicity or region.",
      "sequence_number": 6,
      "depth": 2,
      "level_label": "Subtopic",
      "has_notes": true
    },
    {
      "path": "WORLD HEALTH ORGANIZATION (WHO) > Objective",
      "path_titles": [
        "WORLD HEALTH ORGANIZATION (WHO)",
        "Objective"
      ],
      "title": "Objective",
      "sequence_number": 1,
      "depth": 1,
      "level_label": "Topic",
      "has_notes": true
    },
    {
      "path": "WORLD HEALTH ORGANIZATION (WHO) > Headquarters",
      "path_titles": [
        "WORLD HEALTH ORGANIZATION (WHO)",
        "Headquarters"
      ],
      "title": "Headquarters",
      "sequence_number": 2,
      "depth": 1,
      "level_label": "Topic",
      "has_notes": true
    },
    {
      "path": "WORLD HEALTH ORGANIZATION (WHO) > Functions > It helps countries to improve their health system by building up infrastructure especially manpower, institutions and services for the individual and community.",
      "path_titles": [
        "WORLD HEALTH ORGANIZATION (WHO)",
        "Functions",
        "It helps countries to improve their health system by building up infrastructure especially manpower, institutions and services for the individual and community."
      ],
      "title": "It helps countries to improve their health system by building up infrastructure especially manpower, institutions and services for the individual and community.",
      "sequence_number": 1,
      "depth": 2,
      "level_label": "Subtopic",
      "has_notes": true
    },
    {
      "path": "WORLD HEALTH ORGANIZATION (WHO) > Functions > It gives important drugs needed for medical care.",
      "path_titles": [
        "WORLD HEALTH ORGANIZATION (WHO)",
        "Functions",
        "It gives important drugs needed for medical care."
      ],
      "title": "It gives important drugs needed for medical care.",
      "sequence_number": 2,
      "depth": 2,
      "level_label": "Subtopic",
      "has_notes": true
    },
    {
      "path": "WORLD HEALTH ORGANIZATION (WHO) > Achievements of WHO",
      "path_titles": [
        "WORLD HEALTH ORGANIZATION (WHO)",
        "Achievements of WHO"
      ],
      "title": "Achievements of WHO",
      "sequence_number": 4,
      "depth": 1,
      "level_label": "Topic",
      "has_notes": true
    },
    {
      "path": "UNITED NATIONS EDUCATIONAL, SCIENTIFIC AND CULTURAL ORGANIZATION (UNESCO) > Objectives and Headquarters",
      "path_titles": [
        "UNITED NATIONS EDUCATIONAL, SCIENTIFIC AND CULTURAL ORGANIZATION (UNESCO)",
        "Objectives and Headquarters"
      ],
      "title": "Objectives and Headquarters",
      "sequence_number": 1,
      "depth": 1,
      "level_label": "Topic",
      "has_notes": true
    },
    {
      "path": "UNITED NATIONS EDUCATIONAL, SCIENTIFIC AND CULTURAL ORGANIZATION (UNESCO) > Functions > Education",
      "path_titles": [
        "UNITED NATIONS EDUCATIONAL, SCIENTIFIC AND CULTURAL ORGANIZATION (UNESCO)",
        "Functions",
        "Education"
      ],
      "title": "Education",
      "sequence_number": 1,
      "depth": 2,
      "level_label": "Subtopic",
      "has_notes": true
    },
    {
      "path": "UNITED NATIONS EDUCATIONAL, SCIENTIFIC AND CULTURAL ORGANIZATION (UNESCO) > Functions > Scientific activities",
      "path_titles": [
        "UNITED NATIONS EDUCATIONAL, SCIENTIFIC AND CULTURAL ORGANIZATION (UNESCO)",
        "Functions",
        "Scientific activities"
      ],
      "title": "Scientific activities",
      "sequence_number": 2,
      "depth": 2,
      "level_label": "Subtopic",
      "has_notes": true
    },
    {
      "path": "UNITED NATIONS EDUCATIONAL, SCIENTIFIC AND CULTURAL ORGANIZATION (UNESCO) > Functions > Communication",
      "path_titles": [
        "UNITED NATIONS EDUCATIONAL, SCIENTIFIC AND CULTURAL ORGANIZATION (UNESCO)",
        "Functions",
        "Communication"
      ],
      "title": "Communication",
      "sequence_number": 3,
      "depth": 2,
      "level_label": "Subtopic",
      "has_notes": true
    },
    {
      "path": "UNITED NATIONS EDUCATIONAL, SCIENTIFIC AND CULTURAL ORGANIZATION (UNESCO) > Functions > Preservation of Cultural Heritage > WORLD HERITAGE LIST",
      "path_titles": [
        "UNITED NATIONS EDUCATIONAL, SCIENTIFIC AND CULTURAL ORGANIZATION (UNESCO)",
        "Functions",
        "Preservation of Cultural Heritage",
        "WORLD HERITAGE LIST"
      ],
      "title": "WORLD HERITAGE LIST",
      "sequence_number": 1,
      "depth": 3,
      "level_label": "Point",
      "has_notes": true
    },
    {
      "path": "UNITED NATIONS EDUCATIONAL, SCIENTIFIC AND CULTURAL ORGANIZATION (UNESCO) > Functions > Preservation of Cultural Heritage > MANUSCRIPTS",
      "path_titles": [
        "UNITED NATIONS EDUCATIONAL, SCIENTIFIC AND CULTURAL ORGANIZATION (UNESCO)",
        "Functions",
        "Preservation of Cultural Heritage",
        "MANUSCRIPTS"
      ],
      "title": "MANUSCRIPTS",
      "sequence_number": 2,
      "depth": 3,
      "level_label": "Point",
      "has_notes": true
    },
    {
      "path": "UNITED NATIONS EDUCATIONAL, SCIENTIFIC AND CULTURAL ORGANIZATION (UNESCO) > Functions > Preservation of Cultural Heritage > INTANGIBLE CULTURAL HERITAGE (ICH)",
      "path_titles": [
        "UNITED NATIONS EDUCATIONAL, SCIENTIFIC AND CULTURAL ORGANIZATION (UNESCO)",
        "Functions",
        "Preservation of Cultural Heritage",
        "INTANGIBLE CULTURAL HERITAGE (ICH)"
      ],
      "title": "INTANGIBLE CULTURAL HERITAGE (ICH)",
      "sequence_number": 3,
      "depth": 3,
      "level_label": "Point",
      "has_notes": true
    },
    {
      "path": "UNITED NATIONS EDUCATIONAL, SCIENTIFIC AND CULTURAL ORGANIZATION (UNESCO) > Functions > ART",
      "path_titles": [
        "UNITED NATIONS EDUCATIONAL, SCIENTIFIC AND CULTURAL ORGANIZATION (UNESCO)",
        "Functions",
        "ART"
      ],
      "title": "ART",
      "sequence_number": 5,
      "depth": 2,
      "level_label": "Subtopic",
      "has_notes": true
    },
    {
      "path": "UNITED NATIONS EDUCATIONAL, SCIENTIFIC AND CULTURAL ORGANIZATION (UNESCO) > Functions > FILMS",
      "path_titles": [
        "UNITED NATIONS EDUCATIONAL, SCIENTIFIC AND CULTURAL ORGANIZATION (UNESCO)",
        "Functions",
        "FILMS"
      ],
      "title": "FILMS",
      "sequence_number": 6,
      "depth": 2,
      "level_label": "Subtopic",
      "has_notes": true
    },
    {
      "path": "UNITED NATIONS EDUCATIONAL, SCIENTIFIC AND CULTURAL ORGANIZATION (UNESCO) > Functions > TRAVEL GRANTS",
      "path_titles": [
        "UNITED NATIONS EDUCATIONAL, SCIENTIFIC AND CULTURAL ORGANIZATION (UNESCO)",
        "Functions",
        "TRAVEL GRANTS"
      ],
      "title": "TRAVEL GRANTS",
      "sequence_number": 7,
      "depth": 2,
      "level_label": "Subtopic",
      "has_notes": true
    },
    {
      "path": "UNITED NATIONS EDUCATIONAL, SCIENTIFIC AND CULTURAL ORGANIZATION (UNESCO) > India's Association with UNESCO",
      "path_titles": [
        "UNITED NATIONS EDUCATIONAL, SCIENTIFIC AND CULTURAL ORGANIZATION (UNESCO)",
        "India's Association with UNESCO"
      ],
      "title": "India's Association with UNESCO",
      "sequence_number": 3,
      "depth": 1,
      "level_label": "Topic",
      "has_notes": true
    }
  ],
  "stray_leaves": []
}