{
  "syllabus_leaves": [
    {
      "path": "The Quit India Movement > Causes (failure of the Cripps Mission (clauses will not be tested), Japanese threat), Quit India Resolution and the significance of the Movement.",
      "path_titles": [
        "The Quit India Movement",
        "Causes (failure of the Cripps Mission (clauses will not be tested), Japanese threat), Quit India Resolution and the significance of the Movement."
      ],
      "title": "Causes (failure of the Cripps Mission (clauses will not be tested), Japanese threat), Quit India Resolution and the significance of the Movement.",
      "sequence_number": 1,
      "depth": 1,
      "level_label": "Topic",
      "has_notes": true
    },
    {
      "path": "EVENTS LEADING TO QUIT INDIA MOVEMENT > Resignation of the Congress Ministries:",
      "path_titles": [
        "EVENTS LEADING TO QUIT INDIA MOVEMENT",
        "Resignation of the Congress Ministries:"
      ],
      "title": "Resignation of the Congress Ministries:",
      "sequence_number": 1,
      "depth": 1,
      "level_label": "Topic",
      "has_notes": true
    },
    {
      "path": "EVENTS LEADING TO QUIT INDIA MOVEMENT > August Offer (1940):",
      "path_titles": [
        "EVENTS LEADING TO QUIT INDIA MOVEMENT",
        "August Offer (1940):"
      ],
      "title": "August Offer (1940):",
      "sequence_number": 2,
      "depth": 1,
      "level_label": "Topic",
      "has_notes": true
    },
    {
      "path": "EVENTS LEADING TO QUIT INDIA MOVEMENT > The Cripps Mission (1942):",
      "path_titles": [
        "EVENTS LEADING TO QUIT INDIA MOVEMENT",
        "The Cripps Mission (1942):"
      ],
      "title": "The Cripps Mission (1942):",
      "sequence_number": 3,
      "depth": 1,
      "level_label": "Topic",
      "has_notes": true
    },
    {
      "path": "EVENTS LEADING TO QUIT INDIA MOVEMENT > Failure of the Cripps Mission:",
      "path_titles": [
        "EVENTS LEADING TO QUIT INDIA MOVEMENT",
        "Failure of the Cripps Mission:"
      ],
      "title": "Failure of the Cripps Mission:",
      "sequence_number": 4,
      "depth": 1,
      "level_label": "Topic",
      "has_notes": true
    },
    {
      "path": "EVENTS LEADING TO QUIT INDIA MOVEMENT > Japanese Threat:",
      "path_titles": [
        "EVENTS LEADING TO QUIT INDIA MOVEMENT",
        "Japanese Threat:"
      ],
      "title": "Japanese Threat:",
      "sequence_number": 5,
      "depth": 1,
      "level_label": "Topic",
      "has_notes": true
    },
    {
      "path": "QUIT INDIA RESOLUTION",
      "path_titles": [
        "QUIT INDIA RESOLUTION"
      ],
      "title": "QUIT INDIA RESOLUTION",
      "sequence_number": 3,
      "depth": 0,
      "level_label": "Section",
      "has_notes": true
    },
    {
      "path": "The Quit India Movement",
      "path_titles": [
        "The Quit India Movement"
      ],
      "title": "The Quit India Movement",
      "sequence_number": 4,
      "depth": 0,
      "level_label": "Section",
      "has_notes": true
    },
    {
      "path": "Government's Repressive Measures",
      "path_titles": [
        "Government's Repressive Measures"
      ],
      "title": "Government's Repressive Measures",
      "sequence_number": 5,
      "depth": 0,
      "level_label": "Section",
      "has_notes": true
    },
    {
      "path": "The Significance of the Quit India Movement",
      "path_titles": [
        "The Significance of the Quit India Movement"
      ],
      "title": "The Significance of the Quit India Movement",
      "sequence_number": 6,
      "depth": 0,
      "level_label": "Section",
      "has_notes": true
    },
    {
      "path": "CHAPTER AT A GLANCE > August Offer:",
      "path_titles": [
        "CHAPTER AT A GLANCE",
        "August Offer:"
      ],
      "title": "August Offer:",
      "sequence_number": 1,
      "depth": 1,
      "level_label": "Topic",
      "has_notes": true
    },
    {
      "path": "CHAPTER AT A GLANCE > The Cripps Mission:",
      "path_titles": [
        "CHAPTER AT A GLANCE",
        "The Cripps Mission:"
      ],
      "title": "The Cripps Mission:",
      "sequence_number": 2,
      "depth": 1,
      "level_label": "Topic",
      "has_notes": true
    },
    {
      "path": "CHAPTER AT A GLANCE > Japanese Threat:",
      "path_titles": [
        "CHAPTER AT A GLANCE",
        "Japanese Threat:"
      ],
      "title": "Japanese Threat:",
      "sequence_number": 3,
      "depth": 1,
      "level_label": "Topic",
      "has_notes": true
    },
    {
      "path": "CHAPTER AT A GLANCE > Quit India Resolution:",
      "path_titles": [
        "CHAPTER AT A GLANCE",
        "Quit India Resolution:"
      ],
      "title": "Quit India Resolution:",
      "sequence_number": 4,
      "depth": 1,
      "level_label": "Topic",
      "has_notes": true
    },
    {
      "path": "CHAPTER AT A GLANCE > The Significance of the Quit India Movement:",
      "path_titles": [
        "CHAPTER AT A GLANCE",
        "The Significance of the Quit India Movement:"
      ],
      "title": "The Significance of the Quit India Movement:",
      "sequence_number": 5,
      "depth": 1,
      "level_label": "Topic",
      "has_notes": true
    },
    {
      "path": "EXERCISES > Multiple-Choice Questions",
      "path_titles": [
        "EXERCISES",
        "Multiple-Choice Questions"
      ],
      "title": "Multiple-Choice Questions",
      "sequence_number": 1,
      "depth": 1,
      "level_label": "Topic",
      "has_notes": false
    },
    {
      "path": "EXERCISES > Short Answer Questions",
      "path_titles": [
        "EXERCISES",
        "Short Answer Questions"
      ],
      "title": "Short Answer Questions",
      "sequence_number": 2,
      "depth": 1,
      "level_label": "Topic",
      "has_notes": false
    },
    {
      "path": "EXERCISES > Structured Questions",
      "path_titles": [
        "EXERCISES",
        "Structured Questions"
      ],
      "title": "Structured Questions",
      "sequence_number": 3,
      "depth": 1,
      "level_label": "Topic",
      "has_notes": false
    },
    {
      "path": "EXERCISES > Higher Order Thinking Skills (HOTS)",
      "path_titles": [
        "EXERCISES",
        "Higher Order Thinking Skills (HOTS)"
      ],
      "title": "Higher Order Thinking Skills (HOTS)",
      "sequence_number": 4,
      "depth": 1,
      "level_label": "Topic",
      "has_notes": false
    }
  ],
  "stray_leaves": [
    {
      "title": "Resignation of the Congress Ministries:",
      "insert_after_index": -1,
      "micro_topics": [],
      "has_notes": true
    },
    {
      "title": "August Offer (1940):",
      "insert_after_index": -1,
      "micro_topics": [],
      "has_notes": true
    },
    {
      "title": "The Cripps Mission (1942):",
      "insert_after_index": -1,
      "micro_topics": [],
      "has_notes": true
    },
    {
      "title": "The Quit India Movement",
      "insert_after_index": 1,
      "micro_topics": [],
      "has_notes": true
    },
    {
      "title": "Government's Repressive Measures",
      "insert_after_index": 1,
      "micro_topics": [],
      "has_notes": true
    }
  ]
}