{
  "syllabus_leaves": [
    {
      "path": "CAUSES OF THE INDUSTRIAL REVOLUTION > Congenial Atmosphere",
      "path_titles": [
        "CAUSES OF THE INDUSTRIAL REVOLUTION",
        "Congenial Atmosphere"
      ],
      "title": "Congenial Atmosphere",
      "sequence_number": 1,
      "depth": 1,
      "level_label": "Topic",
      "has_notes": true
    },
    {
      "path": "CAUSES OF THE INDUSTRIAL REVOLUTION > Colonial Empire",
      "path_titles": [
        "CAUSES OF THE INDUSTRIAL REVOLUTION",
        "Colonial Empire"
      ],
      "title": "Colonial Empire",
      "sequence_number": 2,
      "depth": 1,
      "level_label": "Topic",
      "has_notes": true
    },
    {
      "path": "CAUSES OF THE INDUSTRIAL REVOLUTION > Availability of Natural Resources",
      "path_titles": [
        "CAUSES OF THE INDUSTRIAL REVOLUTION",
        "Availability of Natural Resources"
      ],
      "title": "Availability of Natural Resources",
      "sequence_number": 3,
      "depth": 1,
      "level_label": "Topic",
      "has_notes": true
    },
    {
      "path": "CAUSES OF THE INDUSTRIAL REVOLUTION > Increase in the Demand for Goods",
      "path_titles": [
        "CAUSES OF THE INDUSTRIAL REVOLUTION",
        "Increase in the Demand for Goods"
      ],
      "title": "Increase in the Demand for Goods",
      "sequence_number": 4,
      "depth": 1,
      "level_label": "Topic",
      "has_notes": true
    },
    {
      "path": "CAUSES OF THE INDUSTRIAL REVOLUTION > Availability of Labour",
      "path_titles": [
        "CAUSES OF THE INDUSTRIAL REVOLUTION",
        "Availability of Labour"
      ],
      "title": "Availability of Labour",
      "sequence_number": 5,
      "depth": 1,
      "level_label": "Topic",
      "has_notes": true
    },
    {
      "path": "CAUSES OF THE INDUSTRIAL REVOLUTION > Effective Transport System",
      "path_titles": [
        "CAUSES OF THE INDUSTRIAL REVOLUTION",
        "Effective Transport System"
      ],
      "title": "Effective Transport System",
      "sequence_number": 6,
      "depth": 1,
      "level_label": "Topic",
      "has_notes": true
    },
    {
      "path": "CAUSES OF THE INDUSTRIAL REVOLUTION > Use of Steam",
      "path_titles": [
        "CAUSES OF THE INDUSTRIAL REVOLUTION",
        "Use of Steam"
      ],
      "title": "Use of Steam",
      "sequence_number": 7,
      "depth": 1,
      "level_label": "Topic",
      "has_notes": true
    },
    {
      "path": "COMPARATIVE STUDY OF CAPITALISM AND SOCIALISM > CAPITALISM",
      "path_titles": [
        "COMPARATIVE STUDY OF CAPITALISM AND SOCIALISM",
        "CAPITALISM"
      ],
      "title": "CAPITALISM",
      "sequence_number": 1,
      "depth": 1,
      "level_label": "Topic",
      "has_notes": true
    },
    {
      "path": "Causes for the Rise of Capitalism > Increase in Population",
      "path_titles": [
        "Causes for the Rise of Capitalism",
        "Increase in Population"
      ],
      "title": "Increase in Population",
      "sequence_number": 1,
      "depth": 1,
      "level_label": "Topic",
      "has_notes": true
    },
    {
      "path": "Causes for the Rise of Capitalism > Degal Requirement",
      "path_titles": [
        "Causes for the Rise of Capitalism",
        "Degal Requirement"
      ],
      "title": "Degal Requirement",
      "sequence_number": 2,
      "depth": 1,
      "level_label": "Topic",
      "has_notes": true
    },
    {
      "path": "Causes for the Rise of Capitalism > Growth of Towns",
      "path_titles": [
        "Causes for the Rise of Capitalism",
        "Growth of Towns"
      ],
      "title": "Growth of Towns",
      "sequence_number": 3,
      "depth": 1,
      "level_label": "Topic",
      "has_notes": true
    },
    {
      "path": "Causes for the Rise of Capitalism > Mass Production",
      "path_titles": [
        "Causes for the Rise of Capitalism",
        "Mass Production"
      ],
      "title": "Mass Production",
      "sequence_number": 4,
      "depth": 1,
      "level_label": "Topic",
      "has_notes": true
    },
    {
      "path": "Causes for the Rise of Capitalism > Disappearance of Small Farmers",
      "path_titles": [
        "Causes for the Rise of Capitalism",
        "Disappearance of Small Farmers"
      ],
      "title": "Disappearance of Small Farmers",
      "sequence_number": 5,
      "depth": 1,
      "level_label": "Topic",
      "has_notes": true
    },
    {
      "path": "IMPACT OF CAPITALISM > Loss of Traditional Jobs",
      "path_titles": [
        "IMPACT OF CAPITALISM",
        "Loss of Traditional Jobs"
      ],
      "title": "Loss of Traditional Jobs",
      "sequence_number": 1,
      "depth": 1,
      "level_label": "Topic",
      "has_notes": true
    },
    {
      "path": "IMPACT OF CAPITALISM > Exploitation",
      "path_titles": [
        "IMPACT OF CAPITALISM",
        "Exploitation"
      ],
      "title": "Exploitation",
      "sequence_number": 2,
      "depth": 1,
      "level_label": "Topic",
      "has_notes": true
    },
    {
      "path": "IMPACT OF CAPITALISM > Stress and Strain",
      "path_titles": [
        "IMPACT OF CAPITALISM",
        "Stress and Strain"
      ],
      "title": "Stress and Strain",
      "sequence_number": 3,
      "depth": 1,
      "level_label": "Topic",
      "has_notes": true
    },
    {
      "path": "IMPACT OF CAPITALISM > Overcrowding",
      "path_titles": [
        "IMPACT OF CAPITALISM",
        "Overcrowding"
      ],
      "title": "Overcrowding",
      "sequence_number": 4,
      "depth": 1,
      "level_label": "Topic",
      "has_notes": true
    },
    {
      "path": "SOCIALISM > Meaning of Socialism",
      "path_titles": [
        "SOCIALISM",
        "Meaning of Socialism"
      ],
      "title": "Meaning of Socialism",
      "sequence_number": 1,
      "depth": 1,
      "level_label": "Topic",
      "has_notes": true
    },
    {
      "path": "Early Socialists",
      "path_titles": [
        "Early Socialists"
      ],
      "title": "Early Socialists",
      "sequence_number": 6,
      "depth": 0,
      "level_label": "Section",
      "has_notes": true
    },
    {
      "path": "CAUSES FOR THE RISE OF SOCIALISM > As a Reaction to the Evils of Capitalism",
      "path_titles": [
        "CAUSES FOR THE RISE OF SOCIALISM",
        "As a Reaction to the Evils of Capitalism"
      ],
      "title": "As a Reaction to the Evils of Capitalism",
      "sequence_number": 1,
      "depth": 1,
      "level_label": "Topic",
      "has_notes": true
    },
    {
      "path": "CAUSES FOR THE RISE OF SOCIALISM > Trade Union Movement",
      "path_titles": [
        "CAUSES FOR THE RISE OF SOCIALISM",
        "Trade Union Movement"
      ],
      "title": "Trade Union Movement",
      "sequence_number": 2,
      "depth": 1,
      "level_label": "Topic",
      "has_notes": true
    },
    {
      "path": "CAUSES FOR THE RISE OF SOCIALISM > The Chartist Movement",
      "path_titles": [
        "CAUSES FOR THE RISE OF SOCIALISM",
        "The Chartist Movement"
      ],
      "title": "The Chartist Movement",
      "sequence_number": 3,
      "depth": 1,
      "level_label": "Topic",
      "has_notes": true
    },
    {
      "path": "MARXIST SOCIALISM",
      "path_titles": [
        "MARXIST SOCIALISM"
      ],
      "title": "MARXIST SOCIALISM",
      "sequence_number": 8,
      "depth": 0,
      "level_label": "Section",
      "has_notes": true
    }
  ],
  "stray_leaves": [
    {
      "title": "Definition of Industrial Revolution",
      "insert_after_index": 0,
      "micro_topics": [],
      "has_notes": true
    },
    {
      "title": "Comparative Study Between Capitalism and Socialism",
      "insert_after_index": 28,
      "micro_topics": [],
      "has_notes": true
    }
  ]
}