{
  "syllabus_leaves": [
    {
      "path": "SYLLABUS > Medieval India (A) The Cholas",
      "path_titles": [
        "SYLLABUS",
        "Medieval India (A) The Cholas"
      ],
      "title": "Medieval India (A) The Cholas",
      "sequence_number": 1,
      "depth": 1,
      "level_label": "Topic",
      "has_notes": true
    },
    {
      "path": "SYLLABUS > Sources: Inscriptions, Brihadeshwara Temple.",
      "path_titles": [
        "SYLLABUS",
        "Sources: Inscriptions, Brihadeshwara Temple."
      ],
      "title": "Sources: Inscriptions, Brihadeshwara Temple.",
      "sequence_number": 2,
      "depth": 1,
      "level_label": "Topic",
      "has_notes": true
    },
    {
      "path": "SYLLABUS > Political history and administration (Rajaraja I, Rajendra I).",
      "path_titles": [
        "SYLLABUS",
        "Political history and administration (Rajaraja I, Rajendra I)."
      ],
      "title": "Political history and administration (Rajaraja I, Rajendra I).",
      "sequence_number": 3,
      "depth": 1,
      "level_label": "Topic",
      "has_notes": true
    },
    {
      "path": "SOURCES > 1. Inscriptions: > (1)",
      "path_titles": [
        "SOURCES",
        "1. Inscriptions:",
        "(1)"
      ],
      "title": "(1)",
      "sequence_number": 1,
      "depth": 2,
      "level_label": "Subtopic",
      "has_notes": true
    },
    {
      "path": "SOURCES > 1. Inscriptions: > (ii)",
      "path_titles": [
        "SOURCES",
        "1. Inscriptions:",
        "(ii)"
      ],
      "title": "(ii)",
      "sequence_number": 2,
      "depth": 2,
      "level_label": "Subtopic",
      "has_notes": true
    },
    {
      "path": "SOURCES > 1. Inscriptions: > (iii)",
      "path_titles": [
        "SOURCES",
        "1. Inscriptions:",
        "(iii)"
      ],
      "title": "(iii)",
      "sequence_number": 3,
      "depth": 2,
      "level_label": "Subtopic",
      "has_notes": true
    },
    {
      "path": "SOURCES > 1. Inscriptions: > (iv)",
      "path_titles": [
        "SOURCES",
        "1. Inscriptions:",
        "(iv)"
      ],
      "title": "(iv)",
      "sequence_number": 4,
      "depth": 2,
      "level_label": "Subtopic",
      "has_notes": true
    },
    {
      "path": "SOURCES > 1. Inscriptions: > (v)",
      "path_titles": [
        "SOURCES",
        "1. Inscriptions:",
        "(v)"
      ],
      "title": "(v)",
      "sequence_number": 5,
      "depth": 2,
      "level_label": "Subtopic",
      "has_notes": true
    },
    {
      "path": "SOURCES > 2. The Brihadeshwara temple: > (i)",
      "path_titles": [
        "SOURCES",
        "2. The Brihadeshwara temple:",
        "(i)"
      ],
      "title": "(i)",
      "sequence_number": 1,
      "depth": 2,
      "level_label": "Subtopic",
      "has_notes": true
    },
    {
      "path": "SOURCES > 2. The Brihadeshwara temple: > (ii)",
      "path_titles": [
        "SOURCES",
        "2. The Brihadeshwara temple:",
        "(ii)"
      ],
      "title": "(ii)",
      "sequence_number": 2,
      "depth": 2,
      "level_label": "Subtopic",
      "has_notes": true
    },
    {
      "path": "SOURCES > 2. The Brihadeshwara temple: > (iii)",
      "path_titles": [
        "SOURCES",
        "2. The Brihadeshwara temple:",
        "(iii)"
      ],
      "title": "(iii)",
      "sequence_number": 3,
      "depth": 2,
      "level_label": "Subtopic",
      "has_notes": true
    },
    {
      "path": "POLITICAL HISTORY > Rajaraja I:",
      "path_titles": [
        "POLITICAL HISTORY",
        "Rajaraja I:"
      ],
      "title": "Rajaraja I:",
      "sequence_number": 1,
      "depth": 1,
      "level_label": "Topic",
      "has_notes": true
    },
    {
      "path": "POLITICAL HISTORY > Rajendra Chola:",
      "path_titles": [
        "POLITICAL HISTORY",
        "Rajendra Chola:"
      ],
      "title": "Rajendra Chola:",
      "sequence_number": 2,
      "depth": 1,
      "level_label": "Topic",
      "has_notes": true
    },
    {
      "path": "THE CHOLA ADMINISTRATION > Central Government:",
      "path_titles": [
        "THE CHOLA ADMINISTRATION",
        "Central Government:"
      ],
      "title": "Central Government:",
      "sequence_number": 1,
      "depth": 1,
      "level_label": "Topic",
      "has_notes": true
    },
    {
      "path": "THE CHOLA ADMINISTRATION > Provincial Government:",
      "path_titles": [
        "THE CHOLA ADMINISTRATION",
        "Provincial Government:"
      ],
      "title": "Provincial Government:",
      "sequence_number": 2,
      "depth": 1,
      "level_label": "Topic",
      "has_notes": true
    },
    {
      "path": "THE CHOLA ADMINISTRATION > Local Self-Government:",
      "path_titles": [
        "THE CHOLA ADMINISTRATION",
        "Local Self-Government:"
      ],
      "title": "Local Self-Government:",
      "sequence_number": 3,
      "depth": 1,
      "level_label": "Topic",
      "has_notes": true
    },
    {
      "path": "The Revenue:",
      "path_titles": [
        "The Revenue:"
      ],
      "title": "The Revenue:",
      "sequence_number": 5,
      "depth": 0,
      "level_label": "Section",
      "has_notes": true
    },
    {
      "path": "The Chola Art:",
      "path_titles": [
        "The Chola Art:"
      ],
      "title": "The Chola Art:",
      "sequence_number": 6,
      "depth": 0,
      "level_label": "Section",
      "has_notes": true
    },
    {
      "path": "EXERCISES > I. Multiple-Choice Questions",
      "path_titles": [
        "EXERCISES",
        "I. Multiple-Choice Questions"
      ],
      "title": "I. Multiple-Choice Questions",
      "sequence_number": 1,
      "depth": 1,
      "level_label": "Topic",
      "has_notes": false
    },
    {
      "path": "EXERCISES > II. Short Answer Questions",
      "path_titles": [
        "EXERCISES",
        "II. Short Answer Questions"
      ],
      "title": "II. Short Answer Questions",
      "sequence_number": 2,
      "depth": 1,
      "level_label": "Topic",
      "has_notes": false
    },
    {
      "path": "EXERCISES > III. Structured Questions",
      "path_titles": [
        "EXERCISES",
        "III. Structured Questions"
      ],
      "title": "III. Structured Questions",
      "sequence_number": 3,
      "depth": 1,
      "level_label": "Topic",
      "has_notes": false
    },
    {
      "path": "EXERCISES > IV. Thinking Skills",
      "path_titles": [
        "EXERCISES",
        "IV. Thinking Skills"
      ],
      "title": "IV. Thinking Skills",
      "sequence_number": 4,
      "depth": 1,
      "level_label": "Topic",
      "has_notes": false
    }
  ],
  "stray_leaves": [
    {
      "title": "Introduction",
      "insert_after_index": 3,
      "micro_topics": [],
      "has_notes": true
    },
    {
      "title": "THINK ABOUT IT.",
      "insert_after_index": 21,
      "micro_topics": [],
      "has_notes": true
    }
  ]
}