{
  "board": "ICSE",
  "grade": 9,
  "subject": "HistoryCivics",
  "book_slug": "TotalHistoryCivics_MorningStar_DollyESequeira",
  "book_meta": {
    "book_name": "Total History & Civics",
    "publication": "Morning Star",
    "author": "Dolly E. Sequeira"
  },
  "chapter_sequence_number": 4,
  "chapter_title": "The Mauryan Empire",
  "discipline": "history",
  "reconciliation": {
    "outline": [
      "THE MAURYAS",
      "SOURCES",
      "LITERARY SOURCES",
      "(i) Arthashastra of Kautilya",
      "(ii) Indika",
      "ARCHAEOLOGICAL SOURCES",
      "(i) Edicts of Ashoka",
      "(ii) Sanchi Stupa",
      "THE MAURYAN EMPIRE",
      "CHANDRAGUPTA MAURYA",
      "BINDUSARA",
      "ASHOKA",
      "Kalinga War",
      "Consequences of Kalinga War",
      "Extent of Ashoka's Empire",
      "MAURYAN ADMINISTRATION",
      "Pan-Indian Character",
      "Administration",
      "Civil Administration",
      "(i) Central Government",
      "(ii) Provincial Government",
      "(iii) District Administration",
      "(iv) Administration of Cities",
      "(v) The Revenue System",
      "(vi) The Spy System",
      "(vii) Military Administration",
      "ASHOKA'S DHAMMA",
      "Principles of Dhamma",
      "IMPACT OF DHAMMA ON ASHOKA'S IMPERIAL POLICY"
    ],
    "in_syllabus_only": [],
    "in_pdf_only": [
      {
        "title": "Civil Administration",
        "insert_after_index": 17,
        "micro_topics": []
      },
      {
        "title": "(i) Central Government",
        "insert_after_index": 17,
        "micro_topics": []
      },
      {
        "title": "(ii) Provincial Government",
        "insert_after_index": 17,
        "micro_topics": []
      },
      {
        "title": "(iii) District Administration",
        "insert_after_index": 17,
        "micro_topics": []
      },
      {
        "title": "(iv) Administration of Cities",
        "insert_after_index": 17,
        "micro_topics": []
      },
      {
        "title": "(v) The Revenue System",
        "insert_after_index": 17,
        "micro_topics": []
      },
      {
        "title": "(vi) The Spy System",
        "insert_after_index": 17,
        "micro_topics": []
      },
      {
        "title": "(vii) Military Administration",
        "insert_after_index": 17,
        "micro_topics": []
      }
    ],
    "additional_sections": [
      {
        "title": "Civil Administration",
        "content_md": "Civil Administration: The Civil administration had two main divisions—the Central Government and the Provincial Government."
      },
      {
        "title": "(i) Central Government",
        "content_md": "(i) Central Government: The Mauryan government was centralised and was managed by several officers of different ranks. The king was the supreme authority and his throne was hereditary. He was also the supreme judge. Megasthenes, the Greek ambassador at the court of Chandragupta Maurya, in his book Indica and Chanakya in the Arthashastra, tell us about the Mauryan administration.\nAshoka brought about some changes in the administrative system of Chandragupta Maurya. He appointed Mahamatras (governors) to look after the welfare of his subjects.\nAt the central level, the king was assisted by the council of ministers (Mantri Parishad) headed by the Prime Minister. Each minister was responsible for his department. The council of ministers included the chief Pujari of the state called Purohit; Senapati, who advised the king on matters related to war and peace; the head treasurer called Sannidhata; and Samaharta, the taxation expert. The other important officers were Accountant General, one incharge of agriculture, Superintendent of mines, Superintendent of Ports, Controller of Commerce, as well as the Superintendent of Weights and Measures."
      },
      {
        "title": "(ii) Provincial Government",
        "content_md": "(ii) Provincial Government: Ashoka made alterations only in the central government and not in the provincial government. During his grandfather's time there were four provinces and after the addition of Kalinga in Ashoka's time, there were five provinces as shown below:\n\n| Province | Capital |\n| :--- | :--- |\n| 1. Magadha | Pataliputra |\n| 2. Gandhara (North-western Province) | Takshila |\n| 3. Avanti (Eastern Province) | Ujjain |\n| 4. Southern Province | Swarnagiri |\n| 5. Kalinga | Tosali |\n\nHead of the province was called Kumar or Aryaputra. Only the princes were appointed to this position. During Ashoka's time the Kumar was assisted by the Governor (Mahamatra). According to some rock and pillar edicts of Ashoka, besides the Mahamatra, other officers took active part in the administration of the provinces. Pradeshika collected taxes. Rajuka performed the functions of modern day Tehsildar or revenue officer. The Yukta was the treasurer."
      },
      {
        "title": "(iii) District Administration",
        "content_md": "(iii) District Administration: The provinces were divided into districts called Janapadas. Their administration was looked after by Pradeshika, Rajuka and Yukta."
      },
      {
        "title": "(iv) Administration of Cities",
        "content_md": "(iv) Administration of Cities: Important cities, the capitals of provinces as given earlier, had their own administrative system. The head of the city was called Nagaradhyaksha. According to Megasthenes, the administration of Pataliputra, the capital city of the Mauryan empire was looked after by a committee of 30 members."
      },
      {
        "title": "(v) The Revenue System",
        "content_md": "(v) The Revenue System: The land revenue was the chief source of income in the Mauryan empire. It was one-sixth to one-fourth of the produce. Two kinds of taxes, namely Bali and Bhaga are mentioned in the Edicts of Ashoka. Bhaga was levied on agricultural produce and the cattle at the rate of one-sixth. According to historians Vincent Smith and Shamashastri, Bali was a religious tribute.\nToll tax was imposed on articles which were brought for sale. Taxes were levied on liquor shops and gambling houses. Some taxes were collected from forests and mines. From the revenue collected, the state provided various facilities like roads, irrigation, hospitals and met other expenses of the state."
      },
      {
        "title": "(vi) The Spy System",
        "content_md": "(vi) The Spy System: Chandragupta Maurya had a wide network of spies in his empire. There were spies against the spies and on important matters more than one agent was asked to collect information. The king was always kept informed of the working of the bureaucracy."
      },
      {
        "title": "(vii) Military Administration",
        "content_md": "(vii) Military Administration: Chandragupta Maurya maintained a huge army consisting of infantry, cavalry, elephants and chariots. According to Megasthenes the Mauryan Army consisted of 6,00,000 infantry, 30,000 cavalry, and 9000 war-elephants. According to another source, the Mauryas maintained 8000 chariots. The chief weapons used were bows, arrows, shields, swords, etc.\nThe king was the commander-in-chief of the army. The whole army was under a military commission of thirty members. The Mauryas also had a well-laid recruitment policy. The soldiers were paid salary in cash. The Mauryan king had built forts at strategic places for safety and security of the empire."
      }
    ]
  },
  "nodes": [
    {
      "title": "THE MAURYAS",
      "sequence_number": 1,
      "depth": 0,
      "level_label": "Section",
      "children": [],
      "content_blocks": [
        {
          "content_md": "The **Mauryan empire** was founded in the **4th century BC** by **Chandragupta Maurya**. He organised a powerful army and laid the foundation of a vast empire. He overthrew the **Nandas** from Magadha and the **Greek Satraps** from the North-West Frontier and unified a large part of the Indian subcontinent under his centralised government. His successor **Bindusara** kept the Mauryan Empire intact and further extended its boundaries.\n\n[Image: Chanakya]\n\nThe reign of Bindusara's son, **Ashoka** constitutes one of the brightest periods in the Indian history. After the **Kalinga War**, Ashoka devoted his life to human welfare. He considered his subjects as his children. He built many marvels in art and architecture, some of which have survived up to this day."
        }
      ]
    },
    {
      "title": "SOURCES",
      "sequence_number": 2,
      "depth": 0,
      "level_label": "Section",
      "children": [
        {
          "title": "LITERARY SOURCES",
          "sequence_number": 1,
          "depth": 1,
          "level_label": "Topic",
          "children": [
            {
              "title": "(i) Arthashastra of Kautilya",
              "sequence_number": 1,
              "depth": 2,
              "level_label": "Subtopic",
              "children": [],
              "content_blocks": [
                {
                  "content_md": "Of all the literary sources on the history of the Mauryas, the most important source is the **Arthashastra**, written by **Kautilya**, also known as **Vishnugupta** and **Chanakya**. He was the advisor and Prime Minister of **Chandragupta**. **Arthashastra** is written in **Sanskrit**. It is a comprehensive manual that deals with **politics**, **rules of diplomacy**, **principles of administration** and other such political topics. This book was discovered in **1909** and its English translation is now available."
                }
              ]
            },
            {
              "title": "(ii) Indika",
              "sequence_number": 2,
              "depth": 2,
              "level_label": "Subtopic",
              "children": [],
              "content_blocks": [
                {
                  "content_md": "**Indika**: **Megasthenes** was the **Greek ambassador** at the court of **Chandragupta Maurya**. He was sent as an ambassador to the court by **Seleucus Nicator**, the Greek ruler. He wrote a book named **Indika** which contains his impressions of what he heard and saw during his stay in India. Megasthenes' original **Indika** has been lost, but its fragments still survive in the writings of later Greek authors like **Strabo**, **Arrian** and **Diodorus**. Megasthenes wrote the following account about what he saw in India."
                },
                {
                  "content_md": "\"The occasions on which the emperor appears in public are celebrated with grand royal processions. He is carried in a golden palanquin. His guards ride elephants decorated with gold and silver. Some of the guards carry trees on which live birds, including a flock of trained parrots, circle about the head of the emperor. The king is normally surrounded by armed women. He is afraid that someone may try to kill him. He has special servants to taste the food before he eats. He never sleeps in the same bedroom for two nights\"."
                }
              ]
            }
          ],
          "content_blocks": []
        },
        {
          "title": "ARCHAEOLOGICAL SOURCES",
          "sequence_number": 2,
          "depth": 1,
          "level_label": "Topic",
          "children": [
            {
              "title": "(i) Edicts of Ashoka",
              "sequence_number": 1,
              "depth": 2,
              "level_label": "Subtopic",
              "children": [],
              "content_blocks": [
                {
                  "content_md": "An **edict** is a decree issued by a **Sovereign**. The edicts of Ashoka form the most important source of Mauryan history. They are the oldest, best preserved and precisely dated records of India. These edicts are inscribed on rocks and pillars throughout the country and include **14 Major Rock edicts**, **Seven Pillar edicts** and a number of **Minor Rock edicts**. The inscriptions on these edicts provide a useful insight into the life and ideals of Ashoka in particular and about the history of the Mauryas in general."
                },
                {
                  "content_md": "Except those at Shahbazgarhi and Mansehra, which are inscribed in the **Kharosthi script** running, like Arabic, from right to left, the rest are all engraved in the **Brahmi lipi**, written from left to right."
                },
                {
                  "content_md": "The most important event of Ashoka's reign was the conquest of **Kalinga**. The indescribable sufferings and atrocities of the Kalinga war deeply touched Ashoka's conscience and he made a solemn resolve not to take up arms any more. The war drum (**bherighosha**) was silenced forever, and henceforth were heard only the echoes of '**Dhammaghosha**', the call to **non-violence** and universal peace."
                },
                {
                  "content_md": "[Image: Ashokan Edict]"
                },
                {
                  "content_md": "In pursuance of his policy of **non-violence**, Ashoka prohibited killing of animals for sacrifices; advocated restraint in the number that had to be killed for consumption; protected some of the animals, and in general condemned cruel acts against animals. Reference to protection of animals is made in the **Rock Edict-I** which states,\n\"Formerly, in the great refectory and temple of the heaven-beloved king Piyadasi, daily were many hundred thousand animals sacrificed for the sake of meat food. So even at this day while this religious edict is under promulgation, from the sacrifice of animals for the sake of food, some two are killed, or one is killed; but now the joyful chorus resounds again and again that henceforward not a single animal shall be put do death.\"\n— (As translated by **James Princep**)."
                }
              ]
            },
            {
              "title": "(ii) Sanchi Stupa",
              "sequence_number": 2,
              "depth": 2,
              "level_label": "Subtopic",
              "children": [],
              "content_blocks": [
                {
                  "content_md": "A **stupa** is a semi-spherical solid dome-like structure made of unburnt bricks and stones. The **Buddhist stupa** has special significance. It represents the spiritual body of Buddha containing his **relics** such as hair, teeth or bones. A casket containing these relics is placed at the base of the dome. The foundation of the **Sanchi Stupa** was laid by **Ashoka** at Sanchi about 45 km from Bhopal in Madhya Pradesh. There are four gateways in four directions. They have carved panels depicting events from the life of Buddha and some tales from **Jataka stories**. Buddha is represented by symbols like the peepal tree, lotus, or a wheel. The pillars are surmounted by capitals which contain sculptures of lions. The most important of these capitals is the **Lion Capital**, a sculpture showing four Asiatic lions standing back to back, on an elaborate base that includes other animals. It was officially adopted as the **Emblem of India**, in 1950."
                }
              ]
            }
          ],
          "content_blocks": []
        }
      ],
      "content_blocks": []
    },
    {
      "title": "THE MAURYAN EMPIRE",
      "sequence_number": 3,
      "depth": 0,
      "level_label": "Section",
      "children": [
        {
          "title": "CHANDRAGUPTA MAURYA",
          "sequence_number": 1,
          "depth": 1,
          "level_label": "Topic",
          "children": [],
          "content_blocks": [
            {
              "content_md": "**Chandragupta Maurya** was the founder of the **Mauryan Empire**. Not much is known about his childhood. According to a legend he had been dismissed from the service of **Nandas** who ruled before him. He met **Kautilya** at **Takshila**. Kautilya, who later became famous as **Chanakya**, was the son of a Brahmin. Kautilya too was wronged by the Nandas. He, therefore, joined hands with Chandragupta to destroy the **Nanda dynasty**.\n\nAfter a long series of battles with Chandragupta, the Nanda capital at **Pataliputra** fell. This led to the emergence of a new dynasty — the **Mauryan dynasty** with **Chandragupta Maurya** as the emperor."
            },
            {
              "content_md": "**Alexander**, the Greek ruler had conquered many states in the North-Western part of India. After his death his territories in the Indian subcontinent were taken over by **Chandragupta Maurya**. With the help of **Chanakya** he embarked on the consolidation process of his empire."
            },
            {
              "content_md": "In **305 BC**, India was again attacked by **Seleucus**, a former general under Alexander. **Chandragupta defeated Seleucus**. According to the treaty signed with Seleucus, Chandragupta got **Kabul**, **Kandahar**, **Herat** and **Baluchistan** from the Greek commander. Seleucus gave his daughter **Helen**, in marriage to Chandragupta. After this victory Chandragupta appointed **Pushyagupta** as the governor of his North-Western province. He then proceeded to the south and captured some territories there."
            },
            {
              "content_md": "**Chandragupta's empire** extended from **Kabul** and **Kandahar** in the North-West to **Mysore** in the south; and from **Bengal** in the east to **Saurashtra** in the west."
            },
            {
              "content_md": "According to the **Jain tradition**, after ruling for 24 years, he renounced the world. He handed over the kingdom to his son, **Bindusara**."
            }
          ]
        },
        {
          "title": "BINDUSARA",
          "sequence_number": 2,
          "depth": 1,
          "level_label": "Topic",
          "children": [],
          "content_blocks": [
            {
              "content_md": "**Bindusara** succeeded his father, **Chandragupta Maurya**. The Greek historian **Athenacus** calls him a **'slayer of foes'**. He conquered many parts of **South India** after defeating **sixteen rulers**. During his rule he faced a **revolt in Takshila**. It was quelled by his second son **Ashoka**, who was the governor there. **Bindusara** maintained friendly relations with the **rulers of Greece**."
            }
          ]
        },
        {
          "title": "ASHOKA",
          "sequence_number": 3,
          "depth": 1,
          "level_label": "Topic",
          "children": [
            {
              "title": "Kalinga War",
              "sequence_number": 1,
              "depth": 2,
              "level_label": "Subtopic",
              "children": [],
              "content_blocks": [
                {
                  "content_md": "After ascending the throne, **Ashoka** fought the famous **Kalinga War**. According to Megasthenes, the Greek historian at the court of Chandragupta Maurya, the ruler of Kalinga had a powerful army comprising infantry, cavalry and elephants. Ashoka faced tough resistance. According to the **Rock Edict-XIII**, both sides suffered losses, but people of Kalinga suffered the most. Though Ashoka won the war, it had far reaching consequences for him and his empire."
                }
              ]
            },
            {
              "title": "Consequences of Kalinga War",
              "sequence_number": 2,
              "depth": 2,
              "level_label": "Subtopic",
              "children": [],
              "content_blocks": [
                {
                  "content_md": "The **Kalinga War** had a profound effect on the policies and personality of **Ashoka**."
                },
                {
                  "content_md": "(i) The death and destruction caused by the Kalinga war brought about a great change in the personal and political life of Ashoka. He abandoned the policy of 'conquest by force' (**bherigosha**) and 'ambition of victory in all directions' (**Digvijay**) and embraced the policy of religion (**Dhammagosha**).\n(ii) Kalinga changed Ashoka's personal life. He stopped hunting and eating meat and abandoned the life of luxury.\n(iii) The prisoners of war were used for agricultural work. It resulted in an increase in production and brought about economic prosperity in his empire.\n(iv) Ashoka himself went on tours to preach **Buddhism** to people. He also sent missionaries to the various parts of the world. He sent his daughter, **Sanghamitra** and son, **Mahindra** to **Sri Lanka** to propagate **Buddhism**.\n(v) Ashoka, after the Kalinga War, embraced **Buddhism** and followed the Buddhist principles in his State Policy like non-violence and disapproval of empty rituals.\n(vi) He got erected several pillars and edicts to spread the teachings of **Buddhism**. He ordered the construction of 84,000 **Stupas** to keep the relics of Buddha. He gave donations to Buddhist **viharas**.\n(vii) On account of abandonment of war there was a decline in military preparedness and efficiency."
                }
              ]
            },
            {
              "title": "Extent of Ashoka's Empire",
              "sequence_number": 3,
              "depth": 2,
              "level_label": "Subtopic",
              "children": [],
              "content_blocks": [
                {
                  "content_md": "After his victory at **Kalinga**, **Ashoka's empire** extended from **Hindukush** in the north-west to **river Pennar** in the south. It also included some parts of **Nepal** in the north and **Kabul**, **Herat** and **Kandahar** provinces outside the present boundary of India.\n\n[Image: ASHOKA'S EMPIRE]"
                }
              ]
            }
          ],
          "content_blocks": []
        }
      ],
      "content_blocks": []
    },
    {
      "title": "MAURYAN ADMINISTRATION",
      "sequence_number": 4,
      "depth": 0,
      "level_label": "Section",
      "children": [
        {
          "title": "Pan-Indian Character",
          "sequence_number": 1,
          "depth": 1,
          "level_label": "Topic",
          "children": [],
          "content_blocks": [
            {
              "content_md": "The **Mauryan empire** beginning with **Chandragupta Maurya** was vast, with an **all-India character**.\n\nSeleucus, whom Chandragupta defeated in war, had handed him four provinces of **Kabul**, **Kandahar**, **Herat** and **Baluchistan**. These remained with the Mauryan empire right up to the end of **Ashoka's** rule. During **Bindusara's** rule, Ashoka reached **Takshila** and quelled the revolt there. After Bindusara had established his rule over **South India** no other king ever ruled over the whole of India. The fact that **Chandragupta Maurya** spent his last years at **Shravanabelagola** in **Karnataka** speaks volumes about the all India character of the Mauryan empire."
            },
            {
              "content_md": "The chief advantages of the **Pan-Indian character** of his empire were the following:\n(a) It marked the **end of small states**.\n(b) It helped in establishing **trade links with foreign countries**.\n(c) It made **India strong** and helped the Mauryan kings face **foreign aggressions successfully**.\n(d) After Ashoka's victory over Kalinga, the **era of conquests and wars was over**. It helped the Mauryan kings to pay more attention to social and economic life of the people. Hence, there was an **all-round economic prosperity**."
            }
          ]
        },
        {
          "title": "Administration",
          "sequence_number": 2,
          "depth": 1,
          "level_label": "Topic",
          "children": [],
          "content_blocks": [
            {
              "content_md": "It was **Chandragupta Maurya**, under the guidance of **Chanakya**, who laid the foundations of an elaborate system of administration. **Chanakya** wrote a book **‘Arthashastra’** in which he describes the principles of politics and the **art of administration**. Chandragupta’s son **Bindusara** retained the same system and **Ashoka** made some changes necessitated by the change of heart after the Kalinga War.\n\n(i) **Ashoka** added a new fifth province, **Kalinga** in the existing four provinces, with **Tosali** as its capital.\n(ii) The Mauryan centralised monarchy became a **paternal despotism** under Ashoka. In one of his Edicts, Ashoka says, **‘all men are my children’**.\n(iii) **Ashoka** simplified many rigorous practices related to administration regarding taxation and crop collection. This helped to increase productivity and economic activity across the Empire.\n(iv) **Ashoka** appointed **Mahamatras** (Governors) to look after the welfare of his subjects.\n\nMauryan administration had two main divisions—**Civil Administration** and **Military Administration**."
            }
          ]
        }
      ],
      "content_blocks": []
    },
    {
      "title": "ASHOKA'S DHAMMA",
      "sequence_number": 5,
      "depth": 0,
      "level_label": "Section",
      "children": [
        {
          "title": "Principles of Dhamma",
          "sequence_number": 1,
          "depth": 1,
          "level_label": "Topic",
          "children": [],
          "content_blocks": [
            {
              "content_md": "Ashoka's Dhamma has the following salient points:\n\n1.  **Respect for elders** and love for children.\n2.  **Ahimsa** or non-violence.\n3.  **Good deeds** or **good karma** would give happiness to man in the next birth.\n4.  He taught people to **respect all religions**.\n5.  He disapproved **empty rituals**."
            }
          ]
        },
        {
          "title": "MPACT OF DHAMMA ON\nSHOKA'S IMPERIAL POLICY",
          "sequence_number": 2,
          "depth": 1,
          "level_label": "Topic",
          "children": [],
          "content_blocks": [
            {
              "content_md": "1. **Religious unity:** People belonging to different religions followed their emperor's policy of **religious tolerance**.\n2. **Moral values:** People under the influence of **Dhamma** started living a moral life.\n3. **End of crimes:** The policy of **Ahimsa** did have a great moral impact on people. Thefts, crimes and other such activities almost came to an end.\n4. **Public welfare:** With the policy of conquests and wars having come to an end, **Ashoka's Dhamma** helped officials to undertake public welfare and public work schemes. This resulted in prosperity and helped people to lead a peaceful life."
            }
          ]
        }
      ],
      "content_blocks": []
    }
  ],
  "additional_sections": [
    {
      "title": "Civil Administration",
      "content_md": "Civil Administration: The Civil administration had two main divisions—the Central Government and the Provincial Government."
    },
    {
      "title": "(i) Central Government",
      "content_md": "(i) Central Government: The Mauryan government was centralised and was managed by several officers of different ranks. The king was the supreme authority and his throne was hereditary. He was also the supreme judge. Megasthenes, the Greek ambassador at the court of Chandragupta Maurya, in his book Indica and Chanakya in the Arthashastra, tell us about the Mauryan administration.\nAshoka brought about some changes in the administrative system of Chandragupta Maurya. He appointed Mahamatras (governors) to look after the welfare of his subjects.\nAt the central level, the king was assisted by the council of ministers (Mantri Parishad) headed by the Prime Minister. Each minister was responsible for his department. The council of ministers included the chief Pujari of the state called Purohit; Senapati, who advised the king on matters related to war and peace; the head treasurer called Sannidhata; and Samaharta, the taxation expert. The other important officers were Accountant General, one incharge of agriculture, Superintendent of mines, Superintendent of Ports, Controller of Commerce, as well as the Superintendent of Weights and Measures."
    },
    {
      "title": "(ii) Provincial Government",
      "content_md": "(ii) Provincial Government: Ashoka made alterations only in the central government and not in the provincial government. During his grandfather's time there were four provinces and after the addition of Kalinga in Ashoka's time, there were five provinces as shown below:\n\n| Province | Capital |\n| :--- | :--- |\n| 1. Magadha | Pataliputra |\n| 2. Gandhara (North-western Province) | Takshila |\n| 3. Avanti (Eastern Province) | Ujjain |\n| 4. Southern Province | Swarnagiri |\n| 5. Kalinga | Tosali |\n\nHead of the province was called Kumar or Aryaputra. Only the princes were appointed to this position. During Ashoka's time the Kumar was assisted by the Governor (Mahamatra). According to some rock and pillar edicts of Ashoka, besides the Mahamatra, other officers took active part in the administration of the provinces. Pradeshika collected taxes. Rajuka performed the functions of modern day Tehsildar or revenue officer. The Yukta was the treasurer."
    },
    {
      "title": "(iii) District Administration",
      "content_md": "(iii) District Administration: The provinces were divided into districts called Janapadas. Their administration was looked after by Pradeshika, Rajuka and Yukta."
    },
    {
      "title": "(iv) Administration of Cities",
      "content_md": "(iv) Administration of Cities: Important cities, the capitals of provinces as given earlier, had their own administrative system. The head of the city was called Nagaradhyaksha. According to Megasthenes, the administration of Pataliputra, the capital city of the Mauryan empire was looked after by a committee of 30 members."
    },
    {
      "title": "(v) The Revenue System",
      "content_md": "(v) The Revenue System: The land revenue was the chief source of income in the Mauryan empire. It was one-sixth to one-fourth of the produce. Two kinds of taxes, namely Bali and Bhaga are mentioned in the Edicts of Ashoka. Bhaga was levied on agricultural produce and the cattle at the rate of one-sixth. According to historians Vincent Smith and Shamashastri, Bali was a religious tribute.\nToll tax was imposed on articles which were brought for sale. Taxes were levied on liquor shops and gambling houses. Some taxes were collected from forests and mines. From the revenue collected, the state provided various facilities like roads, irrigation, hospitals and met other expenses of the state."
    },
    {
      "title": "(vi) The Spy System",
      "content_md": "(vi) The Spy System: Chandragupta Maurya had a wide network of spies in his empire. There were spies against the spies and on important matters more than one agent was asked to collect information. The king was always kept informed of the working of the bureaucracy."
    },
    {
      "title": "(vii) Military Administration",
      "content_md": "(vii) Military Administration: Chandragupta Maurya maintained a huge army consisting of infantry, cavalry, elephants and chariots. According to Megasthenes the Mauryan Army consisted of 6,00,000 infantry, 30,000 cavalry, and 9000 war-elephants. According to another source, the Mauryas maintained 8000 chariots. The chief weapons used were bows, arrows, shields, swords, etc.\nThe king was the commander-in-chief of the army. The whole army was under a military commission of thirty members. The Mauryas also had a well-laid recruitment policy. The soldiers were paid salary in cash. The Mauryan king had built forts at strategic places for safety and security of the empire."
    }
  ],
  "needs_review": [],
  "manifest": {
    "syllabus_leaves": [
      {
        "path": "THE MAURYAS",
        "path_titles": [
          "THE MAURYAS"
        ],
        "title": "THE MAURYAS",
        "sequence_number": 1,
        "depth": 0,
        "level_label": "Section",
        "has_notes": true
      },
      {
        "path": "SOURCES > LITERARY SOURCES > (i) Arthashastra of Kautilya",
        "path_titles": [
          "SOURCES",
          "LITERARY SOURCES",
          "(i) Arthashastra of Kautilya"
        ],
        "title": "(i) Arthashastra of Kautilya",
        "sequence_number": 1,
        "depth": 2,
        "level_label": "Subtopic",
        "has_notes": true
      },
      {
        "path": "SOURCES > LITERARY SOURCES > (ii) Indika",
        "path_titles": [
          "SOURCES",
          "LITERARY SOURCES",
          "(ii) Indika"
        ],
        "title": "(ii) Indika",
        "sequence_number": 2,
        "depth": 2,
        "level_label": "Subtopic",
        "has_notes": true
      },
      {
        "path": "SOURCES > ARCHAEOLOGICAL SOURCES > (i) Edicts of Ashoka",
        "path_titles": [
          "SOURCES",
          "ARCHAEOLOGICAL SOURCES",
          "(i) Edicts of Ashoka"
        ],
        "title": "(i) Edicts of Ashoka",
        "sequence_number": 1,
        "depth": 2,
        "level_label": "Subtopic",
        "has_notes": true
      },
      {
        "path": "SOURCES > ARCHAEOLOGICAL SOURCES > (ii) Sanchi Stupa",
        "path_titles": [
          "SOURCES",
          "ARCHAEOLOGICAL SOURCES",
          "(ii) Sanchi Stupa"
        ],
        "title": "(ii) Sanchi Stupa",
        "sequence_number": 2,
        "depth": 2,
        "level_label": "Subtopic",
        "has_notes": true
      },
      {
        "path": "THE MAURYAN EMPIRE > CHANDRAGUPTA MAURYA",
        "path_titles": [
          "THE MAURYAN EMPIRE",
          "CHANDRAGUPTA MAURYA"
        ],
        "title": "CHANDRAGUPTA MAURYA",
        "sequence_number": 1,
        "depth": 1,
        "level_label": "Topic",
        "has_notes": true
      },
      {
        "path": "THE MAURYAN EMPIRE > BINDUSARA",
        "path_titles": [
          "THE MAURYAN EMPIRE",
          "BINDUSARA"
        ],
        "title": "BINDUSARA",
        "sequence_number": 2,
        "depth": 1,
        "level_label": "Topic",
        "has_notes": true
      },
      {
        "path": "THE MAURYAN EMPIRE > ASHOKA > Kalinga War",
        "path_titles": [
          "THE MAURYAN EMPIRE",
          "ASHOKA",
          "Kalinga War"
        ],
        "title": "Kalinga War",
        "sequence_number": 1,
        "depth": 2,
        "level_label": "Subtopic",
        "has_notes": true
      },
      {
        "path": "THE MAURYAN EMPIRE > ASHOKA > Consequences of Kalinga War",
        "path_titles": [
          "THE MAURYAN EMPIRE",
          "ASHOKA",
          "Consequences of Kalinga War"
        ],
        "title": "Consequences of Kalinga War",
        "sequence_number": 2,
        "depth": 2,
        "level_label": "Subtopic",
        "has_notes": true
      },
      {
        "path": "THE MAURYAN EMPIRE > ASHOKA > Extent of Ashoka's Empire",
        "path_titles": [
          "THE MAURYAN EMPIRE",
          "ASHOKA",
          "Extent of Ashoka's Empire"
        ],
        "title": "Extent of Ashoka's Empire",
        "sequence_number": 3,
        "depth": 2,
        "level_label": "Subtopic",
        "has_notes": true
      },
      {
        "path": "MAURYAN ADMINISTRATION > Pan-Indian Character",
        "path_titles": [
          "MAURYAN ADMINISTRATION",
          "Pan-Indian Character"
        ],
        "title": "Pan-Indian Character",
        "sequence_number": 1,
        "depth": 1,
        "level_label": "Topic",
        "has_notes": true
      },
      {
        "path": "MAURYAN ADMINISTRATION > Administration",
        "path_titles": [
          "MAURYAN ADMINISTRATION",
          "Administration"
        ],
        "title": "Administration",
        "sequence_number": 2,
        "depth": 1,
        "level_label": "Topic",
        "has_notes": true
      },
      {
        "path": "ASHOKA'S DHAMMA > Principles of Dhamma",
        "path_titles": [
          "ASHOKA'S DHAMMA",
          "Principles of Dhamma"
        ],
        "title": "Principles of Dhamma",
        "sequence_number": 1,
        "depth": 1,
        "level_label": "Topic",
        "has_notes": true
      },
      {
        "path": "ASHOKA'S DHAMMA > MPACT OF DHAMMA ON\nSHOKA'S IMPERIAL POLICY",
        "path_titles": [
          "ASHOKA'S DHAMMA",
          "MPACT OF DHAMMA ON\nSHOKA'S IMPERIAL POLICY"
        ],
        "title": "MPACT OF DHAMMA ON\nSHOKA'S IMPERIAL POLICY",
        "sequence_number": 2,
        "depth": 1,
        "level_label": "Topic",
        "has_notes": true
      }
    ],
    "stray_leaves": [
      {
        "title": "Civil Administration",
        "insert_after_index": 17,
        "micro_topics": [],
        "has_notes": true
      },
      {
        "title": "(i) Central Government",
        "insert_after_index": 17,
        "micro_topics": [],
        "has_notes": true
      },
      {
        "title": "(ii) Provincial Government",
        "insert_after_index": 17,
        "micro_topics": [],
        "has_notes": true
      },
      {
        "title": "(iii) District Administration",
        "insert_after_index": 17,
        "micro_topics": [],
        "has_notes": true
      },
      {
        "title": "(iv) Administration of Cities",
        "insert_after_index": 17,
        "micro_topics": [],
        "has_notes": true
      },
      {
        "title": "(v) The Revenue System",
        "insert_after_index": 17,
        "micro_topics": [],
        "has_notes": true
      },
      {
        "title": "(vi) The Spy System",
        "insert_after_index": 17,
        "micro_topics": [],
        "has_notes": true
      },
      {
        "title": "(vii) Military Administration",
        "insert_after_index": 17,
        "micro_topics": [],
        "has_notes": true
      }
    ]
  }
}