{
  "syllabus_leaves": [
    {
      "path": "Rise of Dictatorships > Causes for the rise of Fascism > Discontentment after the Treaty of Versailles",
      "path_titles": [
        "Rise of Dictatorships",
        "Causes for the rise of Fascism",
        "Discontentment after the Treaty of Versailles"
      ],
      "title": "Discontentment after the Treaty of Versailles",
      "sequence_number": 1,
      "depth": 2,
      "level_label": "Subtopic",
      "has_notes": true
    },
    {
      "path": "Rise of Dictatorships > Causes for the rise of Fascism > Economic Crisis",
      "path_titles": [
        "Rise of Dictatorships",
        "Causes for the rise of Fascism",
        "Economic Crisis"
      ],
      "title": "Economic Crisis",
      "sequence_number": 2,
      "depth": 2,
      "level_label": "Subtopic",
      "has_notes": true
    },
    {
      "path": "Rise of Dictatorships > Causes for the rise of Fascism > Political Instability",
      "path_titles": [
        "Rise of Dictatorships",
        "Causes for the rise of Fascism",
        "Political Instability"
      ],
      "title": "Political Instability",
      "sequence_number": 3,
      "depth": 2,
      "level_label": "Subtopic",
      "has_notes": true
    },
    {
      "path": "Rise of Dictatorships > Causes for the rise of Fascism > Class Conflicts",
      "path_titles": [
        "Rise of Dictatorships",
        "Causes for the rise of Fascism",
        "Class Conflicts"
      ],
      "title": "Class Conflicts",
      "sequence_number": 4,
      "depth": 2,
      "level_label": "Subtopic",
      "has_notes": true
    },
    {
      "path": "Rise of Dictatorships > Causes for the rise of Fascism > Threat of Socialism or Communism",
      "path_titles": [
        "Rise of Dictatorships",
        "Causes for the rise of Fascism",
        "Threat of Socialism or Communism"
      ],
      "title": "Threat of Socialism or Communism",
      "sequence_number": 5,
      "depth": 2,
      "level_label": "Subtopic",
      "has_notes": true
    },
    {
      "path": "Rise of Dictatorships > Causes for the rise of Fascism > Failure of the League of Nations",
      "path_titles": [
        "Rise of Dictatorships",
        "Causes for the rise of Fascism",
        "Failure of the League of Nations"
      ],
      "title": "Failure of the League of Nations",
      "sequence_number": 6,
      "depth": 2,
      "level_label": "Subtopic",
      "has_notes": true
    },
    {
      "path": "Rise of Dictatorships > Causes for the rise of Fascism > Leadership Provided by Mussolini",
      "path_titles": [
        "Rise of Dictatorships",
        "Causes for the rise of Fascism",
        "Leadership Provided by Mussolini"
      ],
      "title": "Leadership Provided by Mussolini",
      "sequence_number": 7,
      "depth": 2,
      "level_label": "Subtopic",
      "has_notes": true
    },
    {
      "path": "Rise of Dictatorships > Aims of Fascism > Fascism was the antithesis of democracy.",
      "path_titles": [
        "Rise of Dictatorships",
        "Aims of Fascism",
        "Fascism was the antithesis of democracy."
      ],
      "title": "Fascism was the antithesis of democracy.",
      "sequence_number": 1,
      "depth": 2,
      "level_label": "Subtopic",
      "has_notes": true
    },
    {
      "path": "Rise of Dictatorships > Aims of Fascism > Fascists supported one party and one leader.",
      "path_titles": [
        "Rise of Dictatorships",
        "Aims of Fascism",
        "Fascists supported one party and one leader."
      ],
      "title": "Fascists supported one party and one leader.",
      "sequence_number": 2,
      "depth": 2,
      "level_label": "Subtopic",
      "has_notes": true
    },
    {
      "path": "Rise of Dictatorships > Aims of Fascism > Fascists favoured equal control over all sections of society.",
      "path_titles": [
        "Rise of Dictatorships",
        "Aims of Fascism",
        "Fascists favoured equal control over all sections of society."
      ],
      "title": "Fascists favoured equal control over all sections of society.",
      "sequence_number": 3,
      "depth": 2,
      "level_label": "Subtopic",
      "has_notes": true
    },
    {
      "path": "Rise of Dictatorships > Aims of Fascism > Fascists laid stress on nationalism and not on individual institutions.",
      "path_titles": [
        "Rise of Dictatorships",
        "Aims of Fascism",
        "Fascists laid stress on nationalism and not on individual institutions."
      ],
      "title": "Fascists laid stress on nationalism and not on individual institutions.",
      "sequence_number": 4,
      "depth": 2,
      "level_label": "Subtopic",
      "has_notes": true
    },
    {
      "path": "Rise of Dictatorships > Aims of Fascism > They believed that the interests of the State must get precedence over individual interests because an individual gets all the rights from the State.",
      "path_titles": [
        "Rise of Dictatorships",
        "Aims of Fascism",
        "They believed that the interests of the State must get precedence over individual interests because an individual gets all the rights from the State."
      ],
      "title": "They believed that the interests of the State must get precedence over individual interests because an individual gets all the rights from the State.",
      "sequence_number": 5,
      "depth": 2,
      "level_label": "Subtopic",
      "has_notes": true
    },
    {
      "path": "Rise of Dictatorships > Aims of Fascism > Fascists regarded quality more important than quantity and therefore, opposed that form of democracy which equates a nation to the majority.",
      "path_titles": [
        "Rise of Dictatorships",
        "Aims of Fascism",
        "Fascists regarded quality more important than quantity and therefore, opposed that form of democracy which equates a nation to the majority."
      ],
      "title": "Fascists regarded quality more important than quantity and therefore, opposed that form of democracy which equates a nation to the majority.",
      "sequence_number": 6,
      "depth": 2,
      "level_label": "Subtopic",
      "has_notes": true
    },
    {
      "path": "Rise of Dictatorships > Aims of Fascism > Fascists favoured aggressive foreign",
      "path_titles": [
        "Rise of Dictatorships",
        "Aims of Fascism",
        "Fascists favoured aggressive foreign"
      ],
      "title": "Fascists favoured aggressive foreign",
      "sequence_number": 7,
      "depth": 2,
      "level_label": "Subtopic",
      "has_notes": true
    },
    {
      "path": "Rise of Dictatorships > Fascism in Italy > Background",
      "path_titles": [
        "Rise of Dictatorships",
        "Fascism in Italy",
        "Background"
      ],
      "title": "Background",
      "sequence_number": 1,
      "depth": 2,
      "level_label": "Subtopic",
      "has_notes": true
    },
    {
      "path": "Rise of Dictatorships > Fascism in Italy > Rise of Mussolini > Five members of the Fascist Party to be included in the Cabinet",
      "path_titles": [
        "Rise of Dictatorships",
        "Fascism in Italy",
        "Rise of Mussolini",
        "Five members of the Fascist Party to be included in the Cabinet"
      ],
      "title": "Five members of the Fascist Party to be included in the Cabinet",
      "sequence_number": 1,
      "depth": 3,
      "level_label": "Point",
      "has_notes": false
    },
    {
      "path": "Rise of Dictatorships > Fascism in Italy > Rise of Mussolini > New elections to be announced",
      "path_titles": [
        "Rise of Dictatorships",
        "Fascism in Italy",
        "Rise of Mussolini",
        "New elections to be announced"
      ],
      "title": "New elections to be announced",
      "sequence_number": 2,
      "depth": 3,
      "level_label": "Point",
      "has_notes": true
    },
    {
      "path": "Rise of Dictatorships > Fascism in Italy > Rise of Mussolini > The Government should act firmly on its foreign policy",
      "path_titles": [
        "Rise of Dictatorships",
        "Fascism in Italy",
        "Rise of Mussolini",
        "The Government should act firmly on its foreign policy"
      ],
      "title": "The Government should act firmly on its foreign policy",
      "sequence_number": 3,
      "depth": 3,
      "level_label": "Point",
      "has_notes": false
    },
    {
      "path": "Rise of Dictatorships > Fascism in Italy > Rise of Mussolini > Economic reforms to be implemented as early as possible.",
      "path_titles": [
        "Rise of Dictatorships",
        "Fascism in Italy",
        "Rise of Mussolini",
        "Economic reforms to be implemented as early as possible."
      ],
      "title": "Economic reforms to be implemented as early as possible.",
      "sequence_number": 4,
      "depth": 3,
      "level_label": "Point",
      "has_notes": false
    },
    {
      "path": "Rise of Dictatorships > Fascism in Italy > End of Fascism in Italy",
      "path_titles": [
        "Rise of Dictatorships",
        "Fascism in Italy",
        "End of Fascism in Italy"
      ],
      "title": "End of Fascism in Italy",
      "sequence_number": 3,
      "depth": 2,
      "level_label": "Subtopic",
      "has_notes": true
    },
    {
      "path": "Rise of Dictatorships > Fascism in Italy > Impact of Fascism > Mussolini devoted himself to make Italy a powerful nation and carried out administrative",
      "path_titles": [
        "Rise of Dictatorships",
        "Fascism in Italy",
        "Impact of Fascism",
        "Mussolini devoted himself to make Italy a powerful nation and carried out administrative"
      ],
      "title": "Mussolini devoted himself to make Italy a powerful nation and carried out administrative",
      "sequence_number": 1,
      "depth": 3,
      "level_label": "Point",
      "has_notes": true
    },
    {
      "path": "Rise of Dictatorships > Nazi Dictatorship in Germany > Background",
      "path_titles": [
        "Rise of Dictatorships",
        "Nazi Dictatorship in Germany",
        "Background"
      ],
      "title": "Background",
      "sequence_number": 1,
      "depth": 2,
      "level_label": "Subtopic",
      "has_notes": true
    },
    {
      "path": "Rise of Dictatorships > Nazi Dictatorship in Germany > Hitler's Rise To Power",
      "path_titles": [
        "Rise of Dictatorships",
        "Nazi Dictatorship in Germany",
        "Hitler's Rise To Power"
      ],
      "title": "Hitler's Rise To Power",
      "sequence_number": 2,
      "depth": 2,
      "level_label": "Subtopic",
      "has_notes": true
    },
    {
      "path": "Rise of Dictatorships > Nazi Dictatorship in Germany > Fall of Hitler",
      "path_titles": [
        "Rise of Dictatorships",
        "Nazi Dictatorship in Germany",
        "Fall of Hitler"
      ],
      "title": "Fall of Hitler",
      "sequence_number": 3,
      "depth": 2,
      "level_label": "Subtopic",
      "has_notes": true
    },
    {
      "path": "Rise of Dictatorships > Causes for the Rise of Nazism > Humiliating Treaty of Versailles",
      "path_titles": [
        "Rise of Dictatorships",
        "Causes for the Rise of Nazism",
        "Humiliating Treaty of Versailles"
      ],
      "title": "Humiliating Treaty of Versailles",
      "sequence_number": 1,
      "depth": 2,
      "level_label": "Subtopic",
      "has_notes": true
    },
    {
      "path": "Rise of Dictatorships > Causes for the Rise of Nazism > Growing Fear of Communism",
      "path_titles": [
        "Rise of Dictatorships",
        "Causes for the Rise of Nazism",
        "Growing Fear of Communism"
      ],
      "title": "Growing Fear of Communism",
      "sequence_number": 2,
      "depth": 2,
      "level_label": "Subtopic",
      "has_notes": true
    },
    {
      "path": "Rise of Dictatorships > Causes for the Rise of Nazism > Economic Crisis",
      "path_titles": [
        "Rise of Dictatorships",
        "Causes for the Rise of Nazism",
        "Economic Crisis"
      ],
      "title": "Economic Crisis",
      "sequence_number": 3,
      "depth": 2,
      "level_label": "Subtopic",
      "has_notes": true
    },
    {
      "path": "Rise of Dictatorships > Causes for the Rise of Nazism > Resurgence of Militant Nationalism",
      "path_titles": [
        "Rise of Dictatorships",
        "Causes for the Rise of Nazism",
        "Resurgence of Militant Nationalism"
      ],
      "title": "Resurgence of Militant Nationalism",
      "sequence_number": 4,
      "depth": 2,
      "level_label": "Subtopic",
      "has_notes": true
    },
    {
      "path": "Rise of Dictatorships > Causes for the Rise of Nazism > Anti-Semitic Propaganda",
      "path_titles": [
        "Rise of Dictatorships",
        "Causes for the Rise of Nazism",
        "Anti-Semitic Propaganda"
      ],
      "title": "Anti-Semitic Propaganda",
      "sequence_number": 5,
      "depth": 2,
      "level_label": "Subtopic",
      "has_notes": true
    },
    {
      "path": "Rise of Dictatorships > Causes for the Rise of Nazism > Absence of Strong Opposition",
      "path_titles": [
        "Rise of Dictatorships",
        "Causes for the Rise of Nazism",
        "Absence of Strong Opposition"
      ],
      "title": "Absence of Strong Opposition",
      "sequence_number": 6,
      "depth": 2,
      "level_label": "Subtopic",
      "has_notes": true
    },
    {
      "path": "Rise of Dictatorships > Causes for the Rise of Nazism > Establishment of Volunteer Corps",
      "path_titles": [
        "Rise of Dictatorships",
        "Causes for the Rise of Nazism",
        "Establishment of Volunteer Corps"
      ],
      "title": "Establishment of Volunteer Corps",
      "sequence_number": 7,
      "depth": 2,
      "level_label": "Subtopic",
      "has_notes": true
    },
    {
      "path": "Rise of Dictatorships > Causes for the Rise of Nazism > Charismatic Personality of Hitler",
      "path_titles": [
        "Rise of Dictatorships",
        "Causes for the Rise of Nazism",
        "Charismatic Personality of Hitler"
      ],
      "title": "Charismatic Personality of Hitler",
      "sequence_number": 8,
      "depth": 2,
      "level_label": "Subtopic",
      "has_notes": true
    },
    {
      "path": "Rise of Dictatorships > Aims of Nazism > To exalt nationalism",
      "path_titles": [
        "Rise of Dictatorships",
        "Aims of Nazism",
        "To exalt nationalism"
      ],
      "title": "To exalt nationalism",
      "sequence_number": 1,
      "depth": 2,
      "level_label": "Subtopic",
      "has_notes": false
    },
    {
      "path": "Rise of Dictatorships > Aims of Nazism > To advocate the rule by a great leader from a single party",
      "path_titles": [
        "Rise of Dictatorships",
        "Aims of Nazism",
        "To advocate the rule by a great leader from a single party"
      ],
      "title": "To advocate the rule by a great leader from a single party",
      "sequence_number": 2,
      "depth": 2,
      "level_label": "Subtopic",
      "has_notes": true
    },
    {
      "path": "Rise of Dictatorships > Aims of Nazism > To despise internationalism, peace and democracy",
      "path_titles": [
        "Rise of Dictatorships",
        "Aims of Nazism",
        "To despise internationalism, peace and democracy"
      ],
      "title": "To despise internationalism, peace and democracy",
      "sequence_number": 3,
      "depth": 2,
      "level_label": "Subtopic",
      "has_notes": true
    },
    {
      "path": "Rise of Dictatorships > Aims of Nazism > To use force and brutality",
      "path_titles": [
        "Rise of Dictatorships",
        "Aims of Nazism",
        "To use force and brutality"
      ],
      "title": "To use force and brutality",
      "sequence_number": 4,
      "depth": 2,
      "level_label": "Subtopic",
      "has_notes": true
    },
    {
      "path": "Rise of Dictatorships > Aims of Nazism > To extol war",
      "path_titles": [
        "Rise of Dictatorships",
        "Aims of Nazism",
        "To extol war"
      ],
      "title": "To extol war",
      "sequence_number": 5,
      "depth": 2,
      "level_label": "Subtopic",
      "has_notes": true
    },
    {
      "path": "Rise of Dictatorships > Aims of Nazism > To uphold the racial supremacy of the Germans and to hate Jews.",
      "path_titles": [
        "Rise of Dictatorships",
        "Aims of Nazism",
        "To uphold the racial supremacy of the Germans and to hate Jews."
      ],
      "title": "To uphold the racial supremacy of the Germans and to hate Jews.",
      "sequence_number": 6,
      "depth": 2,
      "level_label": "Subtopic",
      "has_notes": true
    },
    {
      "path": "Rise of Dictatorships > Impact of Nazism > Established a Totalitarian State",
      "path_titles": [
        "Rise of Dictatorships",
        "Impact of Nazism",
        "Established a Totalitarian State"
      ],
      "title": "Established a Totalitarian State",
      "sequence_number": 1,
      "depth": 2,
      "level_label": "Subtopic",
      "has_notes": true
    },
    {
      "path": "Rise of Dictatorships > Impact of Nazism > Economic Reforms",
      "path_titles": [
        "Rise of Dictatorships",
        "Impact of Nazism",
        "Economic Reforms"
      ],
      "title": "Economic Reforms",
      "sequence_number": 2,
      "depth": 2,
      "level_label": "Subtopic",
      "has_notes": true
    },
    {
      "path": "Rise of Dictatorships > Impact of Nazism > Militarism and Compulsory Military Training",
      "path_titles": [
        "Rise of Dictatorships",
        "Impact of Nazism",
        "Militarism and Compulsory Military Training"
      ],
      "title": "Militarism and Compulsory Military Training",
      "sequence_number": 3,
      "depth": 2,
      "level_label": "Subtopic",
      "has_notes": true
    },
    {
      "path": "Rise of Dictatorships > Impact of Nazism > Repudiated Peace Treaties",
      "path_titles": [
        "Rise of Dictatorships",
        "Impact of Nazism",
        "Repudiated Peace Treaties"
      ],
      "title": "Repudiated Peace Treaties",
      "sequence_number": 4,
      "depth": 2,
      "level_label": "Subtopic",
      "has_notes": true
    },
    {
      "path": "Rise of Dictatorships > Impact of Nazism > Acquisition of Territories",
      "path_titles": [
        "Rise of Dictatorships",
        "Impact of Nazism",
        "Acquisition of Territories"
      ],
      "title": "Acquisition of Territories",
      "sequence_number": 5,
      "depth": 2,
      "level_label": "Subtopic",
      "has_notes": true
    },
    {
      "path": "Rise of Dictatorships > Impact of Nazism > Racial Supremacy",
      "path_titles": [
        "Rise of Dictatorships",
        "Impact of Nazism",
        "Racial Supremacy"
      ],
      "title": "Racial Supremacy",
      "sequence_number": 6,
      "depth": 2,
      "level_label": "Subtopic",
      "has_notes": true
    },
    {
      "path": "Rise of Dictatorships > Impact of Nazism > Negative Aspects",
      "path_titles": [
        "Rise of Dictatorships",
        "Impact of Nazism",
        "Negative Aspects"
      ],
      "title": "Negative Aspects",
      "sequence_number": 7,
      "depth": 2,
      "level_label": "Subtopic",
      "has_notes": true
    },
    {
      "path": "Rise of Dictatorships > Similarity Between the Causes of Fascism and Nazism",
      "path_titles": [
        "Rise of Dictatorships",
        "Similarity Between the Causes of Fascism and Nazism"
      ],
      "title": "Similarity Between the Causes of Fascism and Nazism",
      "sequence_number": 8,
      "depth": 1,
      "level_label": "Topic",
      "has_notes": false
    },
    {
      "path": "Rise of Dictatorships > Similarity Between the Ideologies of Fascism and Nazism",
      "path_titles": [
        "Rise of Dictatorships",
        "Similarity Between the Ideologies of Fascism and Nazism"
      ],
      "title": "Similarity Between the Ideologies of Fascism and Nazism",
      "sequence_number": 9,
      "depth": 1,
      "level_label": "Topic",
      "has_notes": true
    }
  ],
  "stray_leaves": [
    {
      "title": "FASCISM",
      "insert_after_index": 0,
      "micro_topics": [],
      "has_notes": true
    }
  ]
}